<?xml version="1.0" encoding="utf-8"?>
<COLLADA xmlns="http://www.collada.org/2005/11/COLLADASchema" version="1.4.1" xmlns:xsi="http://www.w3.org/2001/XMLSchema-instance">
  <asset>
    <contributor>
      <author>Blender User</author>
      <authoring_tool>Blender 4.1.1 commit date:2024-04-15, commit time:15:11, hash:e1743a0317bc</authoring_tool>
    </contributor>
    <created>2024-06-24T14:44:51</created>
    <modified>2024-06-24T14:44:51</modified>
    <unit name="meter" meter="1"/>
    <up_axis>Z_UP</up_axis>
  </asset>
  <library_effects>
    <effect id="marron_001-effect">
      <profile_COMMON>
        <technique sid="common">
          <lambert>
            <emission>
              <color sid="emission">0 0 0 1</color>
            </emission>
            <diffuse>
              <color sid="diffuse">0.592558 0.115975 0.0126037 1</color>
            </diffuse>
            <index_of_refraction>
              <float sid="ior">1.5</float>
            </index_of_refraction>
          </lambert>
        </technique>
      </profile_COMMON>
    </effect>
    <effect id="_BRANCO_004-effect">
      <profile_COMMON>
        <technique sid="common">
          <lambert>
            <emission>
              <color sid="emission">0 0 0 1</color>
            </emission>
            <diffuse>
              <color sid="diffuse">0.8 0.8 0.8 1</color>
            </diffuse>
            <index_of_refraction>
              <float sid="ior">1.45</float>
            </index_of_refraction>
          </lambert>
        </technique>
      </profile_COMMON>
    </effect>
    <effect id="metal_002-effect">
      <profile_COMMON>
        <technique sid="common">
          <lambert>
            <emission>
              <color sid="emission">0 0 0 1</color>
            </emission>
            <diffuse>
              <color sid="diffuse">1 1 1 1</color>
            </diffuse>
            <reflectivity>
              <float sid="specular">1</float>
            </reflectivity>
            <index_of_refraction>
              <float sid="ior">1.5</float>
            </index_of_refraction>
          </lambert>
        </technique>
      </profile_COMMON>
    </effect>
  </library_effects>
  <library_images/>
  <library_materials>
    <material id="marron_001-material" name="marron.001">
      <instance_effect url="#marron_001-effect"/>
    </material>
    <material id="_BRANCO_004-material" name="_BRANCO.004">
      <instance_effect url="#_BRANCO_004-effect"/>
    </material>
    <material id="metal_002-material" name="metal.002">
      <instance_effect url="#metal_002-effect"/>
    </material>
  </library_materials>
  <library_geometries>
    <geometry id="marron-material-mesh" name="marron-material">
      <mesh>
        <source id="marron-material-mesh-positions">
          <float_array id="marron-material-mesh-positions-array" count="9075">0.001017451 -0.001472651 0.009253501 0.001616179 -0.001855611 0.009253501 0.001357257 -0.002050578 0.009253501 0.001017451 -0.001728534 0.009253501 -9.86113e-4 0.0014714 0.009253501 -0.001584649 0.001854419 0.009253501 -0.001325845 0.002049386 0.009253501 -9.86113e-4 0.001727342 0.009253501 -9.86113e-4 0.001489341 0.009271442 -9.86113e-4 0.001709342 0.009271442 0.001017451 -0.001490592 0.009271442 0.001017451 -0.001710593 0.009271442 0.001017451 0.001489341 0.009271442 0.001017451 0.001709342 0.009271442 0.001017451 9.09403e-4 0.009271442 0.001017451 6.8941e-4 0.009271442 0.001065254 9.13345e-4 0.009271442 0.001101493 6.96324e-4 0.009271442 0.001111686 9.25087e-4 0.009271442 0.001183152 7.17007e-4 0.009271442 0.001155555 9.44339e-4 0.009271442 0.00126028 7.50855e-4 0.009271442 0.001195669 9.70565e-4 0.009271442 0.001330792 7.96937e-4 0.009271442 0.001230835 0.001002967 0.009271442 0.001392781 8.53978e-4 0.009271442 0.00126034 0.001040756 0.009271442 0.001444578 9.20438e-4 0.009271442 0.001283049 0.001082897 0.009271442 0.001484572 9.94526e-4 0.009271442 0.001298666 0.001128196 0.009271442 0.001511991 0.001074194 0.009271442 0.001306593 0.001175403 0.009271442 0.001525878 0.001157224 0.009271442 0.001306593 0.001223325 0.009271442 0.001525878 0.001241505 0.009271442 0.001298666 0.001270532 0.009271442 0.001511991 0.001324594 0.009271442 0.001283049 0.001315832 0.009271442 0.001484572 0.001404225 0.009271442 0.00126034 0.001357972 0.009271442 0.001444578 0.001478314 0.009271442 0.001230835 0.001395761 0.009271442 0.001392781 0.001544773 0.009271442 0.001195669 0.001428246 0.009271442 0.001330792 0.001601815 0.009271442 0.001155555 0.001454412 0.009271442 0.00126028 0.001647889 0.009271442 0.001111686 0.001473665 0.009271442 0.001183152 0.001681745 0.009271442 0.001065254 0.001485407 0.009271442 0.001101493 0.001702427 0.009271442 -9.86113e-4 9.09403e-4 0.009271442 -9.86113e-4 6.8941e-4 0.009271442 -0.001033902 6.85416e-4 0.009271442 -0.001069962 9.02437e-4 0.009271442 -0.001080274 6.73674e-4 0.009271442 -0.00115168 8.81754e-4 0.009271442 -0.001124203 6.54414e-4 0.009271442 -0.001228749 8.47898e-4 0.009271442 -0.001164197 6.28255e-4 0.009271442 -0.001299262 8.01824e-4 0.009271442 -0.001199483 5.95823e-4 0.009271442 -0.00136125 7.44775e-4 0.009271442 -0.001228868 5.57974e-4 0.009271442 -0.001413047 6.78316e-4 0.009271442 -0.001251697 5.15893e-4 0.009271442 -0.001453161 6.04234e-4 0.009271442 -0.001267254 4.70593e-4 0.009271442 -0.00148046 5.24595e-4 0.009271442 -0.001275062 4.23334e-4 0.009271442 -0.001494348 4.41514e-4 0.009271442 -0.001275062 3.75405e-4 0.009271442 -0.001494348 3.57285e-4 0.009271442 -0.001267254 3.28205e-4 0.009271442 -0.00148046 2.74204e-4 0.009271442 -0.001251697 2.82906e-4 0.009271442 -0.001453161 1.94505e-4 0.009271442 -0.001228868 2.40765e-4 0.009271442 -0.001413047 1.20424e-4 0.009271442 -0.001199483 2.02976e-4 0.009271442 -0.00136125 5.39644e-5 0.009271442 -0.001164197 1.70544e-4 0.009271442 -0.001299262 -3.08472e-6 0.009271442 -0.001124203 1.44325e-4 0.009271442 -0.001228749 -4.91516e-5 0.009271442 -0.001080274 1.25125e-4 0.009271442 -0.00115168 -8.29549e-5 0.009271442 -0.001033902 1.13323e-4 0.009271442 -0.001069962 -1.03638e-4 0.009271442 -9.86113e-4 1.09397e-4 0.009271442 -9.86113e-4 -1.10604e-4 0.009271442 0.001017451 -1.10604e-4 0.009271442 0.001017451 1.09397e-4 0.009271442 0.001017451 -6.90624e-4 0.009271442 0.001017451 -9.10625e-4 0.009271442 0.001065254 -6.86683e-4 0.009271442 0.001101493 -9.03644e-4 0.009271442 0.001111686 -6.74881e-4 0.009271442 0.001183152 -8.82961e-4 0.009271442 0.001155555 -6.55636e-4 0.009271442 0.00126028 -8.49165e-4 0.009271442 0.001195669 -6.29462e-4 0.009271442 0.001330792 -8.03091e-4 0.009271442 0.001230835 -5.97045e-4 0.009271442 0.001392781 -7.46056e-4 0.009271442 0.00126034 -5.59255e-4 0.009271442 0.001444578 -6.7953e-4 0.009271442 0.001283049 -5.17115e-4 0.009271442 0.001484572 -6.05501e-4 0.009271442 0.001298666 -4.71815e-4 0.009271442 0.001511991 -5.25817e-4 0.009271442 0.001306593 -4.24541e-4 0.009271442 0.001525878 -4.42721e-4 0.009271442 0.001306593 -3.76686e-4 0.009271442 0.001525878 -3.58507e-4 0.009271442 0.001298666 -3.29412e-4 0.009271442 0.001511991 -2.75411e-4 0.009271442 0.001283049 -2.84113e-4 0.009271442 0.001484572 -1.95727e-4 0.009271442 0.00126034 -2.41972e-4 0.009271442 0.001444578 -1.2169e-4 0.009271442 0.001230835 -2.04183e-4 0.009271442 0.001392781 -5.51714e-5 0.009271442 0.001195669 -1.71766e-4 0.009271442 0.001330792 1.86282e-6 0.009271442 0.001155555 -1.45592e-4 0.009271442 0.00126028 4.79447e-5 0.009271442 0.001111686 -1.26347e-4 0.009271442 0.001183152 8.1733e-5 0.009271442 0.001065254 -1.14545e-4 0.009271442 0.001101493 1.02416e-4 0.009271442 -9.86113e-4 -6.90624e-4 0.009271442 -9.86113e-4 -9.10625e-4 0.009271442 -0.001033902 -9.14552e-4 0.009271442 -0.001069962 -6.97591e-4 0.009271442 -0.001080274 -9.26294e-4 0.009271442 -0.00115168 -7.18214e-4 0.009271442 -0.001124203 -9.45546e-4 0.009271442 -0.001228749 -7.52077e-4 0.009271442 -0.001164197 -9.71772e-4 0.009271442 -0.001299262 -7.98144e-4 0.009271442 -0.001199483 -0.001004159 0.009271442 -0.00136125 -8.55185e-4 0.009271442 -0.001228868 -0.001041948 0.009271442 -0.001413047 -9.21645e-4 0.009271442 -0.001251697 -0.001084089 0.009271442 -0.001453161 -9.95733e-4 0.009271442 -0.001267254 -0.001129388 0.009271442 -0.00148046 -0.001075387 0.009271442 -0.001275062 -0.001176595 0.009271442 -0.001494348 -0.001158475 0.009271442 -0.001275062 -0.001224517 0.009271442 -0.001494348 -0.001242697 0.009271442 -0.001267254 -0.001271784 0.009271442 -0.00148046 -0.001325786 0.009271442 -0.001251697 -0.001317083 0.009271442 -0.001453161 -0.001405417 0.009271442 -0.001228868 -0.001359164 0.009271442 -0.001413047 -0.001479506 0.009271442 -0.001199483 -0.001397013 0.009271442 -0.00136125 -0.001545965 0.009271442 -0.001164197 -0.001429438 0.009271442 -0.001299262 -0.001603007 0.009271442 -0.001124203 -0.001455605 0.009271442 -0.001228749 -0.001649081 0.009271442 -0.001080274 -0.001474857 0.009271442 -0.00115168 -0.001682937 0.009271442 -0.001033902 -0.001486599 0.009271442 -0.001069962 -0.001703619 0.009271442 -9.86113e-4 -0.001490592 0.009271442 -9.86113e-4 -0.001710593 0.009271442 0.002108693 0.001272857 0.009253501 0.001885175 0.00158292 0.009253501 0.001104354 1.20126e-4 0.009253501 0.001017451 -0.001472651 0.009253501 0.001017451 -0.001472651 0.009253501 0.002108693 -0.001274049 0.009253501 0.001885175 -0.001584112 0.009253501 0.001616179 -0.001855611 0.009253501 0.002458155 -1.91725e-4 0.009253501 0.002281248 -9.33036e-4 0.009253501 0.002398788 -5.69321e-4 0.009253501 0.001357257 -0.002050578 0.009253501 0.001017451 -0.001728534 0.009253501 -0.001325845 -0.002050578 0.009253501 -0.002077281 0.001272857 0.009253501 -9.86113e-4 0.0014714 0.009253501 -0.001853704 0.00158292 0.009253501 -0.001584649 0.001854419 0.009253501 -0.001325845 0.002049386 0.009253501 -9.86113e-4 0.001727342 0.009253501 -9.86113e-4 0.001727342 0.009253501 0.001357257 0.002049386 0.009253501 0.001616179 0.001854419 0.009253501 0.002458155 1.90519e-4 0.009253501 0.002398788 5.68115e-4 0.009253501 0.002281248 9.31815e-4 0.009253501 -0.002249896 9.31814e-4 0.009253501 -0.002367258 5.68114e-4 0.009253501 -0.002426803 1.90519e-4 0.009253501 -0.002249896 -9.33037e-4 0.009253501 -0.002077281 -0.001274049 0.009253501 -0.001584649 -0.001855611 0.009253501 -0.001512289 3.55795e-4 0.009253501 -0.001512289 4.43004e-4 0.009253501 -9.86113e-4 1.27338e-4 0.009253501 -0.002367258 -5.69322e-4 0.009253501 -0.002426803 -1.91726e-4 0.009253501 0.001017451 1.27338e-4 0.009253501 -0.001853704 -0.001584112 0.009253501 -0.001030862 1.31026e-4 0.009253501 0.001288652 -4.23051e-4 0.009253501 0.001017451 -6.72676e-4 0.009253501 0.001062393 -6.6892e-4 0.009253501 0.001105844 -6.57894e-4 0.009253501 0.00138688 -0.002150595 0.009153485 0.00138688 -0.002150595 0.009153485 0.00138688 -0.002150595 0.007153451 0.00138688 -0.002150595 0.007153451 0.00138688 -0.002150595 0.007153451 0.001681447 -0.001931309 0.009153485 0.001725494 -0.001892447 0.007153451 0.001725494 -0.001892447 0.007153451 0.001725494 -0.001892447 0.009153485 0.001961469 -0.001648724 0.009153485 0.002016484 -0.001581549 0.007153451 0.002016484 -0.001581549 0.007153451 0.002016484 -0.001581549 0.009153485 0.002194046 -0.001326024 0.009153485 0.002251684 -0.001226544 0.007153451 0.002251684 -0.001226544 0.007153451 0.002251684 -0.001226544 0.009153485 0.002373754 -9.71116e-4 0.009153485 0.002424478 -8.37423e-4 0.007153451 0.002424478 -8.37423e-4 0.007153451 0.002424478 -8.37423e-4 0.009153485 0.002496063 -5.92515e-4 0.009153485 0.002530157 -4.24966e-4 0.007153451 0.002530157 -4.24966e-4 0.007153451 0.002530157 -4.24966e-4 0.009153485 0.002557992 -1.99534e-4 0.009153485 0.002565681 -6.32955e-7 0.007153451 0.002565681 -6.32955e-7 0.007153451 0.002565681 -6.32955e-7 0.009153485 0.002557992 1.98327e-4 0.009153485 0.002530157 4.23685e-4 0.007153451 0.002530157 4.23685e-4 0.007153451 0.002530157 4.23685e-4 0.009153485 0.002496063 5.91293e-4 0.009153485 0.002424478 8.36216e-4 0.007153451 0.002424478 8.36216e-4 0.007153451 0.002424478 8.36216e-4 0.009153485 0.002373754 9.6991e-4 0.009153485 0.002251684 0.001225352 0.007153451 0.002251684 0.001225352 0.007153451 0.002251684 0.001225352 0.009153485 0.002194046 0.001324832 0.009153485 0.002016484 0.001580357 0.007153451 0.002016484 0.001580357 0.007153451 0.002016484 0.001580357 0.009153485 0.001961469 0.001647531 0.009153485 0.001725494 0.001891255 0.007153451 0.001725494 0.001891255 0.007153451 0.001725494 0.001891255 0.009153485 0.001681447 0.001930117 0.009153485 0.00138688 0.002149343 0.007153451 0.00138688 0.002149343 0.007153451 0.00138688 0.002149343 0.007153451 0.00138688 0.002149343 0.009153485 0.00138688 0.002149343 0.009153485 -0.00135535 0.002149343 0.009153485 -0.00135535 0.002149343 0.009153485 -0.00135535 0.002149343 0.007153451 -0.00135535 0.002149343 0.007153451 -0.00135535 0.002149343 0.007153451 -0.001649975 0.001930117 0.009153485 -0.001694083 0.001891255 0.007153451 -0.001694083 0.001891255 0.007153451 -0.001694083 0.001891255 0.009153485 -0.001929998 0.001647531 0.009153485 -0.001984953 0.001580357 0.007153451 -0.001984953 0.001580357 0.007153451 -0.001984953 0.001580357 0.009153485 -0.002162694 0.001324832 0.009153485 -0.002220153 0.001225352 0.007153451 -0.002220153 0.001225352 0.007153451 -0.002220153 0.001225352 0.009153485 -0.002342402 9.69909e-4 0.009153485 -0.002392947 8.36216e-4 0.007153451 -0.002392947 8.36216e-4 0.007153451 -0.002392947 8.36216e-4 0.009153485 -0.002464592 5.91293e-4 0.009153485 -0.002498686 4.23684e-4 0.007153451 -0.002498686 4.23684e-4 0.007153451 -0.002498686 4.23684e-4 0.009153485 -0.002526462 1.98327e-4 0.009153485 -0.00253427 -6.3364e-7 0.007153451 -0.00253427 -6.3364e-7 0.007153451 -0.00253427 -6.3364e-7 0.009153485 -0.002526462 -1.99534e-4 0.009153485 -0.002498686 -4.24967e-4 0.007153451 -0.002498686 -4.24967e-4 0.007153451 -0.002498686 -4.24967e-4 0.009153485 -0.002464592 -5.92515e-4 0.009153485 -0.002392947 -8.37423e-4 0.007153451 -0.002392947 -8.37423e-4 0.007153451 -0.002392947 -8.37423e-4 0.009153485 -0.002342402 -9.71117e-4 0.009153485 -0.002220153 -0.001226544 0.007153451 -0.002220153 -0.001226544 0.007153451 -0.002220153 -0.001226544 0.009153485 -0.002162694 -0.001326024 0.009153485 -0.001984953 -0.001581549 0.007153451 -0.001984953 -0.001581549 0.007153451 -0.001984953 -0.001581549 0.009153485 -0.001929998 -0.001648724 0.009153485 -0.001694083 -0.001892447 0.007153451 -0.001694083 -0.001892447 0.007153451 -0.001694083 -0.001892447 0.009153485 -0.001649975 -0.001931309 0.009153485 -0.00135535 -0.002150595 0.007153451 -0.00135535 -0.002150595 0.007153451 -0.00135535 -0.002150595 0.007153451 -0.00135535 -0.002150595 0.009153485 -0.00135535 -0.002150595 0.009153485 0.001672744 1.93917e-4 0.007153451 0.001637637 2.17639e-4 0.007153451 -0.001716196 9.25881e-5 0.007153451 -0.001728653 5.2057e-5 0.007153451 0.001342654 -1.81116e-4 0.007153451 0.001375675 -2.07767e-4 0.007153451 -0.0012452 -7.38354e-5 0.007153451 0.001412689 -2.28442e-4 0.007153451 -0.001707494 -1.13175e-4 0.007153451 -0.001685261 -1.49295e-4 0.007153451 -0.001657247 -1.81116e-4 0.007153451 -0.001624286 -2.07767e-4 0.007153451 0.001754641 -7.3835e-5 0.007153451 -0.001587152 -2.28443e-4 0.007153451 -0.001547276 -2.42576e-4 0.007153451 -0.001505494 -2.49721e-4 0.007153451 -0.001463055 -2.49721e-4 0.007153451 0.001452684 -2.42576e-4 0.007153451 0.001494467 -2.49721e-4 0.007153451 -0.001260995 -1.13174e-4 0.007153451 -0.001239895 5.2057e-5 0.007153451 0.001271247 5.20574e-5 0.007153451 0.001265883 9.9765e-6 0.007153451 -0.001421272 -2.42576e-4 0.007153451 -0.001381278 -2.28442e-4 0.007153451 -0.001344263 -2.07767e-4 0.007153451 -0.001311302 -1.81116e-4 0.007153451 -0.001283288 -1.49295e-4 0.007153451 0.001760065 5.20574e-5 0.007153451 0.001765489 9.97657e-6 0.007153451 0.001763641 -3.23427e-5 0.007153451 0.001515686 2.49408e-4 0.007153451 0.001473486 2.45765e-4 0.007153451 -0.001234471 9.97616e-6 0.007153451 -0.001296579 1.64524e-4 0.007153451 -0.001271367 1.30437e-4 0.007153451 -0.001252293 9.25882e-5 0.007153451 -0.001441955 2.45765e-4 0.007153451 -0.001484274 2.49408e-4 0.007153451 -0.001733958 9.97609e-6 0.007153451 -0.001732289 -3.23432e-5 0.007153451 -0.001723289 -7.38355e-5 0.007153451 0.001618683 -2.28442e-4 0.007153451 0.001655638 -2.07767e-4 0.007153451 0.001747667 9.25886e-5 0.007153451 0.001728594 1.30438e-4 0.007153451 0.001703381 1.64524e-4 0.007153451 0.001432478 2.35096e-4 0.007153451 0.001393795 2.17639e-4 0.007153451 0.001358687 1.93916e-4 0.007153451 0.001327991 1.64524e-4 0.007153451 0.00126779 -3.23428e-5 0.007153451 0.001276671 -7.38351e-5 0.007153451 -0.001236259 -3.23431e-5 0.007153451 0.001292467 -1.13174e-4 0.007153451 0.00131464 -1.49295e-4 0.007153451 -0.001526474 2.45765e-4 0.007153451 -0.001567602 2.35095e-4 0.007153451 0.001536846 -2.49721e-4 0.007153451 0.001578688 -2.42576e-4 0.007153451 0.001688659 -1.81116e-4 0.007153451 0.001716673 -1.49295e-4 0.007153451 0.001738846 -1.13174e-4 0.007153451 0.001302778 1.30438e-4 0.007153451 0.001283645 9.25886e-5 0.007153451 -0.001606166 2.17639e-4 0.007153451 -0.001641392 1.93916e-4 0.007153451 -0.00167185 1.64524e-4 0.007153451 -0.001697182 1.30437e-4 0.007153451 0.001598954 2.35096e-4 0.007153451 0.001557946 2.45765e-4 0.007153451 -0.001327157 1.93916e-4 0.007153451 -0.001362383 2.17639e-4 0.007153451 -0.001400947 2.35095e-4 0.007153451 -9.86113e-4 0.001481235 0.009269475 -9.86113e-4 0.001483798 0.009270548 -9.86113e-4 0.001712203 0.009271204 -9.86113e-4 0.001714885 0.009270548 -9.86113e-4 0.001486539 0.009271204 -9.86113e-4 0.001489341 0.009271442 -9.86113e-4 0.001709342 0.009271442 -9.86113e-4 0.001474857 0.009264051 -9.86113e-4 0.001476705 0.009266197 -9.86113e-4 0.001473367 0.009261608 -9.86113e-4 0.001478791 0.009267985 -9.86113e-4 0.001472294 0.009259045 -9.86113e-4 0.001471638 0.009256303 -9.86113e-4 0.001726448 0.009259045 -9.86113e-4 0.001719892 0.009267985 -9.86113e-4 0.001725375 0.009261608 -9.86113e-4 0.001722037 0.009266197 -9.86113e-4 0.001723885 0.009264051 -9.86113e-4 0.001717507 0.009269475 -9.86113e-4 0.001727104 0.009256303 0.001017451 -0.001482427 0.009269475 0.001017451 -0.001485049 0.009270548 0.001017451 -0.001713395 0.009271204 0.001017451 -0.001716136 0.009270548 0.001017451 -0.001490592 0.009271442 0.001017451 -0.001710593 0.009271442 0.001017451 -0.001476049 0.009264051 0.001017451 -0.001477897 0.009266197 0.001017451 -0.001474559 0.009261608 0.001017451 -0.001474559 0.009261608 0.001017451 -0.001480042 0.009267985 0.001017451 -0.001473486 0.009259045 0.001017451 -0.001473486 0.009259045 0.001017451 -0.00147283 0.009256303 0.001017451 -0.00147283 0.009256303 0.001017451 -0.00172764 0.009259045 0.001017451 -0.001721143 0.009267985 0.001017451 -0.001726567 0.009261608 0.001017451 -0.001723289 0.009266197 0.001017451 -0.001725077 0.009264051 0.001017451 -0.001718699 0.009269475 0.001017451 -0.001728296 0.009256303 -0.001494348 4.41514e-4 0.009271442 -0.001494348 3.57285e-4 0.009271442 -9.86113e-4 1.27099e-4 0.009256303 -0.001030862 1.30854e-4 0.009256303 -0.001497149 3.57054e-4 0.009271204 -0.00151205 4.42944e-4 0.009256303 0.001104354 1.19947e-4 0.009256303 0.001017451 -6.72854e-4 0.009256303 0.001062393 -6.69166e-4 0.009256303 0.001017451 -6.73517e-4 0.009259045 0.001062452 -6.69815e-4 0.009259045 0.001296043 -4.23714e-4 0.009267985 0.001296043 -3.77513e-4 0.009267985 0.001293838 -4.23536e-4 0.009266197 0.001147449 -6.40675e-4 0.009259045 0.001105964 -6.58132e-4 0.009256303 0.001105964 -6.58132e-4 0.009256303 0.00114715 -6.40072e-4 0.009256303 0.00128889 -4.23111e-4 0.009256303 0.00128889 -3.78117e-4 0.009256303 -0.001031756 -0.001474082 0.009266197 -9.86113e-4 -0.001476049 0.009264051 -9.86113e-4 -0.001474559 0.009261608 -9.86113e-4 -0.001474559 0.009261608 -0.00103116 -0.001470863 0.009261608 -0.00103116 -0.001470863 0.009261608 -9.86113e-4 -0.001473486 0.009259045 -0.00107479 -0.001458704 0.009259045 -0.001075088 -0.001459717 0.009261608 -0.001075565 -0.001461148 0.009264051 -0.001076161 -0.001462876 0.009266197 0.001358091 -0.002053141 0.009253442 -0.00132668 -0.002053141 0.009253442 0.001361966 -0.002066195 0.00925225 -0.001328766 -0.002060234 0.009253025 -0.001335084 -0.002081453 0.009248554 0.001362979 -0.002069413 0.009251654 -0.001333594 -0.002076387 0.009250104 -0.001330554 -0.002066195 0.00925225 -0.001339375 -0.002095937 0.009242594 0.001370787 -0.002095937 0.009242594 0.001369535 -0.002091705 0.00924462 -0.001338303 -0.002092361 0.009244322 0.001366436 -0.002081453 0.009248554 0.001364946 -0.002076387 0.009250104 0.001373946 -0.002106606 0.009236335 -0.001342475 -0.002106606 0.009236335 0.001374781 -0.002109348 0.009234368 -0.00134325 -0.002109348 0.009234368 -0.00134629 -0.002119481 0.009225964 0.001377582 -0.002119004 0.009226381 -0.001346886 -0.002121269 0.009224176 0.001378238 -0.002121269 0.009224176 0.00138086 -0.00213015 0.009214043 -0.001349389 -0.00213015 0.009214043 0.001381278 -0.002131462 0.009212255 -0.001354098 -0.002145946 0.009183526 -0.001354098 -0.002145946 0.009183526 0.00138539 -0.002145648 0.00918436 0.00138539 -0.002145648 0.00918436 -0.001353859 -0.00214529 0.009185552 -0.001353859 -0.00214529 0.009185552 0.001383662 -0.002139687 0.009198904 0.001383662 -0.002139687 0.009198904 -0.00135219 -0.002139687 0.009198904 -0.00135219 -0.002139687 0.009198904 0.001383244 -0.002138555 0.009201049 0.001383244 -0.002138555 0.009201049 -0.001349747 -0.002131462 0.009212255 -0.001355051 -0.002149403 0.009168803 -0.001355051 -0.002149403 0.009168803 0.001386463 -0.002149343 0.009169101 0.001386463 -0.002149343 0.009169101 0.00138688 -0.002150535 0.00915575 0.00138688 -0.002150535 0.00915575 0.001960456 -0.001647949 0.009169101 0.002193093 -0.001325428 0.009169101 0.002494752 5.90995e-4 0.009169101 0.002372682 9.69425e-4 0.009169101 0.002193093 0.001324176 0.009169101 0.001960456 0.001646757 0.009169101 0.001680552 0.001929223 0.009169101 0.001678287 -0.001927614 0.00918436 0.001674294 -0.001923084 0.009198844 0.001383662 0.002138495 0.009198904 0.001383662 0.002138495 0.009198904 0.001674294 0.001921892 0.009198844 0.001678287 0.001926422 0.00918436 0.001378238 0.002120077 0.009224176 0.001662254 0.001907944 0.009224176 0.001668989 0.001915693 0.009212255 0.001370787 0.002094745 0.009242594 0.001645743 0.001888811 0.009242594 0.001654446 0.001898944 0.009234368 0.001358091 0.002051949 0.009253442 0.001626253 0.001866281 0.00925225 0.001636266 0.001877784 0.009248554 0.001362979 0.002068221 0.009251654 0.001361966 0.002065002 0.00925225 0.001369535 0.002090513 0.00924462 0.001366436 0.002080261 0.009248554 0.001364946 0.002075195 0.009250104 0.001377582 0.002117812 0.009226381 0.001374781 0.002108156 0.009234368 0.001373946 0.002105414 0.009236335 0.001383244 0.002137362 0.009201049 0.001383244 0.002137362 0.009201049 0.001381278 0.00213027 0.009212255 0.00138086 0.002128899 0.009214043 0.001386463 0.002148151 0.009169101 0.001386463 0.002148151 0.009169101 0.00138539 0.002144455 0.00918436 0.00138539 0.002144455 0.00918436 0.00138688 0.002149343 0.00915575 0.00138688 0.002149343 0.00915575 0.001680552 -0.001930415 0.009169101 0.001668989 -0.001916885 0.009212255 0.001662254 -0.001909136 0.009224176 0.001645743 -0.001890003 0.009242594 0.001654446 -0.001900136 0.009234368 0.001636266 -0.001879036 0.009248554 0.001626253 -0.001867473 0.00925225 0.00247389 1.91704e-4 0.00925225 0.00247389 -1.92985e-4 0.00925225 0.002489089 1.92896e-4 0.009248554 0.002489089 -1.94117e-4 0.009248554 0.002503454 1.94036e-4 0.009242594 0.002503454 -1.95242e-4 0.009242594 0.002516746 1.95109e-4 0.009234368 0.002516746 -1.96315e-4 0.009234368 0.002528786 1.95995e-4 0.009224176 0.002528786 -1.97276e-4 0.009224176 0.002538859 1.96837e-4 0.009212255 0.002538859 -1.98044e-4 0.009212255 0.002547085 1.97426e-4 0.009198844 0.002547085 -1.98707e-4 0.009198844 0.002553045 1.9791e-4 0.00918436 0.002553045 -1.99176e-4 0.00918436 0.002556681 1.98208e-4 0.009169101 0.002556681 -1.99414e-4 0.009169101 0.002413988 -5.72964e-4 0.00925225 0.002295792 -9.38996e-4 0.00925225 0.002428889 -5.76473e-4 0.009248554 0.002309858 -9.4483e-4 0.009248554 0.002442955 -5.79871e-4 0.009242594 0.002323269 -9.50314e-4 0.009242594 0.002455949 -5.8297e-4 0.009234368 0.002335667 -9.55447e-4 0.009234368 0.002467572 -5.85712e-4 0.009224176 0.002346694 -9.59977e-4 0.009224176 0.002477467 -5.88104e-4 0.009212255 0.002356052 -9.63844e-4 0.009212255 0.002485454 -5.90004e-4 0.009198844 0.002363681 -9.66944e-4 0.009198844 0.002491235 -5.91375e-4 0.00918436 0.002369284 -9.69276e-4 0.00918436 0.002494752 -5.92276e-4 0.009169101 0.002372682 -9.70647e-4 0.009169101 0.001897037 0.001592993 0.00925225 0.001908779 0.001602888 0.009248554 0.001919746 0.001612246 0.009242594 0.001929938 0.001620888 0.009234368 0.001939177 0.001628637 0.009224176 0.001946866 0.001635193 0.009212255 0.001953184 0.001640498 0.009198844 0.001957654 0.001644372 0.00918436 0.002122044 0.001280963 0.00925225 0.002135038 0.00128895 0.009248554 0.002147436 0.00129646 0.009242594 0.002158939 0.001303434 0.009234368 0.002169191 0.001309633 0.009224176 0.002177894 0.001314938 0.009212255 0.002184748 0.001319169 0.009198844 0.002189993 0.001322269 0.00918436 0.002295792 9.37775e-4 0.00925225 0.002309858 9.43616e-4 0.009248554 0.002323269 9.49108e-4 0.009242594 0.002335667 9.54226e-4 0.009234368 0.002346694 9.58756e-4 0.009224176 0.002356052 9.62638e-4 0.009212255 0.002363681 9.65737e-4 0.009198844 0.002369284 9.68054e-4 0.00918436 0.002413988 5.71743e-4 0.00925225 0.002428889 5.75267e-4 0.009248554 0.002442955 5.78605e-4 0.009242594 0.002455949 5.81764e-4 0.009234368 0.002467572 5.84506e-4 0.009224176 0.002477467 5.8689e-4 0.009212255 0.002485454 5.88797e-4 0.009198844 0.002491235 5.90168e-4 0.00918436 0.002189993 -0.001323521 0.00918436 0.002184748 -0.001320362 0.009198844 0.002177894 -0.00131613 0.009212255 0.002169191 -0.001310825 0.009224176 0.002158939 -0.001304626 0.009234368 0.002147436 -0.001297652 0.009242594 0.002135038 -0.001290142 0.009248554 0.002122044 -0.001282215 0.00925225 0.001957654 -0.001645565 0.00918436 0.001953184 -0.00164169 0.009198844 0.001946866 -0.001636385 0.009212255 0.001939177 -0.001629829 0.009224176 0.001929938 -0.00162208 0.009234368 0.001919746 -0.001613438 0.009242594 0.001908779 -0.00160408 0.009248554 0.001897037 -0.001594245 0.00925225 -0.001929104 0.001646757 0.009169101 -0.002161562 0.001324176 0.009169101 -0.0024634 -5.92277e-4 0.009169101 -0.002341151 -9.70647e-4 0.009169101 -0.002161562 -0.001325428 0.009169101 -0.001929104 -0.001647949 0.009169101 -0.0016492 -0.001930415 0.009169101 -0.001355051 0.002148211 0.009168803 -0.001355051 0.002148211 0.009168803 -0.0016492 0.001929223 0.009169101 -0.001646757 0.001926422 0.00918436 -0.001642882 0.001921892 0.009198844 -0.001353859 0.002144098 0.009185552 -0.001353859 0.002144098 0.009185552 -0.001354098 0.002144753 0.009183526 -0.001354098 0.002144753 0.009183526 -0.001637458 0.001915693 0.009212255 -0.00135219 0.002138495 0.009198904 -0.00135219 0.002138495 0.009198904 -0.001630902 0.001907944 0.009224176 -0.001349389 0.002128899 0.009214043 -0.001349747 0.00213027 0.009212255 -0.001623094 0.001898944 0.009234368 -0.00134629 0.002118229 0.009225964 -0.001346886 0.002120077 0.009224176 -0.001614391 0.001888811 0.009242594 -0.001342475 0.002105414 0.009236335 -0.00134325 0.002108156 0.009234368 -0.001604855 0.001877784 0.009248554 -0.001338303 0.002091109 0.009244322 -0.001339375 0.002094745 0.009242594 -0.001594901 0.001866281 0.00925225 -0.001333594 0.002075195 0.009250104 -0.001335084 0.002080261 0.009248554 -0.00132668 0.002051949 0.009253442 -0.001328766 0.002059042 0.009253025 -0.001330554 0.002065002 0.00925225 -0.001594901 -0.001867473 0.00925225 -0.001604855 -0.001879036 0.009248554 -0.001614391 -0.001890003 0.009242594 -0.001623094 -0.001900136 0.009234368 -0.001630902 -0.001909136 0.009224176 -0.001637458 -0.001916885 0.009212255 -0.001642882 -0.001923084 0.009198844 -0.001646757 -0.001927614 0.00918436 -0.002442359 -1.92985e-4 0.00925225 -0.002442359 1.91703e-4 0.00925225 -0.002457559 -1.94118e-4 0.009248554 -0.002457559 1.92895e-4 0.009248554 -0.002472102 -1.95243e-4 0.009242594 -0.002472102 1.94035e-4 0.009242594 -0.002485394 -1.96316e-4 0.009234368 -0.002485394 1.95108e-4 0.009234368 -0.002497255 -1.97277e-4 0.009224176 -0.002497255 1.95995e-4 0.009224176 -0.002507448 -1.98044e-4 0.009212255 -0.002507448 1.96837e-4 0.009212255 -0.002515554 -1.98707e-4 0.009198844 -0.002515554 1.97425e-4 0.009198844 -0.002521574 -1.99177e-4 0.00918436 -0.002521574 1.97909e-4 0.00918436 -0.002525269 -1.99415e-4 0.009169101 -0.002525269 1.98207e-4 0.009169101 -0.002382576 5.71742e-4 0.00925225 -0.002264261 9.37775e-4 0.00925225 -0.002397358 5.75266e-4 0.009248554 -0.002278447 9.43616e-4 0.009248554 -0.002411484 5.78604e-4 0.009242594 -0.002291858 9.49107e-4 0.009242594 -0.002424478 5.81763e-4 0.009234368 -0.002304255 9.54225e-4 0.009234368 -0.002436101 5.84505e-4 0.009224176 -0.002315282 9.58755e-4 0.009224176 -0.002446055 5.86889e-4 0.009212255 -0.0023247 9.62637e-4 0.009212255 -0.002453982 5.88797e-4 0.009198844 -0.00233227 9.65737e-4 0.009198844 -0.002459883 5.90168e-4 0.00918436 -0.002337753 9.67994e-4 0.00918436 -0.0024634 5.90995e-4 0.009169101 -0.002341151 9.69425e-4 0.009169101 -0.001865684 -0.001594245 0.00925225 -0.001877248 -0.00160408 0.009248554 -0.001888394 -0.001613438 0.009242594 -0.001898586 -0.00162208 0.009234368 -0.001907646 -0.001629829 0.009224176 -0.001915454 -0.001636385 0.009212255 -0.001921653 -0.00164169 0.009198844 -0.001926302 -0.001645565 0.00918436 -0.002090692 -0.001282215 0.00925225 -0.002103686 -0.001290142 0.009248554 -0.002116084 -0.001297652 0.009242594 -0.002127468 -0.001304626 0.009234368 -0.00213766 -0.001310825 0.009224176 -0.002146363 -0.00131613 0.009212255 -0.002153396 -0.001320362 0.009198844 -0.002158463 -0.001323521 0.00918436 -0.002264261 -9.38997e-4 0.00925225 -0.002278447 -9.44831e-4 0.009248554 -0.002291858 -9.50314e-4 0.009242594 -0.002304255 -9.55448e-4 0.009234368 -0.002315282 -9.59978e-4 0.009224176 -0.0023247 -9.63845e-4 0.009212255 -0.00233227 -9.66944e-4 0.009198844 -0.002337753 -9.69276e-4 0.00918436 -0.002382576 -5.72965e-4 0.00925225 -0.002397358 -5.76474e-4 0.009248554 -0.002411484 -5.79872e-4 0.009242594 -0.002424478 -5.82971e-4 0.009234368 -0.002436101 -5.85713e-4 0.009224176 -0.002446055 -5.88105e-4 0.009212255 -0.002453982 -5.90004e-4 0.009198844 -0.002459883 -5.91375e-4 0.00918436 -0.002158463 0.001322269 0.00918436 -0.002153396 0.001319169 0.009198844 -0.002146363 0.001314938 0.009212255 -0.00213766 0.001309633 0.009224176 -0.002127468 0.001303434 0.009234368 -0.002116084 0.00129646 0.009242594 -0.002103686 0.00128895 0.009248554 -0.002090692 0.001280963 0.00925225 -0.001926302 0.001644372 0.00918436 -0.001921653 0.001640498 0.009198844 -0.001915454 0.001635193 0.009212255 -0.001907646 0.001628637 0.009224176 -0.001898586 0.001620888 0.009234368 -0.001888394 0.001612246 0.009242594 -0.001877248 0.001602888 0.009248554 -0.001865684 0.001592993 0.00925225 -0.00132966 -0.002066791 0.009295284 -0.001339375 -0.002095937 0.009266138 -0.001333236 -0.002077519 0.009293079 -0.001336336 -0.002086818 0.009286761 -0.001338481 -0.002093255 0.009277284 0.001370787 -0.002095937 0.009266138 0.001361072 -0.002066791 0.009295284 0.001369893 -0.002093255 0.009277284 0.001367747 -0.002086818 0.009286761 0.001364648 -0.002077519 0.009293079 0.001361072 0.002065598 0.009295284 0.001370787 0.002094745 0.009266138 0.001364648 0.002076327 0.009293079 0.001367747 0.002085626 0.009286761 0.001369893 0.002092063 0.009277284 0.001626551 0.001866817 0.009295284 0.001645743 0.001888811 0.009266138 0.001633882 0.001875221 0.009293079 0.001640081 0.001882314 0.009286761 0.001644253 0.001887142 0.009277284 0.001626551 -0.001868009 0.009295284 0.001645743 -0.001890003 0.009266138 0.001633882 -0.001876413 0.009293079 0.001640081 -0.001883566 0.009286761 0.001644253 -0.001888334 0.009277284 0.002503454 1.94036e-4 0.009266138 0.002474308 1.91756e-4 0.009295284 0.002501189 1.93857e-4 0.009277284 0.002494871 1.93365e-4 0.009286761 0.002485454 1.9262e-4 0.009293079 0.002474308 -1.9297e-4 0.009295284 0.002503454 -1.95242e-4 0.009266138 0.002485454 -1.93841e-4 0.009293079 0.002494871 -1.94572e-4 0.009286761 0.002501189 -1.95063e-4 0.009277284 0.002414524 -5.73083e-4 0.009295284 0.002442955 -5.79871e-4 0.009266138 0.002425372 -5.75669e-4 0.009293079 0.002434611 -5.77874e-4 0.009286761 0.00244075 -5.79349e-4 0.009277284 0.002296209 -9.39198e-4 0.009295284 0.002323269 -9.50314e-4 0.009266138 0.00230658 -9.43445e-4 0.009293079 0.002315282 -9.47051e-4 0.009286761 0.002321183 -9.49457e-4 0.009277284 0.001919746 0.001612246 0.009266138 0.001897454 0.001593351 0.009295284 0.001918017 0.001610755 0.009277284 0.001913189 0.001606702 0.009286761 0.001905977 0.001600563 0.009293079 0.002122521 0.001281261 0.009295284 0.002147436 0.00129646 0.009266138 0.002131998 0.001287043 0.009293079 0.002140104 0.00129199 0.009286761 0.002145528 0.001295268 0.009277284 0.002296209 9.37999e-4 0.009295284 0.002323269 9.49108e-4 0.009266138 0.00230652 9.42238e-4 0.009293079 0.002315282 9.45844e-4 0.009286761 0.002321183 9.48251e-4 0.009277284 0.002442955 5.78605e-4 0.009266138 0.002414524 5.71825e-4 0.009295284 0.00244075 5.78083e-4 0.009277284 0.002434611 5.76608e-4 0.009286761 0.002425372 5.74418e-4 0.009293079 0.002122521 -0.001282453 0.009295284 0.002147436 -0.001297652 0.009266138 0.002131998 -0.001288294 0.009293079 0.002140104 -0.001293182 0.009286761 0.002145528 -0.00129652 0.009277284 0.001919746 -0.001613438 0.009266138 0.001897454 -0.001594543 0.009295284 0.001918017 -0.001612007 0.009277284 0.001913189 -0.001607894 0.009286761 0.001905977 -0.001601755 0.009293079 -0.001595199 0.001866817 0.009295284 -0.001614391 0.001888811 0.009266138 -0.00160253 0.001875221 0.009293079 -0.001608729 0.001882314 0.009286761 -0.001612901 0.001887142 0.009277284 -0.00132966 0.002065598 0.009295284 -0.001339375 0.002094745 0.009266138 -0.001333236 0.002076327 0.009293079 -0.001336336 0.002085626 0.009286761 -0.001338481 0.002092063 0.009277284 -0.001595199 -0.001868009 0.009295284 -0.001614391 -0.001890003 0.009266138 -0.00160247 -0.001876413 0.009293079 -0.001608729 -0.001883566 0.009286761 -0.001612901 -0.001888334 0.009277284 -0.002472102 -1.95243e-4 0.009266138 -0.002442955 -1.92956e-4 0.009295284 -0.002469837 -1.95064e-4 0.009277284 -0.002463519 -1.94572e-4 0.009286761 -0.002454102 -1.93827e-4 0.009293079 -0.002442955 1.91755e-4 0.009295284 -0.002472102 1.94035e-4 0.009266138 -0.002454102 1.9262e-4 0.009293079 -0.002463519 1.93365e-4 0.009286761 -0.002469837 1.93856e-4 0.009277284 -0.002383053 5.71824e-4 0.009295284 -0.002411484 5.78604e-4 0.009266138 -0.002393901 5.74417e-4 0.009293079 -0.00240314 5.76608e-4 0.009286761 -0.002409279 5.78083e-4 0.009277284 -0.002264857 9.37998e-4 0.009295284 -0.002291858 9.49107e-4 0.009266138 -0.002275168 9.42237e-4 0.009293079 -0.00228393 9.45844e-4 0.009286761 -0.002289831 9.4825e-4 0.009277284 -0.001888394 -0.001613438 0.009266138 -0.001866102 -0.001594543 0.009295284 -0.001886665 -0.001612007 0.009277284 -0.001881837 -0.001607894 0.009286761 -0.001874566 -0.001601755 0.009293079 -0.002091109 -0.001282453 0.009295284 -0.002116084 -0.001297652 0.009266138 -0.002100646 -0.001288294 0.009293079 -0.002108752 -0.001293182 0.009286761 -0.002114176 -0.00129652 0.009277284 -0.002264857 -9.39198e-4 0.009295284 -0.002291858 -9.50314e-4 0.009266138 -0.002275168 -9.43445e-4 0.009293079 -0.00228393 -9.47051e-4 0.009286761 -0.002289831 -9.49458e-4 0.009277284 -0.002411484 -5.79872e-4 0.009266138 -0.002383053 -5.73092e-4 0.009295284 -0.002409279 -5.7935e-4 0.009277284 -0.00240314 -5.77875e-4 0.009286761 -0.002393901 -5.75684e-4 0.009293079 -0.002091109 0.001281261 0.009295284 -0.002116084 0.00129646 0.009266138 -0.002100646 0.001287043 0.009293079 -0.002108752 0.00129199 0.009286761 -0.002114176 0.001295268 0.009277284 -0.001888394 0.001612246 0.009266138 -0.001866102 0.001593351 0.009295284 -0.001886665 0.001610755 0.009277284 -0.001881837 0.001606702 0.009286761 -0.001874566 0.001600563 0.009293079 0.002108693 0.001272857 0.009253501 0.001885175 0.00158292 0.009253501 0.001501083 0.001411437 0.009253501 0.001501083 0.001411437 0.009253501 0.001268744 7.35067e-4 0.009253501 0.001268744 7.35067e-4 0.009253501 0.001188993 7.0002e-4 0.009253501 0.001188993 7.0002e-4 0.009253501 0.001188993 9.87278e-5 0.009253501 0.001188993 9.87278e-5 0.009253501 0.001104354 6.78614e-4 0.009253501 0.001104354 6.78614e-4 0.009253501 0.001104354 1.20126e-4 0.009253501 0.001104354 1.20126e-4 0.009253501 0.001268744 -8.64901e-4 0.009253501 0.001268744 -8.64901e-4 0.009253501 0.001188993 -8.99956e-4 0.009253501 0.001188993 -8.99956e-4 0.009253501 0.001017451 -0.001472651 0.009253501 0.001017451 -0.001472651 0.009253501 0.001017451 -0.001472651 0.009253501 0.002108693 -0.001274049 0.009253501 0.001885175 -0.001584112 0.009253501 0.001616179 -0.001855611 0.009253501 0.001501083 -1.88514e-4 0.009253501 0.001501083 -1.88514e-4 0.009253501 0.001529335 -2.71007e-4 0.009253501 0.001529335 -2.71007e-4 0.009253501 0.002458155 -1.91725e-4 0.009253501 0.002281248 -9.33036e-4 0.009253501 0.002398788 -5.69321e-4 0.009253501 0.001357257 -0.002050578 0.009253501 0.001017451 -0.001728534 0.009253501 0.001017451 -0.001728534 0.009253501 -0.001325845 -0.002050578 0.009253501 -9.86113e-4 -0.001728534 0.009253501 -9.86113e-4 -0.001728534 0.009253501 -0.001073002 -0.001721322 0.009253501 -0.001073002 -0.001721322 0.009253501 -0.002077281 0.001272857 0.009253501 -9.86113e-4 0.0014714 0.009253501 -9.86113e-4 0.0014714 0.009253501 -0.001853704 0.00158292 0.009253501 -0.001584649 0.001854419 0.009253501 -0.001325845 0.002049386 0.009253501 -9.86113e-4 0.001727342 0.009253501 -9.86113e-4 0.001727342 0.009253501 -9.86113e-4 0.001727342 0.009253501 -9.86113e-4 0.001727342 0.009253501 0.001357257 0.002049386 0.009253501 0.001017451 0.001727342 0.009253501 0.001017451 0.001727342 0.009253501 0.001104354 0.00172013 0.009253501 0.001104354 0.00172013 0.009253501 0.001616179 0.001854419 0.009253501 0.001405954 0.001556932 0.009253501 0.001405954 0.001556932 0.009253501 0.001459538 0.001488149 0.009253501 0.001459538 0.001488149 0.009253501 0.001405954 8.41819e-4 0.009253501 0.001405954 8.41819e-4 0.009253501 0.001459538 9.10595e-4 0.009253501 0.001459538 9.10595e-4 0.009253501 0.002458155 1.90519e-4 0.009253501 0.001501083 9.87314e-4 0.009253501 0.001501083 9.87314e-4 0.009253501 0.002398788 5.68115e-4 0.009253501 0.001529335 0.001069784 0.009253501 0.001529335 0.001069784 0.009253501 0.002281248 9.31815e-4 0.009253501 0.001268744 6.36728e-5 0.009253501 0.001268744 6.36728e-5 0.009253501 0.001341879 7.82743e-4 0.009253501 0.001341879 7.82743e-4 0.009253501 -0.002249896 9.31814e-4 0.009253501 -0.002367258 5.68114e-4 0.009253501 -0.002426803 1.90519e-4 0.009253501 0.001188993 0.001698732 0.009253501 0.001188993 0.001698732 0.009253501 0.001268744 0.001663684 0.009253501 0.001268744 0.001663684 0.009253501 0.001341879 0.001616001 0.009253501 0.001341879 0.001616001 0.009253501 0.001529335 0.001328945 0.009253501 0.001529335 0.001328945 0.009253501 0.001543641 0.001242995 0.009253501 0.001543641 0.001242995 0.009253501 0.001543641 0.001155793 0.009253501 0.001543641 0.001155793 0.009253501 0.001529335 -5.3022e-4 0.009253501 0.001529335 -5.3022e-4 0.009253501 0.001501083 -6.12713e-4 0.009253501 0.001501083 -6.12713e-4 0.009253501 -0.002249896 -9.33037e-4 0.009253501 -0.002077281 -0.001274049 0.009253501 -0.001512289 -0.001244187 0.009253501 -0.001512289 -0.001244187 0.009253501 -0.001237392 8.63694e-4 0.009253501 -0.001237392 8.63694e-4 0.009253501 -0.001157462 8.98734e-4 0.009253501 -0.001157462 8.98734e-4 0.009253501 0.001341879 1.59966e-5 0.009253501 0.001341879 1.59966e-5 0.009253501 0.001405954 -4.3012e-5 0.009253501 0.001405954 -4.3012e-5 0.009253501 0.001459538 -1.11855e-4 0.009253501 0.001459538 -1.11855e-4 0.009253501 0.001543641 -3.57017e-4 0.009253501 0.001543641 -3.57017e-4 0.009253501 0.001543641 -4.44211e-4 0.009253501 0.001543641 -4.44211e-4 0.009253501 0.001459538 -6.89365e-4 0.009253501 0.001459538 -6.89365e-4 0.009253501 0.001405954 -7.58216e-4 0.009253501 0.001405954 -7.58216e-4 0.009253501 0.001341879 -8.17224e-4 0.009253501 0.001341879 -8.17224e-4 0.009253501 0.001104354 -9.21346e-4 0.009253501 0.001104354 -9.21346e-4 0.009253501 0.001017451 -9.28566e-4 0.009253501 0.001017451 -9.28566e-4 0.009253501 -9.86113e-4 -0.001472651 0.009253501 -9.86113e-4 -0.001472651 0.009253501 -9.86113e-4 -9.28566e-4 0.009253501 -9.86113e-4 -9.28566e-4 0.009253501 -0.001030862 -0.001468896 0.009253501 -0.001030862 -0.001468896 0.009253501 -0.001157462 -0.001699924 0.009253501 -0.001157462 -0.001699924 0.009253501 -0.001237392 -0.001664876 0.009253501 -0.001237392 -0.001664876 0.009253501 -0.001584649 -0.001855611 0.009253501 -0.001512289 3.55795e-4 0.009253501 -0.001512289 3.55795e-4 0.009253501 -0.001512289 4.43004e-4 0.009253501 -0.001512289 4.43004e-4 0.009253501 -0.001497983 5.29006e-4 0.009253501 -0.001497983 5.29006e-4 0.009253501 -0.001469552 6.11447e-4 0.009253501 -0.001469552 6.11447e-4 0.009253501 -0.001030862 6.67714e-4 0.009253501 -0.001030862 6.67714e-4 0.009253501 -0.001074492 6.56687e-4 0.009253501 -0.001074492 6.56687e-4 0.009253501 -9.86113e-4 1.27338e-4 0.009253501 -9.86113e-4 1.27338e-4 0.009253501 -0.001249849 -0.001267373 0.009253501 -0.001249849 -0.001267373 0.009253501 -0.001235246 -0.001309871 0.009253501 -0.001235246 -0.001309871 0.009253501 -0.001512289 -0.001156985 0.009253501 -0.001512289 -0.001156985 0.009253501 -0.001497983 -0.001070976 0.009253501 -0.001497983 -0.001070976 0.009253501 -0.002367258 -5.69322e-4 0.009253501 -0.001469552 -9.88521e-4 0.009253501 -0.001469552 -9.88521e-4 0.009253501 -0.002426803 -1.91726e-4 0.009253501 -0.001428067 -9.11877e-4 0.009253501 -0.001428067 -9.11877e-4 0.009253501 -0.001374602 -8.43026e-4 0.009253501 -0.001374602 -8.43026e-4 0.009253501 -0.001310348 -7.83965e-4 0.009253501 -0.001310348 -7.83965e-4 0.009253501 0.001017451 1.27338e-4 0.009253501 0.001017451 1.27338e-4 0.009253501 0.001017451 6.71469e-4 0.009253501 0.001017451 6.71469e-4 0.009253501 -9.86113e-4 6.71469e-4 0.009253501 -9.86113e-4 6.71469e-4 0.009253501 -0.001249849 4.66183e-4 0.009253501 -0.001249849 4.66183e-4 0.009253501 -0.0012573 4.21844e-4 0.009253501 -0.0012573 4.21844e-4 0.009253501 -0.0012573 3.76895e-4 0.009253501 -0.0012573 3.76895e-4 0.009253501 -0.001249849 3.32616e-4 0.009253501 -0.001249849 3.32616e-4 0.009253501 -0.001030862 -9.32254e-4 0.009253501 -0.001030862 -9.32254e-4 0.009253501 -0.001074492 -9.43281e-4 0.009253501 -0.001074492 -9.43281e-4 0.009253501 -0.001213848 -0.001051783 0.009253501 -0.001213848 -0.001051783 0.009253501 -0.001310348 -0.001617193 0.009253501 -0.001310348 -0.001617193 0.009253501 -0.001374602 -0.001558125 0.009253501 -0.001374602 -0.001558125 0.009253501 -0.001853704 -0.001584112 0.009253501 -0.001428067 -0.001489341 0.009253501 -0.001428067 -0.001489341 0.009253501 -0.001469552 -0.00141263 0.009253501 -0.001469552 -0.00141263 0.009253501 -0.001497983 -0.001330196 0.009253501 -0.001497983 -0.001330196 0.009253501 -0.001157462 -7.01286e-4 0.009253501 -0.001157462 -7.01286e-4 0.009253501 -0.001237392 -6.49543e-5 0.009253501 -0.001237392 -6.49543e-5 0.009253501 -0.001237392 -7.36274e-4 0.009253501 -0.001237392 -7.36274e-4 0.009253501 -0.001310348 -1.72632e-5 0.009253501 -0.001310348 -1.72632e-5 0.009253501 -0.001374602 4.1805e-5 0.009253501 -0.001374602 4.1805e-5 0.009253501 -0.001428067 6.88158e-4 0.009253501 -0.001428067 6.88158e-4 0.009253501 -0.001374602 7.56934e-4 0.009253501 -0.001374602 7.56934e-4 0.009253501 -0.001310348 8.16002e-4 0.009253501 -0.001310348 8.16002e-4 0.009253501 -0.001235246 -0.001091301 0.009253501 -0.001235246 -0.001091301 0.009253501 -0.001249849 -0.001133799 0.009253501 -0.001249849 -0.001133799 0.009253501 -0.0012573 -0.001178085 0.009253501 -0.0012573 -0.001178085 0.009253501 -0.0012573 -0.001223027 0.009253501 -0.0012573 -0.001223027 0.009253501 -0.001497983 2.69785e-4 0.009253501 -0.001497983 2.69785e-4 0.009253501 -0.001428067 1.10648e-4 0.009253501 -0.001428067 1.10648e-4 0.009253501 -0.001469552 1.87293e-4 0.009253501 -0.001469552 1.87293e-4 0.009253501 -0.001073002 9.20139e-4 0.009253501 -0.001073002 9.20139e-4 0.009253501 -9.86113e-4 9.27344e-4 0.009253501 -9.86113e-4 9.27344e-4 0.009253501 0.001017451 0.0014714 0.009253501 0.001017451 0.0014714 0.009253501 0.001017451 9.27344e-4 0.009253501 0.001017451 9.27344e-4 0.009253501 -0.00111556 6.38626e-4 0.009253501 -0.00111556 6.38626e-4 0.009253501 -0.001153171 6.14069e-4 0.009253501 -0.001153171 6.14069e-4 0.009253501 -0.001186251 5.83663e-4 0.009253501 -0.001186251 5.83663e-4 0.009253501 -0.001235246 2.90118e-4 0.009253501 -0.001235246 2.90118e-4 0.009253501 -0.001213848 2.50593e-4 0.009253501 -0.001213848 2.50593e-4 0.009253501 -0.00111556 1.60113e-4 0.009253501 -0.00111556 1.60113e-4 0.009253501 -0.001074492 1.42053e-4 0.009253501 -0.001074492 1.42053e-4 0.009253501 -0.001030862 1.31026e-4 0.009253501 -0.001030862 1.31026e-4 0.009253501 -0.00111556 -9.61341e-4 0.009253501 -0.00111556 -9.61341e-4 0.009253501 -0.001153171 -9.85906e-4 0.009253501 -0.001153171 -9.85906e-4 0.009253501 -0.001186251 -0.001016318 0.009253501 -0.001186251 -0.001016318 0.009253501 -0.001213848 -0.001349389 0.009253501 -0.001213848 -0.001349389 0.009253501 -0.001186251 -0.001384854 0.009253501 -0.001186251 -0.001384854 0.009253501 -0.001153171 -0.001415252 0.009253501 -0.001153171 -0.001415252 0.009253501 -0.001213848 5.48206e-4 0.009253501 -0.001213848 5.48206e-4 0.009253501 -0.001235246 5.08688e-4 0.009253501 -0.001235246 5.08688e-4 0.009253501 -0.001186251 2.15135e-4 0.009253501 -0.001186251 2.15135e-4 0.009253501 -0.001153171 1.84677e-4 0.009253501 -0.001153171 1.84677e-4 0.009253501 -0.00111556 -0.001439809 0.009253501 -0.00111556 -0.001439809 0.009253501 -0.001074492 -0.00145787 0.009253501 -0.001074492 -0.00145787 0.009253501 0.001184642 0.00141406 0.009253501 0.001184642 0.00141406 0.009253501 0.001147091 0.001438617 0.009253501 0.001147091 0.001438617 0.009253501 0.001184642 9.84684e-4 0.009253501 0.001184642 9.84684e-4 0.009253501 0.001217663 0.001015126 0.009253501 0.001217663 0.001015126 0.009253501 0.00124526 0.001348137 0.009253501 0.00124526 0.001348137 0.009253501 0.00124526 0.001050591 0.009253501 0.00124526 0.001050591 0.009253501 0.001105844 0.001456677 0.009253501 0.001105844 0.001456677 0.009253501 0.001062393 0.001467704 0.009253501 0.001062393 0.001467704 0.009253501 0.001288652 -4.23051e-4 0.009253501 0.001288652 -4.23051e-4 0.009253501 0.001288652 -4.23051e-4 0.009253501 0.001288652 -3.78176e-4 0.009253501 0.001288652 -3.78176e-4 0.009253501 0.001017451 -6.72676e-4 0.009253501 0.001017451 -6.72676e-4 0.009253501 0.001017451 -1.28545e-4 0.009253501 0.001017451 -1.28545e-4 0.009253501 -9.86113e-4 -6.72676e-4 0.009253501 -9.86113e-4 -6.72676e-4 0.009253501 -9.86113e-4 -1.28545e-4 0.009253501 -9.86113e-4 -1.28545e-4 0.009253501 -0.001073002 -6.79895e-4 0.009253501 -0.001073002 -6.79895e-4 0.009253501 -0.001073002 -1.21333e-4 0.009253501 -0.001073002 -1.21333e-4 0.009253501 -0.001157462 -9.99348e-5 0.009253501 -0.001157462 -9.99348e-5 0.009253501 0.001062393 9.31047e-4 0.009253501 0.001062393 9.31047e-4 0.009253501 0.001105844 9.42074e-4 0.009253501 0.001105844 9.42074e-4 0.009253501 0.001147091 9.60134e-4 0.009253501 0.001147091 9.60134e-4 0.009253501 0.001266658 0.001090109 0.009253501 0.001266658 0.001090109 0.009253501 0.001281261 0.001132607 0.009253501 0.001281261 0.001132607 0.009253501 0.001288652 0.001176893 0.009253501 0.001288652 0.001176893 0.009253501 0.001217663 0.001383602 0.009253501 0.001217663 0.001383602 0.009253501 0.001288652 0.001221835 0.009253501 0.001288652 0.001221835 0.009253501 0.001281261 0.001266181 0.009253501 0.001281261 0.001266181 0.009253501 0.001266658 0.001308619 0.009253501 0.001266658 0.001308619 0.009253501 0.001147091 -6.39893e-4 0.009253501 0.001147091 -6.39893e-4 0.009253501 0.001184642 -6.15276e-4 0.009253501 0.001184642 -6.15276e-4 0.009253501 0.001217663 -5.84885e-4 0.009253501 0.001217663 -5.84885e-4 0.009253501 0.001281261 -3.33823e-4 0.009253501 0.001281261 -3.33823e-4 0.009253501 0.001266658 -2.91325e-4 0.009253501 0.001266658 -2.91325e-4 0.009253501 0.00124526 -2.51815e-4 0.009253501 0.00124526 -2.51815e-4 0.009253501 0.001062393 -6.6892e-4 0.009253501 0.001062393 -6.6892e-4 0.009253501 0.001266658 -5.09895e-4 0.009253501 0.001266658 -5.09895e-4 0.009253501 0.001281261 -4.67405e-4 0.009253501 0.001281261 -4.67405e-4 0.009253501 0.001105844 -6.57894e-4 0.009253501 0.001105844 -6.57894e-4 0.009253501 0.001105844 -6.57894e-4 0.009253501 0.00124526 -5.49413e-4 0.009253501 0.00124526 -5.49413e-4 0.009253501 0.001217663 -2.16342e-4 0.009253501 0.001217663 -2.16342e-4 0.009253501 0.001184642 -1.85944e-4 0.009253501 0.001184642 -1.85944e-4 0.009253501 0.001147091 -1.61335e-4 0.009253501 0.001147091 -1.61335e-4 0.009253501 0.001105844 -1.43334e-4 0.009253501 0.001105844 -1.43334e-4 0.009253501 0.001062393 -1.3224e-4 0.009253501 0.001062393 -1.3224e-4 0.009253501 -9.86113e-4 0.001481235 0.009269475 -9.86113e-4 0.001483798 0.009270548 -9.86113e-4 0.001712203 0.009271204 -9.86113e-4 0.001712203 0.009271204 -9.86113e-4 0.001714885 0.009270548 -9.86113e-4 0.001486539 0.009271204 -9.86113e-4 0.001489341 0.009271442 -9.86113e-4 0.001709342 0.009271442 -9.86113e-4 0.001709342 0.009271442 -9.86113e-4 0.001474857 0.009264051 -9.86113e-4 0.001476705 0.009266197 -9.86113e-4 0.001473367 0.009261608 -9.86113e-4 0.001478791 0.009267985 -9.86113e-4 0.001472294 0.009259045 -9.86113e-4 0.001471638 0.009256303 -9.86113e-4 0.001726448 0.009259045 -9.86113e-4 0.001719892 0.009267985 -9.86113e-4 0.001719892 0.009267985 -9.86113e-4 0.001725375 0.009261608 -9.86113e-4 0.001722037 0.009266197 -9.86113e-4 0.001723885 0.009264051 -9.86113e-4 0.001717507 0.009269475 -9.86113e-4 0.001717507 0.009269475 -9.86113e-4 0.001727104 0.009256303 0.001017451 -0.001482427 0.009269475 0.001017451 -0.001485049 0.009270548 0.001017451 -0.001485049 0.009270548 0.001017451 -0.001713395 0.009271204 0.001017451 -0.001716136 0.009270548 0.001017451 -0.001487791 0.009271204 0.001017451 -0.001487791 0.009271204 0.001017451 -0.001490592 0.009271442 0.001017451 -0.001490592 0.009271442 0.001017451 -0.001710593 0.009271442 0.001017451 -0.001476049 0.009264051 0.001017451 -0.001477897 0.009266197 0.001017451 -0.001474559 0.009261608 0.001017451 -0.001480042 0.009267985 0.001017451 -0.00147283 0.009256303 0.001017451 -0.00172764 0.009259045 0.001017451 -0.001721143 0.009267985 0.001017451 -0.001726567 0.009261608 0.001017451 -0.001723289 0.009266197 0.001017451 -0.001725077 0.009264051 0.001017451 -0.001718699 0.009269475 0.001017451 -0.001728296 0.009256303 0.001017451 0.001489341 0.009271442 0.001017451 0.001709342 0.009271442 0.001017451 0.001712203 0.009271204 0.001017451 0.001714885 0.009270548 0.001017451 0.001717507 0.009269475 0.001017451 0.001719892 0.009267985 0.001017451 0.001722037 0.009266197 0.001017451 0.001723885 0.009264051 0.001017451 0.001725375 0.009261608 0.001017451 0.001726448 0.009259045 0.001017451 0.001727104 0.009256303 0.001017451 0.001471638 0.009256303 0.001017451 0.001472294 0.009259045 0.001017451 0.001473367 0.009261608 0.001017451 0.001474857 0.009264051 0.001017451 0.001476705 0.009266197 0.001017451 0.001478791 0.009267985 0.001017451 0.001481235 0.009269475 0.001017451 0.001483798 0.009270548 0.001017451 0.001486539 0.009271204 0.001017451 9.09403e-4 0.009271442 0.001017451 6.8941e-4 0.009271442 0.001065254 9.13345e-4 0.009271442 0.001101493 6.96324e-4 0.009271442 0.001111686 9.25087e-4 0.009271442 0.001183152 7.17007e-4 0.009271442 0.001155555 9.44339e-4 0.009271442 0.00126028 7.50855e-4 0.009271442 0.001195669 9.70565e-4 0.009271442 0.001330792 7.96937e-4 0.009271442 0.001230835 0.001002967 0.009271442 0.001392781 8.53978e-4 0.009271442 0.00126034 0.001040756 0.009271442 0.001444578 9.20438e-4 0.009271442 0.001283049 0.001082897 0.009271442 0.001484572 9.94526e-4 0.009271442 0.001298666 0.001128196 0.009271442 0.001511991 0.001074194 0.009271442 0.001306593 0.001175403 0.009271442 0.001525878 0.001157224 0.009271442 0.001306593 0.001223325 0.009271442 0.001525878 0.001241505 0.009271442 0.001298666 0.001270532 0.009271442 0.001511991 0.001324594 0.009271442 0.001283049 0.001315832 0.009271442 0.001484572 0.001404225 0.009271442 0.00126034 0.001357972 0.009271442 0.001444578 0.001478314 0.009271442 0.001230835 0.001395761 0.009271442 0.001392781 0.001544773 0.009271442 0.001195669 0.001428246 0.009271442 0.001330792 0.001601815 0.009271442 0.001155555 0.001454412 0.009271442 0.00126028 0.001647889 0.009271442 0.001111686 0.001473665 0.009271442 0.001183152 0.001681745 0.009271442 0.001065254 0.001485407 0.009271442 0.001101493 0.001702427 0.009271442 0.001017451 6.86608e-4 0.009271204 0.00110197 6.93575e-4 0.009271204 0.001017451 6.83867e-4 0.009270548 0.001102387 6.909e-4 0.009270548 0.001017451 6.81244e-4 0.009269475 0.001102745 6.88337e-4 0.009269475 0.001017451 6.7886e-4 0.009267985 0.001103281 6.85945e-4 0.009267985 0.001017451 6.76714e-4 0.009266197 0.001103579 6.83807e-4 0.009266197 0.001017451 6.74866e-4 0.009264051 0.001103878 6.82019e-4 0.009264051 0.001017451 6.73376e-4 0.009261608 0.001104056 6.80588e-4 0.009261608 0.001017451 6.72296e-4 0.009259045 0.001104295 6.79516e-4 0.009259045 0.001017451 6.71648e-4 0.009256303 0.001104354 6.7886e-4 0.009256303 0.001188874 7.00258e-4 0.009256303 0.001268684 7.35246e-4 0.009256303 0.00134164 7.8293e-4 0.009256303 0.001405775 8.41998e-4 0.009256303 0.00145936 9.10715e-4 0.009256303 0.001500844 9.87426e-4 0.009256303 0.001529037 0.001069843 0.009256303 0.001543462 0.001155793 0.009256303 0.001543462 0.001242935 0.009256303 0.001529037 0.001328945 0.009256303 0.001500844 0.001411378 0.009256303 0.00145936 0.001488029 0.009256303 0.001405775 0.001556813 0.009256303 0.00134164 0.001615822 0.009256303 0.001268684 0.001663506 0.009256303 0.001188874 0.001698493 0.009256303 0.001104354 0.001719892 0.009256303 0.001188635 7.00854e-4 0.009259045 0.001268386 7.35835e-4 0.009259045 0.001341283 7.83466e-4 0.009259045 0.001405239 8.42415e-4 0.009259045 0.001458764 9.11139e-4 0.009259045 0.001500189 9.87664e-4 0.009259045 0.001528441 0.001069962 0.009259045 0.001542747 0.001155853 0.009259045 0.001542747 0.001242876 0.009259045 0.001528441 0.001328766 0.009259045 0.001500189 0.00141108 0.009259045 0.001458764 0.001487672 0.009259045 0.001405239 0.001556336 0.009259045 0.001341283 0.001615285 0.009259045 0.001268386 0.001662909 0.009259045 0.001188635 0.001697897 0.009259045 0.001104295 0.001719236 0.009259045 0.001188337 7.01867e-4 0.009261608 0.00126785 7.36796e-4 0.009261608 0.001340687 7.84293e-4 0.009261608 0.001404583 8.43123e-4 0.009261608 0.00145787 9.11676e-4 0.009261608 0.001499295 9.88089e-4 0.009261608 0.001527488 0.001070261 0.009261608 0.001541793 0.001155912 0.009261608 0.001541793 0.001242816 0.009261608 0.001527488 0.001328468 0.009261608 0.001499295 0.001410663 0.009261608 0.00145787 0.001487076 0.009261608 0.001404583 0.001555621 0.009261608 0.001340687 0.001614451 0.009261608 0.00126785 0.001661956 0.009261608 0.001188337 0.001696884 0.009261608 0.001104056 0.001718163 0.009261608 0.00118786 7.03298e-4 0.009264051 0.001267194 7.38107e-4 0.009264051 0.001339793 7.85485e-4 0.009264051 0.00140345 8.44136e-4 0.009264051 0.001456677 9.12503e-4 0.009264051 0.001497864 9.88685e-4 0.009264051 0.001525938 0.001070618 0.009264051 0.001540243 0.001156032 0.009264051 0.001540243 0.001242697 0.009264051 0.001525938 0.00132811 0.009264051 0.001497864 0.001410067 0.009264051 0.001456677 0.001486241 0.009264051 0.00140345 0.001554608 0.009264051 0.001339793 0.001613318 0.009264051 0.001267194 0.001660645 0.009264051 0.00118786 0.001695454 0.009264051 0.001103878 0.001716732 0.009264051 0.001187264 7.05026e-4 0.009266197 0.001266241 7.39716e-4 0.009266197 0.001338541 7.86916e-4 0.009266197 0.00140208 8.45395e-4 0.009266197 0.001455187 9.13516e-4 0.009266197 0.001496136 9.894e-4 0.009266197 0.00152415 0.001071035 0.009266197 0.001538455 0.00115621 0.009266197 0.001538455 0.001242518 0.009266197 0.00152415 0.001327693 0.009266197 0.001496136 0.001409351 0.009266197 0.001455187 0.001485228 0.009266197 0.00140208 0.001553356 0.009266197 0.001338541 0.001611828 0.009266197 0.001266241 0.001659035 0.009266197 0.001187264 0.001693725 0.009266197 0.001103579 0.001714944 0.009266197 0.001186549 7.07045e-4 0.009267985 0.001265287 7.41564e-4 0.009267985 0.001337289 7.88585e-4 0.009267985 0.001400589 8.46826e-4 0.009267985 0.00145334 9.14656e-4 0.009267985 0.001494288 9.90294e-4 0.009267985 0.001522183 0.001071572 0.009267985 0.00153625 0.001156389 0.009267985 0.00153625 0.001242339 0.009267985 0.001522183 0.001327157 0.009267985 0.001494288 0.001408457 0.009267985 0.00145334 0.001484096 0.009267985 0.001400589 0.001551926 0.009267985 0.001337289 0.001610159 0.009267985 0.001265287 0.001657187 0.009267985 0.001186549 0.001691699 0.009267985 0.001103281 0.001712799 0.009267985 0.001185774 7.09318e-4 0.009269475 0.001264154 7.4371e-4 0.009269475 0.00133574 7.90499e-4 0.009269475 0.001398742 8.48435e-4 0.009269475 0.001451253 9.15967e-4 0.009269475 0.001492083 9.91248e-4 0.009269475 0.001519858 0.001072168 0.009269475 0.001533985 0.001156568 0.009269475 0.001533985 0.00124216 0.009269475 0.001519858 0.00132656 0.009269475 0.001492083 0.001407504 0.009269475 0.001451253 0.001482784 0.009269475 0.001398742 0.001550316 0.009269475 0.00133574 0.001608252 0.009269475 0.001264154 0.001655042 0.009269475 0.001185774 0.001689434 0.009269475 0.001102745 0.001710474 0.009269475 0.00118494 7.11754e-4 0.009270548 0.001262843 7.45975e-4 0.009270548 0.00133419 7.92526e-4 0.009270548 0.001396894 8.50216e-4 0.009270548 0.001449048 9.17398e-4 0.009270548 0.001489639 9.92313e-4 0.009270548 0.001517236 0.001072824 0.009270548 0.001531243 0.001156806 0.009270548 0.001531243 0.001241922 0.009270548 0.001517236 0.001325905 0.009270548 0.001489639 0.001406431 0.009270548 0.001449048 0.001481354 0.009270548 0.001396894 0.001548528 0.009270548 0.00133419 0.001606225 0.009270548 0.001262843 0.001652777 0.009270548 0.00118494 0.00168699 0.009270548 0.001102387 0.001707911 0.009270548 0.001184046 7.14384e-4 0.009271204 0.001261591 7.48419e-4 0.009271204 0.001332581 7.94724e-4 0.009271204 0.001394748 8.52064e-4 0.009271204 0.001446843 9.18888e-4 0.009271204 0.001487135 9.93386e-4 0.009271204 0.001514673 0.001073479 0.009271204 0.00152868 0.001157045 0.009271204 0.00152868 0.001241743 0.009271204 0.001514673 0.001325249 0.009271204 0.001487135 0.001405358 0.009271204 0.001446843 0.001479864 0.009271204 0.001394748 0.00154668 0.009271204 0.001332581 0.00160402 0.009271204 0.001261591 0.001650393 0.009271204 0.001184046 0.001684367 0.009271204 0.00110197 0.001705169 0.009271204 0.001017451 9.27106e-4 0.009256303 0.001062393 9.30809e-4 0.009256303 0.001017451 9.26458e-4 0.009259045 0.001062452 9.30205e-4 0.009259045 0.001017451 9.25385e-4 0.009261608 0.001062691 9.2914e-4 0.009261608 0.001017451 9.23895e-4 0.009264051 0.00106287 9.2765e-4 0.009264051 0.001017451 9.22106e-4 0.009266197 0.001063168 9.25854e-4 0.009266197 0.001017451 9.19953e-4 0.009267985 0.001063585 9.23775e-4 0.009267985 0.001017451 9.17517e-4 0.009269475 0.001063942 9.21384e-4 0.009269475 0.001017451 9.14954e-4 0.009270548 0.00106436 9.18828e-4 0.009270548 0.001017451 9.12205e-4 0.009271204 0.001064777 9.16086e-4 0.009271204 0.001110792 9.27769e-4 0.009271204 0.001154243 9.46835e-4 0.009271204 0.00119394 9.72763e-4 0.009271204 0.001228749 0.001004874 0.009271204 0.001257956 0.001042306 0.009271204 0.001280546 0.001084029 0.009271204 0.001295983 0.001128852 0.009271204 0.001303791 0.001175642 0.009271204 0.001303791 0.001223087 0.009271204 0.001295983 0.001269876 0.009271204 0.001280546 0.001314759 0.009271204 0.001257956 0.001356422 0.009271204 0.001228749 0.001393854 0.009271204 0.00119394 0.001425981 0.009271204 0.001154243 0.001451969 0.009271204 0.001110792 0.001470983 0.009271204 0.001064777 0.001482665 0.009271204 0.001109838 9.30324e-4 0.009270548 0.001152992 9.49227e-4 0.009270548 0.001192271 9.74916e-4 0.009270548 0.001226842 0.001006722 0.009270548 0.001255691 0.001043796 0.009270548 0.001278042 0.001085102 0.009270548 0.001293241 0.001129567 0.009270548 0.00130099 0.00117588 0.009270548 0.00130099 0.001222848 0.009270548 0.001293241 0.001269221 0.009270548 0.001278042 0.001313626 0.009270548 0.001255691 0.001354932 0.009270548 0.001226842 0.001392006 0.009270548 0.001192271 0.001423835 0.009270548 0.001152992 0.001449525 0.009270548 0.001109838 0.00146842 0.009270548 0.00106436 0.001479923 0.009270548 0.001109063 9.32835e-4 0.009269475 0.00115168 9.51484e-4 0.009269475 0.001190662 9.76935e-4 0.009269475 0.001224875 0.00100845 0.009269475 0.001253485 0.001045227 0.009269475 0.001275658 0.001086175 0.009269475 0.001290738 0.001130163 0.009269475 0.001298487 0.001176118 0.009269475 0.001298487 0.00122267 0.009269475 0.001290738 0.001268565 0.009269475 0.001275658 0.001312613 0.009269475 0.001253485 0.001353502 0.009269475 0.001224875 0.001390278 0.009269475 0.001190662 0.001421809 0.009269475 0.00115168 0.00144726 0.009269475 0.001109063 0.001465976 0.009269475 0.001063942 0.00147736 0.009269475 0.001108288 9.35093e-4 0.009267985 0.001150548 9.53637e-4 0.009267985 0.001189172 9.7885e-4 0.009267985 0.001223146 0.001010119 0.009267985 0.001251459 0.001046538 0.009267985 0.001273453 0.001087129 0.009267985 0.001288354 0.001130759 0.009267985 0.001296043 0.001176297 0.009267985 0.001296043 0.001222431 0.009267985 0.001288354 0.001267969 0.009267985 0.001273453 0.0013116 0.009267985 0.001251459 0.00135219 0.009267985 0.001223146 0.001388609 0.009267985 0.001189172 0.001419901 0.009267985 0.001150548 0.001445114 0.009267985 0.001108288 0.001463651 0.009267985 0.001063585 0.001474976 0.009267985 0.001107573 9.37127e-4 0.009266197 0.001149594 9.55485e-4 0.009266197 0.00118786 9.80579e-4 0.009266197 0.001221537 0.00101155 0.009266197 0.00124967 0.00104767 0.009266197 0.001271486 0.001087963 0.009266197 0.001286387 0.001131296 0.009266197 0.001293838 0.001176476 0.009266197 0.001293838 0.001222252 0.009266197 0.001286387 0.001267433 0.009266197 0.001271486 0.001310765 0.009266197 0.00124967 0.001351058 0.009266197 0.001221537 0.001387178 0.009266197 0.00118786 0.001418173 0.009266197 0.001149594 0.001443266 0.009266197 0.001107573 0.001461625 0.009266197 0.001063168 0.00147289 0.009266197 0.001106977 9.38855e-4 0.009264051 0.001148641 9.57094e-4 0.009264051 0.001186788 9.82009e-4 0.009264051 0.001220285 0.001012802 0.009264051 0.00124818 0.001048684 0.009264051 0.001269757 0.001088738 0.009264051 0.001284539 0.001131713 0.009264051 0.001292049 0.001176595 0.009264051 0.001292049 0.001222133 0.009264051 0.001284539 0.001267015 0.009264051 0.001269757 0.00131005 0.009264051 0.00124818 0.001350045 0.009264051 0.001220285 0.001385927 0.009264051 0.001186788 0.001416742 0.009264051 0.001148641 0.001441657 0.009264051 0.001106977 0.001459896 0.009264051 0.00106287 0.001471102 0.009264051 0.001106441 9.40226e-4 0.009261608 0.001147985 9.58406e-4 0.009261608 0.001185894 9.83134e-4 0.009261608 0.001219153 0.001013815 0.009261608 0.001246988 0.001049518 0.009261608 0.001268446 0.001089274 0.009261608 0.001283168 0.00113213 0.009261608 0.001290678 0.001176714 0.009261608 0.001290678 0.001222014 0.009261608 0.001283168 0.001266658 0.009261608 0.001268446 0.001309454 0.009261608 0.001246988 0.00134921 0.009261608 0.001219153 0.001384973 0.009261608 0.001185894 0.00141561 0.009261608 0.001147985 0.001440346 0.009261608 0.001106441 0.001458525 0.009261608 0.001062691 0.001469612 0.009261608 0.001106142 9.4124e-4 0.009259045 0.001147449 9.59359e-4 0.009259045 0.001185178 9.84036e-4 0.009259045 0.001218378 0.00101453 0.009259045 0.001246094 0.001050114 0.009259045 0.001267492 0.001089751 0.009259045 0.001282036 0.001132369 0.009259045 0.001289546 0.001176834 0.009259045 0.001289546 0.001221895 0.009259045 0.001282036 0.00126636 0.009259045 0.001267492 0.001308977 0.009259045 0.001246094 0.001348674 0.009259045 0.001218378 0.001384198 0.009259045 0.001185178 0.001414775 0.009259045 0.001147449 0.001439392 0.009259045 0.001106142 0.001457512 0.009259045 0.001062452 0.001468598 0.009259045 0.001105964 9.41895e-4 0.009256303 0.00114715 9.59955e-4 0.009256303 0.001184761 9.84505e-4 0.009256303 0.001217842 0.001014947 0.009256303 0.001245439 0.001050472 0.009256303 0.001266837 0.00108999 0.009256303 0.00128144 0.001132547 0.009256303 0.00128889 0.001176893 0.009256303 0.00128889 0.001221835 0.009256303 0.00128144 0.001266181 0.009256303 0.001266837 0.001308739 0.009256303 0.001245439 0.001348257 0.009256303 0.001217842 0.001383781 0.009256303 0.001184761 0.001414239 0.009256303 0.00114715 0.001438796 0.009256303 0.001105964 0.001456916 0.009256303 0.001062393 0.001467943 0.009256303 -9.86113e-4 9.09403e-4 0.009271442 -9.86113e-4 6.8941e-4 0.009271442 -9.86113e-4 6.86608e-4 0.009271204 -9.86113e-4 6.83866e-4 0.009270548 -9.86113e-4 6.81244e-4 0.009269475 -9.86113e-4 6.7886e-4 0.009267985 -9.86113e-4 6.76714e-4 0.009266197 -9.86113e-4 6.74866e-4 0.009264051 -9.86113e-4 6.73376e-4 0.009261608 -9.86113e-4 6.72296e-4 0.009259045 -9.86113e-4 6.71647e-4 0.009256303 -9.86113e-4 9.27105e-4 0.009256303 -9.86113e-4 9.26457e-4 0.009259045 -9.86113e-4 9.25384e-4 0.009261608 -9.86113e-4 9.23894e-4 0.009264051 -9.86113e-4 9.22106e-4 0.009266197 -9.86113e-4 9.19953e-4 0.009267985 -9.86113e-4 9.17517e-4 0.009269475 -9.86113e-4 9.14954e-4 0.009270548 -9.86113e-4 9.12204e-4 0.009271204 -0.001033902 6.85416e-4 0.009271442 -0.001069962 9.02437e-4 0.009271442 -0.001080274 6.73674e-4 0.009271442 -0.00115168 8.81754e-4 0.009271442 -0.001124203 6.54414e-4 0.009271442 -0.001228749 8.47898e-4 0.009271442 -0.001164197 6.28255e-4 0.009271442 -0.001299262 8.01824e-4 0.009271442 -0.001199483 5.95823e-4 0.009271442 -0.00136125 7.44775e-4 0.009271442 -0.001228868 5.57974e-4 0.009271442 -0.001413047 6.78316e-4 0.009271442 -0.001251697 5.15893e-4 0.009271442 -0.001453161 6.04234e-4 0.009271442 -0.001267254 4.70593e-4 0.009271442 -0.00148046 5.24595e-4 0.009271442 -0.001275062 4.23334e-4 0.009271442 -0.001494348 4.41514e-4 0.009271442 -0.001275062 3.75405e-4 0.009271442 -0.001494348 3.57285e-4 0.009271442 -0.001267254 3.28205e-4 0.009271442 -0.00148046 2.74204e-4 0.009271442 -0.001251697 2.82906e-4 0.009271442 -0.001453161 1.94505e-4 0.009271442 -0.001228868 2.40765e-4 0.009271442 -0.001413047 1.20424e-4 0.009271442 -0.001199483 2.02976e-4 0.009271442 -0.00136125 5.39644e-5 0.009271442 -0.001164197 1.70544e-4 0.009271442 -0.001299262 -3.08472e-6 0.009271442 -0.001124203 1.44325e-4 0.009271442 -0.001228749 -4.91516e-5 0.009271442 -0.001080274 1.25125e-4 0.009271442 -0.00115168 -8.29549e-5 0.009271442 -0.001033902 1.13323e-4 0.009271442 -0.001069962 -1.03638e-4 0.009271442 -9.86113e-4 1.09397e-4 0.009271442 -9.86113e-4 -1.10604e-4 0.009271442 -9.86113e-4 1.12198e-4 0.009271204 -0.001033365 1.16125e-4 0.009271204 -9.86113e-4 1.14933e-4 0.009270548 -0.001032948 1.18814e-4 0.009270548 -9.86113e-4 1.17555e-4 0.009269475 -0.001032471 1.21377e-4 0.009269475 -9.86113e-4 1.19947e-4 0.009267985 -0.001032054 1.23754e-4 0.009267985 -9.86113e-4 1.22085e-4 0.009266197 -0.001031756 1.25848e-4 0.009266197 -9.86113e-4 1.23933e-4 0.009264051 -0.001031458 1.27695e-4 0.009264051 -9.86113e-4 1.25363e-4 0.009261608 -0.00103116 1.29126e-4 0.009261608 -9.86113e-4 1.26444e-4 0.009259045 -0.0010311 1.30199e-4 0.009259045 -9.86113e-4 1.27099e-4 0.009256303 -0.001030862 1.30854e-4 0.009256303 -0.001074492 1.41874e-4 0.009256303 -0.001115679 1.59934e-4 0.009256303 -0.001153349 1.84558e-4 0.009256303 -0.00118649 2.14957e-4 0.009256303 -0.001214087 2.50473e-4 0.009256303 -0.001235485 2.89999e-4 0.009256303 -0.001250088 3.32557e-4 0.009256303 -0.001257359 3.76895e-4 0.009256303 -0.001257359 4.21844e-4 0.009256303 -0.001250088 4.66242e-4 0.009256303 -0.001235485 5.08748e-4 0.009256303 -0.001214087 5.48325e-4 0.009256303 -0.00118649 5.83783e-4 0.009256303 -0.001153349 6.14248e-4 0.009256303 -0.001115679 6.38865e-4 0.009256303 -0.001074492 6.56925e-4 0.009256303 -0.001030862 6.67944e-4 0.009256303 -0.00107479 1.41226e-4 0.009259045 -0.001115977 1.59345e-4 0.009259045 -0.001153767 1.84014e-4 0.009259045 -0.001186847 2.14539e-4 0.009259045 -0.001214563 2.50116e-4 0.009259045 -0.001235961 2.89753e-4 0.009259045 -0.001250684 3.32378e-4 0.009259045 -0.001258075 3.76835e-4 0.009259045 -0.001258075 4.21904e-4 0.009259045 -0.001250684 4.66369e-4 0.009259045 -0.001235961 5.09046e-4 0.009259045 -0.001214563 5.48676e-4 0.009259045 -0.001186847 5.84267e-4 0.009259045 -0.001153767 6.14785e-4 0.009259045 -0.001115977 6.39394e-4 0.009259045 -0.00107479 6.57514e-4 0.009259045 -0.0010311 6.68608e-4 0.009259045 -0.001075088 1.40205e-4 0.009261608 -0.001116454 1.58384e-4 0.009261608 -0.001154482 1.83187e-4 0.009261608 -0.001187682 2.13824e-4 0.009261608 -0.001215457 2.49527e-4 0.009261608 -0.001237094 2.89336e-4 0.009261608 -0.001251697 3.32139e-4 0.009261608 -0.001259148 3.76776e-4 0.009261608 -0.001259148 4.22016e-4 0.009261608 -0.001251697 4.66667e-4 0.009261608 -0.001237094 5.09456e-4 0.009261608 -0.001215457 5.49279e-4 0.009261608 -0.001187682 5.84975e-4 0.009261608 -0.001154482 6.15619e-4 0.009261608 -0.001116454 6.40355e-4 0.009261608 -0.001075088 6.58534e-4 0.009261608 -0.00103116 6.69673e-4 0.009261608 -0.001075565 1.38834e-4 0.009264051 -0.001117289 1.57133e-4 0.009264051 -0.001155257 1.81995e-4 0.009264051 -0.001188755 2.12803e-4 0.009264051 -0.00121665 2.48685e-4 0.009264051 -0.001238346 2.88747e-4 0.009264051 -0.001253187 3.31774e-4 0.009264051 -0.001260697 3.76664e-4 0.009264051 -0.001260697 4.22135e-4 0.009264051 -0.001253187 4.67025e-4 0.009264051 -0.001238346 5.10059e-4 0.009264051 -0.00121665 5.50054e-4 0.009264051 -0.001188755 5.85995e-4 0.009264051 -0.001155257 6.16744e-4 0.009264051 -0.001117289 6.41666e-4 0.009264051 -0.001075565 6.59965e-4 0.009264051 -0.001031458 6.71104e-4 0.009264051 -0.001076161 1.37105e-4 0.009266197 -0.001118063 1.55523e-4 0.009266197 -0.001156449 1.80565e-4 0.009266197 -0.001190185 2.11559e-4 0.009266197 -0.001218259 2.47739e-4 0.009266197 -0.001240074 2.87965e-4 0.009266197 -0.001254856 3.31305e-4 0.009266197 -0.001262485 3.76485e-4 0.009266197 -0.001262485 4.22254e-4 0.009266197 -0.001254856 4.67434e-4 0.009266197 -0.001240074 5.10774e-4 0.009266197 -0.001218259 5.51067e-4 0.009266197 -0.001190185 5.87188e-4 0.009266197 -0.001156449 6.18234e-4 0.009266197 -0.001118063 6.43276e-4 0.009266197 -0.001076161 6.61686e-4 0.009266197 -0.001031756 6.72899e-4 0.009266197 -0.001076757 1.35086e-4 0.009267985 -0.001119077 1.53616e-4 0.009267985 -0.00115776 1.78836e-4 0.009267985 -0.001191675 2.10129e-4 0.009267985 -0.001220047 2.46547e-4 0.009267985 -0.001242101 2.87138e-4 0.009267985 -0.001257002 3.30768e-4 0.009267985 -0.001264572 3.76306e-4 0.009267985 -0.001264572 4.22433e-4 0.009267985 -0.001257002 4.67978e-4 0.009267985 -0.001242101 5.11668e-4 0.009267985 -0.001220047 5.52259e-4 0.009267985 -0.001191675 5.88678e-4 0.009267985 -0.00115776 6.19903e-4 0.009267985 -0.001119077 6.45175e-4 0.009267985 -0.001076757 6.63713e-4 0.009267985 -0.001032054 6.75045e-4 0.009267985 -0.001077592 1.32814e-4 0.009269475 -0.001120269 1.51537e-4 0.009269475 -0.001159191 1.76988e-4 0.009269475 -0.001193463 2.08519e-4 0.009269475 -0.001222074 2.45236e-4 0.009269475 -0.001244187 2.86184e-4 0.009269475 -0.001259386 3.30165e-4 0.009269475 -0.001266956 3.76128e-4 0.009269475 -0.001266956 4.22679e-4 0.009269475 -0.001259386 4.68574e-4 0.009269475 -0.001244187 5.12615e-4 0.009269475 -0.001222074 5.53563e-4 0.009269475 -0.001193463 5.90287e-4 0.009269475 -0.001159191 6.21818e-4 0.009269475 -0.001120269 6.47269e-4 0.009269475 -0.001077592 6.65985e-4 0.009269475 -0.001032471 6.77369e-4 0.009269475 -0.001078486 1.30378e-4 0.009270548 -0.001121461 1.49205e-4 0.009270548 -0.0011608 1.74895e-4 0.009270548 -0.001195371 2.06724e-4 0.009270548 -0.00122416 2.43805e-4 0.009270548 -0.001246571 2.85104e-4 0.009270548 -0.001261889 3.29576e-4 0.009270548 -0.001269578 3.75889e-4 0.009270548 -0.001269578 4.22858e-4 0.009270548 -0.001261889 4.69223e-4 0.009270548 -0.001246571 5.13635e-4 0.009270548 -0.00122416 5.54934e-4 0.009270548 -0.001195371 5.92016e-4 0.009270548 -0.0011608 6.23844e-4 0.009270548 -0.001121461 6.49534e-4 0.009270548 -0.001078486 6.68429e-4 0.009270548 -0.001032948 6.79985e-4 0.009270548 -0.00107938 1.27755e-4 0.009271204 -0.001122772 1.46828e-4 0.009271204 -0.001162469 1.72756e-4 0.009271204 -0.001197397 2.04876e-4 0.009271204 -0.001226603 2.42315e-4 0.009271204 -0.001249194 2.84038e-4 0.009271204 -0.001264452 3.28854e-4 0.009271204 -0.001272261 3.75643e-4 0.009271204 -0.001272261 4.23096e-4 0.009271204 -0.001264452 4.69886e-4 0.009271204 -0.001249194 5.14768e-4 0.009271204 -0.001226603 5.56484e-4 0.009271204 -0.001197397 5.93915e-4 0.009271204 -0.001162469 6.26042e-4 0.009271204 -0.001122772 6.51978e-4 0.009271204 -0.00107938 6.70984e-4 0.009271204 -0.001033365 6.82674e-4 0.009271204 -9.86113e-4 -1.28366e-4 0.009256303 -0.001073002 -1.21154e-4 0.009256303 -9.86113e-4 -1.27711e-4 0.009259045 -0.001072883 -1.20506e-4 0.009259045 -9.86113e-4 -1.26586e-4 0.009261608 -0.001072645 -1.19426e-4 0.009261608 -9.86113e-4 -1.25155e-4 0.009264051 -0.001072347 -1.17995e-4 0.009264051 -9.86113e-4 -1.23307e-4 0.009266197 -0.001072049 -1.16155e-4 0.009266197 -9.86113e-4 -1.21154e-4 0.009267985 -0.001071751 -1.14061e-4 0.009267985 -9.86113e-4 -1.18777e-4 0.009269475 -0.001071393 -1.11684e-4 0.009269475 -9.86113e-4 -1.16155e-4 0.009270548 -0.001070976 -1.09114e-4 0.009270548 -9.86113e-4 -1.13405e-4 0.009271204 -0.001070499 -1.06432e-4 0.009271204 -0.001152694 -8.56371e-5 0.009271204 -0.00123018 -5.15954e-5 0.009271204 -0.00130105 -5.28264e-6 0.009271204 -0.001363396 5.2057e-5 0.009271204 -0.001415491 1.18933e-4 0.009271204 -0.001455783 1.9338e-4 0.009271204 -0.001483201 2.73488e-4 0.009271204 -0.001497149 3.57054e-4 0.009271204 -0.001497149 4.41745e-4 0.009271204 -0.001483201 5.25258e-4 0.009271204 -0.001455783 6.05367e-4 0.009271204 -0.001415491 6.79865e-4 0.009271204 -0.001363396 7.4669e-4 0.009271204 -0.00130105 8.04089e-4 0.009271204 -0.00123018 8.50394e-4 0.009271204 -0.001152694 8.84436e-4 0.009271204 -0.001070499 9.05178e-4 0.009271204 -0.001153588 -8.82523e-5 0.009270548 -0.001231491 -5.40467e-5 0.009270548 -0.001302778 -7.43586e-6 0.009270548 -0.001365482 5.02093e-5 0.009270548 -0.001417696 1.17384e-4 0.009270548 -0.001458287 1.92307e-4 0.009270548 -0.001485884 2.72825e-4 0.009270548 -0.001499891 3.56816e-4 0.009270548 -0.001499891 4.41983e-4 0.009270548 -0.001485884 5.25974e-4 0.009270548 -0.001458287 6.06499e-4 0.009270548 -0.001417696 6.81355e-4 0.009270548 -0.001365482 7.48537e-4 0.009270548 -0.001302778 8.06235e-4 0.009270548 -0.001231491 8.52786e-4 0.009270548 -0.001153588 8.86999e-4 0.009270548 -0.001070976 9.07913e-4 0.009270548 -0.001154363 -9.06961e-5 0.009269475 -0.001232802 -5.63042e-5 0.009269475 -0.001304388 -9.51457e-6 0.009269475 -0.00136739 4.84733e-5 0.009269475 -0.001419901 1.16005e-4 0.009269475 -0.001460552 1.91234e-4 0.009269475 -0.001488387 2.72177e-4 0.009269475 -0.001502454 3.56577e-4 0.009269475 -0.001502454 4.42169e-4 0.009269475 -0.001488387 5.2657e-4 0.009269475 -0.001460552 6.07505e-4 0.009269475 -0.001419901 6.82786e-4 0.009269475 -0.00136739 7.50326e-4 0.009269475 -0.001304388 8.08254e-4 0.009269475 -0.001232802 8.55103e-4 0.009269475 -0.001154363 8.89435e-4 0.009269475 -0.001071393 9.10476e-4 0.009269475 -0.001155197 -9.29611e-5 0.009267985 -0.001233875 -5.84574e-5 0.009267985 -0.001305758 -1.14219e-5 0.009267985 -0.001369059 4.68044e-5 0.009267985 -0.001421868 1.14694e-4 0.009267985 -0.001462757 1.90273e-4 0.009267985 -0.001490652 2.71573e-4 0.009267985 -0.001504898 3.56398e-4 0.009267985 -0.001504898 4.42348e-4 0.009267985 -0.001490652 5.27166e-4 0.009267985 -0.001462757 6.08466e-4 0.009267985 -0.001421868 6.84105e-4 0.009267985 -0.001369059 7.51935e-4 0.009267985 -0.001305758 8.10169e-4 0.009267985 -0.001233875 8.57197e-4 0.009267985 -0.001155197 8.91708e-4 0.009267985 -0.001071751 9.12867e-4 0.009267985 -0.001155793 -9.49951e-5 0.009266197 -0.001234889 -6.03052e-5 0.009266197 -0.001307189 -1.30908e-5 0.009266197 -0.001370668 4.53739e-5 0.009266197 -0.001423656 1.13509e-4 0.009266197 -0.001464784 1.89446e-4 0.009266197 -0.001492798 2.71104e-4 0.009266197 -0.001506984 3.5622e-4 0.009266197 -0.001506984 4.42527e-4 0.009266197 -0.001492798 5.27695e-4 0.009266197 -0.001464784 6.09353e-4 0.009266197 -0.001423656 6.85297e-4 0.009266197 -0.001370668 7.53425e-4 0.009266197 -0.001307189 8.11897e-4 0.009266197 -0.001234889 8.59104e-4 0.009266197 -0.001155793 8.93734e-4 0.009266197 -0.001072049 9.14954e-4 0.009266197 -0.001156389 -9.67162e-5 0.009264051 -0.001235783 -6.19145e-5 0.009264051 -0.001308262 -1.45214e-5 0.009264051 -0.001371979 4.41296e-5 0.009264051 -0.001425147 1.12496e-4 0.009264051 -0.001466453 1.88663e-4 0.009264051 -0.001494586 2.70627e-4 0.009264051 -0.001508891 3.56093e-4 0.009264051 -0.001508891 4.42706e-4 0.009264051 -0.001494586 5.28179e-4 0.009264051 -0.001466453 6.10076e-4 0.009264051 -0.001425147 6.86243e-4 0.009264051 -0.001371979 7.54617e-4 0.009264051 -0.001308262 8.13328e-4 0.009264051 -0.001235783 8.60706e-4 0.009264051 -0.001156389 8.95455e-4 0.009264051 -0.001072347 9.16734e-4 0.009264051 -0.001156866 -9.80945e-5 0.009261608 -0.001236498 -6.32258e-5 0.009261608 -0.001309156 -1.57135e-5 0.009261608 -0.001373052 4.31163e-5 0.009261608 -0.001426458 1.11714e-4 0.009261608 -0.001467764 1.88075e-4 0.009261608 -0.001495957 2.7027e-4 0.009261608 -0.001510262 3.55974e-4 0.009261608 -0.001510262 4.42825e-4 0.009261608 -0.001495957 5.28537e-4 0.009261608 -0.001467764 6.10664e-4 0.009261608 -0.001426458 6.87085e-4 0.009261608 -0.001373052 7.55623e-4 0.009261608 -0.001309156 8.14453e-4 0.009261608 -0.001236498 8.61965e-4 0.009261608 -0.001156866 8.96886e-4 0.009261608 -0.001072645 9.18224e-4 0.009261608 -0.001157283 -9.91003e-5 0.009259045 -0.001236975 -6.4172e-5 0.009259045 -0.001309752 -1.65554e-5 0.009259045 -0.001373887 4.23936e-5 0.009259045 -0.001427352 1.11125e-4 0.009259045 -0.001468777 1.87658e-4 0.009259045 -0.001497089 2.70024e-4 0.009259045 -0.001511394 3.55854e-4 0.009259045 -0.001511394 4.42944e-4 0.009259045 -0.001497089 5.28775e-4 0.009259045 -0.001468777 6.11089e-4 0.009259045 -0.001427352 6.87674e-4 0.009259045 -0.001373887 7.56346e-4 0.009259045 -0.001309752 8.15295e-4 0.009259045 -0.001236975 8.62919e-4 0.009259045 -0.001157283 8.97907e-4 0.009259045 -0.001072883 9.19245e-4 0.009259045 -0.001157462 -9.9756e-5 0.009256303 -0.001237273 -6.47159e-5 0.009256303 -0.001310288 -1.70844e-5 0.009256303 -0.001374363 4.19838e-5 0.009256303 -0.001427888 1.10768e-4 0.009256303 -0.001469373 1.87419e-4 0.009256303 -0.001497685 2.69845e-4 0.009256303 -0.00151205 3.55795e-4 0.009256303 -0.00151205 4.42944e-4 0.009256303 -0.001497685 5.28954e-4 0.009256303 -0.001469373 6.11387e-4 0.009256303 -0.001427888 6.88039e-4 0.009256303 -0.001374363 7.56815e-4 0.009256303 -0.001310288 8.15824e-4 0.009256303 -0.001237273 8.63515e-4 0.009256303 -0.001157462 8.98495e-4 0.009256303 -0.001073002 9.19893e-4 0.009256303 0.001017451 -1.10604e-4 0.009271442 0.001017451 1.09397e-4 0.009271442 0.001017451 1.12198e-4 0.009271204 0.001017451 1.14933e-4 0.009270548 0.001017451 1.17555e-4 0.009269475 0.001017451 1.19947e-4 0.009267985 0.001017451 1.22085e-4 0.009266197 0.001017451 1.23933e-4 0.009264051 0.001017451 1.25364e-4 0.009261608 0.001017451 1.26444e-4 0.009259045 0.001017451 1.271e-4 0.009256303 0.001017451 -1.28366e-4 0.009256303 0.001017451 -1.2771e-4 0.009259045 0.001017451 -1.26585e-4 0.009261608 0.001017451 -1.25155e-4 0.009264051 0.001017451 -1.23307e-4 0.009266197 0.001017451 -1.21154e-4 0.009267985 0.001017451 -1.18777e-4 0.009269475 0.001017451 -1.16154e-4 0.009270548 0.001017451 -1.13405e-4 0.009271204 0.001017451 -6.90624e-4 0.009271442 0.001017451 -9.10625e-4 0.009271442 0.001065254 -6.86683e-4 0.009271442 0.001101493 -9.03644e-4 0.009271442 0.001111686 -6.74881e-4 0.009271442 0.001183152 -8.82961e-4 0.009271442 0.001155555 -6.55636e-4 0.009271442 0.00126028 -8.49165e-4 0.009271442 0.001195669 -6.29462e-4 0.009271442 0.001330792 -8.03091e-4 0.009271442 0.001230835 -5.97045e-4 0.009271442 0.001392781 -7.46056e-4 0.009271442 0.00126034 -5.59255e-4 0.009271442 0.001444578 -6.7953e-4 0.009271442 0.001283049 -5.17115e-4 0.009271442 0.001484572 -6.05501e-4 0.009271442 0.001298666 -4.71815e-4 0.009271442 0.001511991 -5.25817e-4 0.009271442 0.001306593 -4.24541e-4 0.009271442 0.001525878 -4.42721e-4 0.009271442 0.001306593 -3.76686e-4 0.009271442 0.001525878 -3.58507e-4 0.009271442 0.001298666 -3.29412e-4 0.009271442 0.001511991 -2.75411e-4 0.009271442 0.001283049 -2.84113e-4 0.009271442 0.001484572 -1.95727e-4 0.009271442 0.00126034 -2.41972e-4 0.009271442 0.001444578 -1.2169e-4 0.009271442 0.001230835 -2.04183e-4 0.009271442 0.001392781 -5.51714e-5 0.009271442 0.001195669 -1.71766e-4 0.009271442 0.001330792 1.86282e-6 0.009271442 0.001155555 -1.45592e-4 0.009271442 0.00126028 4.79447e-5 0.009271442 0.001111686 -1.26347e-4 0.009271442 0.001183152 8.1733e-5 0.009271442 0.001065254 -1.14545e-4 0.009271442 0.001101493 1.02416e-4 0.009271442 0.001017451 -9.13426e-4 0.009271204 0.00110197 -9.06445e-4 0.009271204 0.001017451 -9.16161e-4 0.009270548 0.001102387 -9.09135e-4 0.009270548 0.001017451 -9.18783e-4 0.009269475 0.001102745 -9.1169e-4 0.009269475 0.001017451 -9.21175e-4 0.009267985 0.001103281 -9.14074e-4 0.009267985 0.001017451 -9.23313e-4 0.009266197 0.001103579 -9.16161e-4 0.009266197 0.001017451 -9.25161e-4 0.009264051 0.001103878 -9.17956e-4 0.009264051 0.001017451 -9.26591e-4 0.009261608 0.001104056 -9.19446e-4 0.009261608 0.001017451 -9.27664e-4 0.009259045 0.001104295 -9.20512e-4 0.009259045 0.001017451 -9.28327e-4 0.009256303 0.001104354 -9.21175e-4 0.009256303 0.001188874 -8.99777e-4 0.009256303 0.001268684 -8.64722e-4 0.009256303 0.00134164 -8.17045e-4 0.009256303 0.001405775 -7.58037e-4 0.009256303 0.00145936 -6.89246e-4 0.009256303 0.001500844 -6.12594e-4 0.009256303 0.001529037 -5.30161e-4 0.009256303 0.001543462 -4.44211e-4 0.009256303 0.001543462 -3.57017e-4 0.009256303 0.001529037 -2.71067e-4 0.009256303 0.001500844 -1.88626e-4 0.009256303 0.00145936 -1.11975e-4 0.009256303 0.001405775 -4.31908e-5 0.009256303 0.00134164 1.58178e-5 0.009256303 0.001268684 6.3494e-5 0.009256303 0.001188874 9.8549e-5 0.009256303 0.001104354 1.19947e-4 0.009256303 0.001188635 -8.99114e-4 0.009259045 0.001268386 -8.64126e-4 0.009259045 0.001341283 -8.16561e-4 0.009259045 0.001405239 -7.57612e-4 0.009259045 0.001458764 -6.88895e-4 0.009259045 0.001500189 -6.12356e-4 0.009259045 0.001528441 -5.29982e-4 0.009259045 0.001542747 -4.44151e-4 0.009259045 0.001542747 -3.57076e-4 0.009259045 0.001528441 -2.71246e-4 0.009259045 0.001500189 -1.88865e-4 0.009259045 0.001458764 -1.12332e-4 0.009259045 0.001405239 -4.36155e-5 0.009259045 0.001341283 1.53335e-5 0.009259045 0.001268386 6.2965e-5 0.009259045 0.001188635 9.78859e-5 0.009259045 0.001104295 1.19284e-4 0.009259045 0.001188337 -8.981e-4 0.009261608 0.00126785 -8.63232e-4 0.009261608 0.001340687 -8.15675e-4 0.009261608 0.001404583 -7.56845e-4 0.009261608 0.00145787 -6.88292e-4 0.009261608 0.001499295 -6.11886e-4 0.009261608 0.001527488 -5.29744e-4 0.009261608 0.001541793 -4.44032e-4 0.009261608 0.001541793 -3.57196e-4 0.009261608 0.001527488 -2.71484e-4 0.009261608 0.001499295 -1.89341e-4 0.009261608 0.00145787 -1.12936e-4 0.009261608 0.001404583 -4.43829e-5 0.009261608 0.001340687 1.44469e-5 0.009261608 0.00126785 6.20039e-5 0.009261608 0.001188337 9.68726e-5 0.009261608 0.001104056 1.18219e-4 0.009261608 0.00118786 -8.96737e-4 0.009264051 0.001267194 -8.6192e-4 0.009264051 0.001339793 -8.14535e-4 0.009264051 0.00140345 -7.55884e-4 0.009264051 0.001456677 -6.87525e-4 0.009264051 0.001497864 -6.11283e-4 0.009264051 0.001525938 -5.29386e-4 0.009264051 0.001540243 -4.43913e-4 0.009264051 0.001540243 -3.57315e-4 0.009264051 0.001525938 -2.71834e-4 0.009264051 0.001497864 -1.89945e-4 0.009264051 0.001456677 -1.13703e-4 0.009264051 0.00140345 -4.5344e-5 0.009264051 0.001339793 1.33144e-5 0.009264051 0.001267194 6.06926e-5 0.009264051 0.00118786 9.55092e-5 0.009264051 0.001103878 1.16788e-4 0.009264051 0.001187264 -8.95001e-4 0.009266197 0.001266241 -8.60311e-4 0.009266197 0.001338541 -8.13104e-4 0.009266197 0.00140208 -7.54632e-4 0.009266197 0.001455187 -6.86504e-4 0.009266197 0.001496136 -6.10575e-4 0.009266197 0.00152415 -5.28917e-4 0.009266197 0.001538455 -4.43794e-4 0.009266197 0.001538455 -3.57434e-4 0.009266197 0.00152415 -2.72311e-4 0.009266197 0.001496136 -1.90653e-4 0.009266197 0.001455187 -1.14724e-4 0.009266197 0.00140208 -4.65957e-5 0.009266197 0.001338541 1.18839e-5 0.009266197 0.001266241 5.90833e-5 0.009266197 0.001187264 9.37732e-5 0.009266197 0.001103579 1.14933e-4 0.009266197 0.001186549 -8.92974e-4 0.009267985 0.001265287 -8.58404e-4 0.009267985 0.001337289 -8.11376e-4 0.009267985 0.001400589 -7.53142e-4 0.009267985 0.00145334 -6.85312e-4 0.009267985 0.001494288 -6.09733e-4 0.009267985 0.001522183 -5.28373e-4 0.009267985 0.00153625 -4.43615e-4 0.009267985 0.00153625 -3.57605e-4 0.009267985 0.001522183 -2.72855e-4 0.009267985 0.001494288 -1.91495e-4 0.009267985 0.00145334 -1.15916e-4 0.009267985 0.001400589 -4.80859e-5 0.009267985 0.001337289 1.01553e-5 0.009267985 0.001265287 5.71759e-5 0.009267985 0.001186549 9.17541e-5 0.009267985 0.001103281 1.12854e-4 0.009267985 0.001185774 -8.90717e-4 0.009269475 0.001264154 -8.56325e-4 0.009269475 0.00133574 -8.09535e-4 0.009269475 0.001398742 -7.51533e-4 0.009269475 0.001451253 -6.84e-4 0.009269475 0.001492083 -6.08727e-4 0.009269475 0.001519858 -5.27836e-4 0.009269475 0.001533985 -4.43384e-4 0.009269475 0.001533985 -3.57844e-4 0.009269475 0.001519858 -2.73384e-4 0.009269475 0.001492083 -1.925e-4 0.009269475 0.001451253 -1.17227e-4 0.009269475 0.001398742 -4.96952e-5 0.009269475 0.00133574 8.30758e-6 0.009269475 0.001264154 5.50972e-5 0.009269475 0.001185774 8.94891e-5 0.009269475 0.001102745 1.1047e-4 0.009269475 0.00118494 -8.88206e-4 0.009270548 0.001262843 -8.53993e-4 0.009270548 0.00133419 -8.07442e-4 0.009270548 0.001396894 -7.49804e-4 0.009270548 0.001449048 -6.82577e-4 0.009270548 0.001489639 -6.07714e-4 0.009270548 0.001517236 -5.27181e-4 0.009270548 0.001531243 -4.43205e-4 0.009270548 0.001531243 -3.58023e-4 0.009270548 0.001517236 -2.74047e-4 0.009270548 0.001489639 -1.93514e-4 0.009270548 0.001449048 -1.1865e-4 0.009270548 0.001396894 -5.14237e-5 0.009270548 0.00133419 6.21396e-6 0.009270548 0.001262843 5.27652e-5 0.009270548 0.00118494 8.69857e-5 0.009270548 0.001102387 1.07907e-4 0.009270548 0.001184046 -8.85643e-4 0.009271204 0.001261591 -8.51616e-4 0.009271204 0.001332581 -8.05296e-4 0.009271204 0.001394748 -7.47904e-4 0.009271204 0.001446843 -6.81087e-4 0.009271204 0.001487135 -6.06574e-4 0.009271204 0.001514673 -5.26525e-4 0.009271204 0.00152868 -4.42967e-4 0.009271204 0.00152868 -3.58261e-4 0.009271204 0.001514673 -2.74695e-4 0.009271204 0.001487135 -1.94646e-4 0.009271204 0.001446843 -1.2014e-4 0.009271204 0.001394748 -5.33236e-5 0.009271204 0.001332581 4.07565e-6 0.009271204 0.001261591 5.03885e-5 0.009271204 0.001184046 8.44152e-5 0.009271204 0.00110197 1.05225e-4 0.009271204 0.001017451 -6.72854e-4 0.009256303 0.001062393 -6.69166e-4 0.009256303 0.001017451 -6.73517e-4 0.009259045 0.001062452 -6.69815e-4 0.009259045 0.001017451 -6.74643e-4 0.009261608 0.001062691 -6.70895e-4 0.009261608 0.001017451 -6.76073e-4 0.009264051 0.00106287 -6.72325e-4 0.009264051 0.001017451 -6.77921e-4 0.009266197 0.001063168 -6.74106e-4 0.009266197 0.001017451 -6.80074e-4 0.009267985 0.001063585 -6.76252e-4 0.009267985 0.001017451 -6.82451e-4 0.009269475 0.001063942 -6.78636e-4 0.009269475 0.001017451 -6.85073e-4 0.009270548 0.00106436 -6.81206e-4 0.009270548 0.001017451 -6.87815e-4 0.009271204 0.001064777 -6.83881e-4 0.009271204 0.001110792 -6.72266e-4 0.009271204 0.001154243 -6.53185e-4 0.009271204 0.00119394 -6.27264e-4 0.009271204 0.001228749 -5.95137e-4 0.009271204 0.001257956 -5.57706e-4 0.009271204 0.001280546 -5.15975e-4 0.009271204 0.001295983 -4.71093e-4 0.009271204 0.001303791 -4.24303e-4 0.009271204 0.001303791 -3.76925e-4 0.009271204 0.001295983 -3.30135e-4 0.009271204 0.001280546 -2.85245e-4 0.009271204 0.001257956 -2.43522e-4 0.009271204 0.001228749 -2.0609e-4 0.009271204 0.00119394 -1.73963e-4 0.009271204 0.001154243 -1.48035e-4 0.009271204 0.001110792 -1.28962e-4 0.009271204 0.001064777 -1.17347e-4 0.009271204 0.001109838 -6.69636e-4 0.009270548 0.001152992 -6.50801e-4 0.009270548 0.001192271 -6.25111e-4 0.009270548 0.001226842 -5.93282e-4 0.009270548 0.001255691 -5.56216e-4 0.009270548 0.001278042 -5.14902e-4 0.009270548 0.001293241 -4.70444e-4 0.009270548 0.00130099 -4.24124e-4 0.009270548 0.00130099 -3.77096e-4 0.009270548 0.001293241 -3.30783e-4 0.009270548 0.001278042 -2.86326e-4 0.009270548 0.001255691 -2.45012e-4 0.009270548 0.001226842 -2.07946e-4 0.009270548 0.001192271 -1.76117e-4 0.009270548 0.001152992 -1.50427e-4 0.009270548 0.001109838 -1.31585e-4 0.009270548 0.00106436 -1.20021e-4 0.009270548 0.001109063 -6.67192e-4 0.009269475 0.00115168 -6.48476e-4 0.009269475 0.001190662 -6.23025e-4 0.009269475 0.001224875 -5.91494e-4 0.009269475 0.001253485 -5.54785e-4 0.009269475 0.001275658 -5.13837e-4 0.009269475 0.001290738 -4.69781e-4 0.009269475 0.001298487 -4.23886e-4 0.009269475 0.001298487 -3.77335e-4 0.009269475 0.001290738 -3.31446e-4 0.009269475 0.001275658 -2.87391e-4 0.009269475 0.001253485 -2.46443e-4 0.009269475 0.001224875 -2.09726e-4 0.009269475 0.001190662 -1.78195e-4 0.009269475 0.00115168 -1.52744e-4 0.009269475 0.001109063 -1.34036e-4 0.009269475 0.001063942 -1.22584e-4 0.009269475 0.001108288 -6.64934e-4 0.009267985 0.001150548 -6.46397e-4 0.009267985 0.001189172 -6.21125e-4 0.009267985 0.001223146 -5.89885e-4 0.009267985 0.001251459 -5.53466e-4 0.009267985 0.001273453 -5.12875e-4 0.009267985 0.001288354 -4.69185e-4 0.009267985 0.001296043 -4.23714e-4 0.009267985 0.001296043 -3.77513e-4 0.009267985 0.001288354 -3.32035e-4 0.009267985 0.001273453 -2.88345e-4 0.009267985 0.001251459 -2.47754e-4 0.009267985 0.001223146 -2.11336e-4 0.009267985 0.001189172 -1.80103e-4 0.009267985 0.001150548 -1.5483e-4 0.009267985 0.001108288 -1.36293e-4 0.009267985 0.001063585 -1.24976e-4 0.009267985 0.001107573 -6.629e-4 0.009266197 0.001149594 -6.44483e-4 0.009266197 0.00118786 -6.19456e-4 0.009266197 0.001221537 -5.88454e-4 0.009266197 0.00124967 -5.52274e-4 0.009266197 0.001271486 -5.11981e-4 0.009266197 0.001286387 -4.68716e-4 0.009266197 0.001293838 -4.23536e-4 0.009266197 0.001293838 -3.77692e-4 0.009266197 0.001286387 -3.32512e-4 0.009266197 0.001271486 -2.89246e-4 0.009266197 0.00124967 -2.48946e-4 0.009266197 0.001221537 -2.12766e-4 0.009266197 0.00118786 -1.81772e-4 0.009266197 0.001149594 -1.56745e-4 0.009266197 0.001107573 -1.38327e-4 0.009266197 0.001063168 -1.27055e-4 0.009266197 0.001106977 -6.61172e-4 0.009264051 0.001148641 -6.42873e-4 0.009264051 0.001186788 -6.18026e-4 0.009264051 0.001220285 -5.87202e-4 0.009264051 0.00124818 -5.51261e-4 0.009264051 0.001269757 -5.11266e-4 0.009264051 0.001284539 -4.68232e-4 0.009264051 0.001292049 -4.23357e-4 0.009264051 0.001292049 -3.77871e-4 0.009264051 0.001284539 -3.32996e-4 0.009264051 0.001269757 -2.89954e-4 0.009264051 0.00124818 -2.49967e-4 0.009264051 0.001220285 -2.14025e-4 0.009264051 0.001186788 -1.83202e-4 0.009264051 0.001148641 -1.58354e-4 0.009264051 0.001106977 -1.40056e-4 0.009264051 0.00106287 -1.28902e-4 0.009264051 0.001106441 -6.59741e-4 0.009261608 0.001147985 -6.41562e-4 0.009261608 0.001185894 -6.16826e-4 0.009261608 0.001219153 -5.86197e-4 0.009261608 0.001246988 -5.50486e-4 0.009261608 0.001268446 -5.1067e-4 0.009261608 0.001283168 -4.67874e-4 0.009261608 0.001290678 -4.2323e-4 0.009261608 0.001290678 -3.7799e-4 0.009261608 0.001283168 -3.33354e-4 0.009261608 0.001268446 -2.9055e-4 0.009261608 0.001246988 -2.50734e-4 0.009261608 0.001219153 -2.15031e-4 0.009261608 0.001185894 -1.84394e-4 0.009261608 0.001147985 -1.59606e-4 0.009261608 0.001106441 -1.41486e-4 0.009261608 0.001062691 -1.30333e-4 0.009261608 0.001106142 -6.58735e-4 0.009259045 0.001147449 -6.40675e-4 0.009259045 0.001185178 -6.15992e-4 0.009259045 0.001218378 -5.85474e-4 0.009259045 0.001246094 -5.49897e-4 0.009259045 0.001267492 -5.10253e-4 0.009259045 0.001282036 -4.67636e-4 0.009259045 0.001289546 -4.2317e-4 0.009259045 0.001289546 -3.78057e-4 0.009259045 0.001282036 -3.33585e-4 0.009259045 0.001267492 -2.90975e-4 0.009259045 0.001246094 -2.5133e-4 0.009259045 0.001218378 -2.15754e-4 0.009259045 0.001185178 -1.85236e-4 0.009259045 0.001147449 -1.60552e-4 0.009259045 0.001106142 -1.42492e-4 0.009259045 0.001062452 -1.31406e-4 0.009259045 0.001105964 -6.58132e-4 0.009256303 0.001105964 -6.58132e-4 0.009256303 0.00114715 -6.40072e-4 0.009256303 0.001184761 -6.15455e-4 0.009256303 0.001217842 -5.85005e-4 0.009256303 0.001245439 -5.49532e-4 0.009256303 0.001266837 -5.09955e-4 0.009256303 0.00128144 -4.67464e-4 0.009256303 0.00128889 -4.23111e-4 0.009256303 0.00128889 -3.78117e-4 0.009256303 0.00128144 -3.33764e-4 0.009256303 0.001266837 -2.91265e-4 0.009256303 0.001245439 -2.51695e-4 0.009256303 0.001217842 -2.16223e-4 0.009256303 0.001184761 -1.85765e-4 0.009256303 0.00114715 -1.61156e-4 0.009256303 0.001105964 -1.43096e-4 0.009256303 0.001062393 -1.32061e-4 0.009256303 -9.86113e-4 -6.90624e-4 0.009271442 -9.86113e-4 -9.10625e-4 0.009271442 -9.86113e-4 -9.13426e-4 0.009271204 -9.86113e-4 -9.16161e-4 0.009270548 -9.86113e-4 -9.18783e-4 0.009269475 -9.86113e-4 -9.21175e-4 0.009267985 -9.86113e-4 -9.23313e-4 0.009266197 -9.86113e-4 -9.25161e-4 0.009264051 -9.86113e-4 -9.26592e-4 0.009261608 -9.86113e-4 -9.27665e-4 0.009259045 -9.86113e-4 -9.28328e-4 0.009256303 -9.86113e-4 -6.72855e-4 0.009256303 -9.86113e-4 -6.73518e-4 0.009259045 -9.86113e-4 -6.74643e-4 0.009261608 -9.86113e-4 -6.76073e-4 0.009264051 -9.86113e-4 -6.77921e-4 0.009266197 -9.86113e-4 -6.80074e-4 0.009267985 -9.86113e-4 -6.82451e-4 0.009269475 -9.86113e-4 -6.85074e-4 0.009270548 -9.86113e-4 -6.87815e-4 0.009271204 -0.001033902 -9.14552e-4 0.009271442 -0.001069962 -6.97591e-4 0.009271442 -0.001080274 -9.26294e-4 0.009271442 -0.00115168 -7.18214e-4 0.009271442 -0.001124203 -9.45546e-4 0.009271442 -0.001228749 -7.52077e-4 0.009271442 -0.001164197 -9.71772e-4 0.009271442 -0.001299262 -7.98144e-4 0.009271442 -0.001199483 -0.001004159 0.009271442 -0.00136125 -8.55185e-4 0.009271442 -0.001228868 -0.001041948 0.009271442 -0.001413047 -9.21645e-4 0.009271442 -0.001251697 -0.001084089 0.009271442 -0.001453161 -9.95733e-4 0.009271442 -0.001267254 -0.001129388 0.009271442 -0.00148046 -0.001075387 0.009271442 -0.001275062 -0.001176595 0.009271442 -0.001494348 -0.001158475 0.009271442 -0.001275062 -0.001224517 0.009271442 -0.001494348 -0.001242697 0.009271442 -0.001267254 -0.001271784 0.009271442 -0.00148046 -0.001325786 0.009271442 -0.001251697 -0.001317083 0.009271442 -0.001453161 -0.001405417 0.009271442 -0.001228868 -0.001359164 0.009271442 -0.001413047 -0.001479506 0.009271442 -0.001199483 -0.001397013 0.009271442 -0.00136125 -0.001545965 0.009271442 -0.001164197 -0.001429438 0.009271442 -0.001299262 -0.001603007 0.009271442 -0.001124203 -0.001455605 0.009271442 -0.001228749 -0.001649081 0.009271442 -0.001080274 -0.001474857 0.009271442 -0.00115168 -0.001682937 0.009271442 -0.001033902 -0.001486599 0.009271442 -0.001069962 -0.001703619 0.009271442 -9.86113e-4 -0.001490592 0.009271442 -9.86113e-4 -0.001710593 0.009271442 -9.86113e-4 -0.001487791 0.009271204 -0.001033365 -0.001483857 0.009271204 -9.86113e-4 -0.001485049 0.009270548 -0.001032948 -0.001481175 0.009270548 -9.86113e-4 -0.001482427 0.009269475 -0.001032471 -0.001478552 0.009269475 -9.86113e-4 -0.001480042 0.009267985 -0.001032054 -0.001476228 0.009267985 -9.86113e-4 -0.001477897 0.009266197 -0.001031756 -0.001474082 0.009266197 -9.86113e-4 -0.001476049 0.009264051 -0.001031458 -0.001472294 0.009264051 -9.86113e-4 -0.001474559 0.009261608 -9.86113e-4 -0.001474559 0.009261608 -0.00103116 -0.001470863 0.009261608 -0.00103116 -0.001470863 0.009261608 -9.86113e-4 -0.001473486 0.009259045 -0.0010311 -0.00146979 0.009259045 -9.86113e-4 -0.00147283 0.009256303 -0.001030862 -0.001469135 0.009256303 -0.001074492 -0.001458108 0.009256303 -0.001115679 -0.001440048 0.009256303 -0.001153349 -0.001415431 0.009256303 -0.00118649 -0.001384973 0.009256303 -0.001214087 -0.001349508 0.009256303 -0.001235485 -0.001309931 0.009256303 -0.001250088 -0.001267433 0.009256303 -0.001257359 -0.001223027 0.009256303 -0.001257359 -0.001178085 0.009256303 -0.001250088 -0.001133739 0.009256303 -0.001235485 -0.001091182 0.009256303 -0.001214087 -0.001051664 0.009256303 -0.00118649 -0.001016139 0.009256303 -0.001153349 -9.85787e-4 0.009256303 -0.001115679 -9.61162e-4 0.009256303 -0.001074492 -9.43102e-4 0.009256303 -0.001030862 -9.32075e-4 0.009256303 -0.00107479 -0.001458704 0.009259045 -0.001115977 -0.001440584 0.009259045 -0.001153767 -0.001415967 0.009259045 -0.001186847 -0.00138545 0.009259045 -0.001214563 -0.001349866 0.009259045 -0.001235961 -0.001310229 0.009259045 -0.001250684 -0.001267552 0.009259045 -0.001258075 -0.001223087 0.009259045 -0.001258075 -0.001178026 0.009259045 -0.001250684 -0.001133561 0.009259045 -0.001235961 -0.001090943 0.009259045 -0.001214563 -0.001051306 0.009259045 -0.001186847 -0.001015722 0.009259045 -0.001153767 -9.85243e-4 0.009259045 -0.001115977 -9.60566e-4 0.009259045 -0.00107479 -9.42446e-4 0.009259045 -0.0010311 -9.31427e-4 0.009259045 -0.001075088 -0.001459717 0.009261608 -0.001116454 -0.001441538 0.009261608 -0.001154482 -0.001416802 0.009261608 -0.001187682 -0.001386165 0.009261608 -0.001215457 -0.001350462 0.009261608 -0.001237094 -0.001310646 0.009261608 -0.001251697 -0.00126785 0.009261608 -0.001259148 -0.001223206 0.009261608 -0.001259148 -0.001177966 0.009261608 -0.001251697 -0.001133322 0.009261608 -0.001237094 -0.001090526 0.009261608 -0.001215457 -0.00105071 0.009261608 -0.001187682 -0.001015007 0.009261608 -0.001154482 -9.84416e-4 0.009261608 -0.001116454 -9.59613e-4 0.009261608 -0.001075088 -9.41433e-4 0.009261608 -0.00103116 -9.30354e-4 0.009261608 -0.001075565 -0.001461148 0.009264051 -0.001117289 -0.001442849 0.009264051 -0.001155257 -0.001417934 0.009264051 -0.001188755 -0.001387119 0.009264051 -0.00121665 -0.001351237 0.009264051 -0.001238346 -0.001311242 0.009264051 -0.001253187 -0.001268208 0.009264051 -0.001260697 -0.001223325 0.009264051 -0.001260697 -0.001177847 0.009264051 -0.001253187 -0.001132965 0.009264051 -0.001238346 -0.00108993 0.009264051 -0.00121665 -0.001049876 0.009264051 -0.001188755 -0.001013994 0.009264051 -0.001155257 -9.83216e-4 0.009264051 -0.001117289 -9.58361e-4 0.009264051 -0.001075565 -9.40062e-4 0.009264051 -0.001031458 -9.28916e-4 0.009264051 -0.001076161 -0.001462876 0.009266197 -0.001118063 -0.001444458 0.009266197 -0.001156449 -0.001419425 0.009266197 -0.001190185 -0.00138837 0.009266197 -0.001218259 -0.00135225 0.009266197 -0.001240074 -0.001311957 0.009266197 -0.001254856 -0.001268625 0.009266197 -0.001262485 -0.001223444 0.009266197 -0.001262485 -0.001177668 0.009266197 -0.001254856 -0.001132488 0.009266197 -0.001240074 -0.001089155 0.009266197 -0.001218259 -0.001048922 0.009266197 -0.001190185 -0.001012742 0.009266197 -0.001156449 -9.81786e-4 0.009266197 -0.001118063 -9.56752e-4 0.009266197 -0.001076161 -9.38334e-4 0.009266197 -0.001031756 -9.27076e-4 0.009266197 -0.001076757 -0.001464903 0.009267985 -0.001119077 -0.001446366 0.009267985 -0.00115776 -0.001421093 0.009267985 -0.001191675 -0.001389861 0.009267985 -0.001220047 -0.001353442 0.009267985 -0.001242101 -0.001312851 0.009267985 -0.001257002 -0.001269161 0.009267985 -0.001264572 -0.001223623 0.009267985 -0.001264572 -0.001177489 0.009267985 -0.001257002 -0.001131951 0.009267985 -0.001242101 -0.001088321 0.009267985 -0.001220047 -0.00104773 0.009267985 -0.001191675 -0.001011312 0.009267985 -0.00115776 -9.80064e-4 0.009267985 -0.001119077 -9.54844e-4 0.009267985 -0.001076757 -9.36315e-4 0.009267985 -0.001032054 -9.24982e-4 0.009267985 -0.001077592 -0.001467168 0.009269475 -0.001120269 -0.001448452 0.009269475 -0.001159191 -0.001423001 0.009269475 -0.001193463 -0.00139147 0.009269475 -0.001222074 -0.001354753 0.009269475 -0.001244187 -0.001313805 0.009269475 -0.001259386 -0.001269757 0.009269475 -0.001266956 -0.001223862 0.009269475 -0.001266956 -0.00117731 0.009269475 -0.001259386 -0.001131355 0.009269475 -0.001244187 -0.001087367 0.009269475 -0.001222074 -0.001046419 0.009269475 -0.001193463 -0.001009702 0.009269475 -0.001159191 -9.78217e-4 0.009269475 -0.001120269 -9.52766e-4 0.009269475 -0.001077592 -9.34042e-4 0.009269475 -0.001032471 -9.22606e-4 0.009269475 -0.001078486 -0.001469612 0.009270548 -0.001121461 -0.001450717 0.009270548 -0.0011608 -0.001425027 0.009270548 -0.001195371 -0.001393198 0.009270548 -0.00122416 -0.001356124 0.009270548 -0.001246571 -0.001314818 0.009270548 -0.001261889 -0.001270413 0.009270548 -0.001269578 -0.00122404 0.009270548 -0.001269578 -0.001177072 0.009270548 -0.001261889 -0.001130759 0.009270548 -0.001246571 -0.001086294 0.009270548 -0.00122416 -0.001044988 0.009270548 -0.001195371 -0.001007914 0.009270548 -0.0011608 -9.76123e-4 0.009270548 -0.001121461 -9.50434e-4 0.009270548 -0.001078486 -9.31606e-4 0.009270548 -0.001032948 -9.20035e-4 0.009270548 -0.00107938 -0.001472175 0.009271204 -0.001122772 -0.001453161 0.009271204 -0.001162469 -0.001427233 0.009271204 -0.001197397 -0.001395106 0.009271204 -0.001226603 -0.001357674 0.009271204 -0.001249194 -0.001315951 0.009271204 -0.001264452 -0.001271069 0.009271204 -0.001272261 -0.001224279 0.009271204 -0.001272261 -0.001176834 0.009271204 -0.001264452 -0.001130044 0.009271204 -0.001249194 -0.001085221 0.009271204 -0.001226603 -0.001043498 0.009271204 -0.001197397 -0.001006066 0.009271204 -0.001162469 -9.73985e-4 0.009271204 -0.001122772 -9.48057e-4 0.009271204 -0.00107938 -9.28976e-4 0.009271204 -0.001033365 -9.17353e-4 0.009271204 -9.86113e-4 -0.001728296 0.009256303 -0.001073002 -0.001721084 0.009256303 -9.86113e-4 -0.00172764 0.009259045 -0.001072883 -0.001720428 0.009259045 -9.86113e-4 -0.001726567 0.009261608 -0.001072645 -0.001719415 0.009261608 -9.86113e-4 -0.001725077 0.009264051 -0.001072347 -0.001717925 0.009264051 -9.86113e-4 -0.001723289 0.009266197 -0.001072049 -0.001716136 0.009266197 -9.86113e-4 -0.001721143 0.009267985 -0.001071751 -0.00171405 0.009267985 -9.86113e-4 -0.001718699 0.009269475 -0.001071393 -0.001711666 0.009269475 -9.86113e-4 -0.001716136 0.009270548 -0.001070976 -0.001709103 0.009270548 -9.86113e-4 -0.001713395 0.009271204 -0.001070499 -0.001706361 0.009271204 -0.001152694 -0.001685619 0.009271204 -0.00123018 -0.001651585 0.009271204 -0.00130105 -0.001605272 0.009271204 -0.001363396 -0.001547873 0.009271204 -0.001415491 -0.001481056 0.009271204 -0.001455783 -0.00140655 0.009271204 -0.001483201 -0.001326441 0.009271204 -0.001497149 -0.001242935 0.009271204 -0.001497149 -0.001158237 0.009271204 -0.001483201 -0.001074671 0.009271204 -0.001455783 -9.94601e-4 0.009271204 -0.001415491 -9.20154e-4 0.009271204 -0.001363396 -8.53285e-4 0.009271204 -0.00130105 -7.95946e-4 0.009271204 -0.00123018 -7.49626e-4 0.009271204 -0.001152694 -7.15591e-4 0.009271204 -0.001070499 -6.94797e-4 0.009271204 -0.001153588 -0.001688182 0.009270548 -0.001231491 -0.001653969 0.009270548 -0.001302778 -0.001607418 0.009270548 -0.001365482 -0.00154972 0.009270548 -0.001417696 -0.001482546 0.009270548 -0.001458287 -0.001407682 0.009270548 -0.001485884 -0.001327157 0.009270548 -0.001499891 -0.001243174 0.009270548 -0.001499891 -0.001157999 0.009270548 -0.001485884 -0.001074016 0.009270548 -0.001458287 -9.93535e-4 0.009270548 -0.001417696 -9.18605e-4 0.009270548 -0.001365482 -8.51438e-4 0.009270548 -0.001302778 -7.93793e-4 0.009270548 -0.001231491 -7.47182e-4 0.009270548 -0.001153588 -7.12976e-4 0.009270548 -0.001070976 -6.92114e-4 0.009270548 -0.001154363 -0.001690626 0.009269475 -0.001232802 -0.001656293 0.009269475 -0.001304388 -0.001609444 0.009269475 -0.00136739 -0.001551508 0.009269475 -0.001419901 -0.001483976 0.009269475 -0.001460552 -0.001408696 0.009269475 -0.001488387 -0.001327753 0.009269475 -0.001502454 -0.001243352 0.009269475 -0.001502454 -0.00115776 0.009269475 -0.001488387 -0.00107336 0.009269475 -0.001460552 -9.92455e-4 0.009269475 -0.001419901 -9.17234e-4 0.009269475 -0.00136739 -8.49702e-4 0.009269475 -0.001304388 -7.91706e-4 0.009269475 -0.001232802 -7.44924e-4 0.009269475 -0.001154363 -7.10525e-4 0.009269475 -0.001071393 -6.89544e-4 0.009269475 -0.001155197 -0.001692891 0.009267985 -0.001233875 -0.00165838 0.009267985 -0.001305758 -0.001611351 0.009267985 -0.001369059 -0.001553118 0.009267985 -0.001421868 -0.001485288 0.009267985 -0.001462757 -0.001409649 0.009267985 -0.001490652 -0.001328349 0.009267985 -0.001504898 -0.001243531 0.009267985 -0.001504898 -0.001157581 0.009267985 -0.001490652 -0.001072764 0.009267985 -0.001462757 -9.91501e-4 0.009267985 -0.001421868 -9.15923e-4 0.009267985 -0.001369059 -8.48033e-4 0.009267985 -0.001305758 -7.89807e-4 0.009267985 -0.001233875 -7.42771e-4 0.009267985 -0.001155197 -7.08267e-4 0.009267985 -0.001071751 -6.87167e-4 0.009267985 -0.001155793 -0.001694917 0.009266197 -0.001234889 -0.001660287 0.009266197 -0.001307189 -0.00161302 0.009266197 -0.001370668 -0.001554608 0.009266197 -0.001423656 -0.00148648 0.009266197 -0.001464784 -0.001410543 0.009266197 -0.001492798 -0.001328885 0.009266197 -0.001506984 -0.00124371 0.009266197 -0.001506984 -0.001157402 0.009266197 -0.001492798 -0.001072287 0.009266197 -0.001464784 -9.90674e-4 0.009266197 -0.001423656 -9.14738e-4 0.009266197 -0.001370668 -8.46602e-4 0.009266197 -0.001307189 -7.88138e-4 0.009266197 -0.001234889 -7.40923e-4 0.009266197 -0.001155793 -7.06233e-4 0.009266197 -0.001072049 -6.85074e-4 0.009266197 -0.001156389 -0.001696646 0.009264051 -0.001235783 -0.001661896 0.009264051 -0.001308262 -0.001614511 0.009264051 -0.001371979 -0.0015558 0.009264051 -0.001425147 -0.001487433 0.009264051 -0.001466453 -0.001411259 0.009264051 -0.001494586 -0.001329362 0.009264051 -0.001508891 -0.001243889 0.009264051 -0.001508891 -0.001157283 0.009264051 -0.001494586 -0.00107181 0.009264051 -0.001466453 -9.89892e-4 0.009264051 -0.001425147 -9.13725e-4 0.009264051 -0.001371979 -8.45351e-4 0.009264051 -0.001308262 -7.86707e-4 0.009264051 -0.001235783 -7.39314e-4 0.009264051 -0.001156389 -7.04505e-4 0.009264051 -0.001072347 -6.83226e-4 0.009264051 -0.001156866 -0.001698076 0.009261608 -0.001236498 -0.001663148 0.009261608 -0.001309156 -0.001615643 0.009261608 -0.001373052 -0.001556813 0.009261608 -0.001426458 -0.001488268 0.009261608 -0.001467764 -0.001411855 0.009261608 -0.001495957 -0.00132972 0.009261608 -0.001510262 -0.001244008 0.009261608 -0.001510262 -0.001157164 0.009261608 -0.001495957 -0.001071453 0.009261608 -0.001467764 -9.89296e-4 0.009261608 -0.001426458 -9.12942e-4 0.009261608 -0.001373052 -8.44345e-4 0.009261608 -0.001309156 -7.85515e-4 0.009261608 -0.001236498 -7.38003e-4 0.009261608 -0.001156866 -7.03134e-4 0.009261608 -0.001072645 -6.81795e-4 0.009261608 -0.001157283 -0.00169909 0.009259045 -0.001236975 -0.001664102 0.009259045 -0.001309752 -0.001616477 0.009259045 -0.001373887 -0.001557528 0.009259045 -0.001427352 -0.001488864 0.009259045 -0.001468777 -0.001412272 0.009259045 -0.001497089 -0.001329958 0.009259045 -0.001511394 -0.001244068 0.009259045 -0.001511394 -0.001157045 0.009259045 -0.001497089 -0.001071155 0.009259045 -0.001468777 -9.88886e-4 0.009259045 -0.001427352 -9.12346e-4 0.009259045 -0.001373887 -8.43622e-4 0.009259045 -0.001309752 -7.84673e-4 0.009259045 -0.001236975 -7.37056e-4 0.009259045 -0.001157283 -7.02121e-4 0.009259045 -0.001072883 -6.80722e-4 0.009259045 -0.001157462 -0.001699686 0.009256303 -0.001237273 -0.001664698 0.009256303 -0.001310288 -0.001617014 0.009256303 -0.001374363 -0.001558005 0.009256303 -0.001427888 -0.001489222 0.009256303 -0.001469373 -0.00141257 0.009256303 -0.001497685 -0.001330137 0.009256303 -0.00151205 -0.001244127 0.009256303 -0.00151205 -0.001156985 0.009256303 -0.001497685 -0.001071035 0.009256303 -0.001469373 -9.88648e-4 0.009256303 -0.001427888 -9.11996e-4 0.009256303 -0.001374363 -8.43205e-4 0.009256303 -0.001310288 -7.84137e-4 0.009256303 -0.001237273 -7.36512e-4 0.009256303 -0.001157462 -7.01465e-4 0.009256303 -0.001073002 -6.80074e-4 0.009256303 0.001358091 -0.002053141 0.009253442 -0.00132668 -0.002053141 0.009253442 0.001361966 -0.002066195 0.00925225 0.001276671 -7.38351e-5 -0.01279956 0.00126779 -3.23428e-5 -0.01279956 0.001327991 1.64524e-4 -0.01279956 0.001358687 1.93916e-4 -0.01279956 0.001393795 2.17639e-4 -0.01279956 0.001432478 2.35096e-4 -0.01279956 0.001703381 1.64524e-4 -0.01279956 0.001728594 1.30438e-4 -0.01279956 0.003869771 -7.38347e-5 -0.02284651 0.001747667 9.25886e-5 -0.01279956 0.001655638 -2.07767e-4 -0.01279956 0.001618683 -2.28442e-4 -0.01279956 0.003862679 9.25889e-5 -0.02284651 -0.001723289 -7.38355e-5 -0.01279956 -0.001732289 -3.23432e-5 -0.01279956 -0.001733958 9.97609e-6 -0.01279956 0.003752648 2.17639e-4 -0.02284651 -0.001484274 2.49408e-4 -0.01279956 0.003672957 2.45765e-4 -0.02284651 -0.001441955 2.45765e-4 -0.01279956 0.003588438 2.45765e-4 -0.02284651 -0.001252293 9.25882e-5 -0.01279956 -0.001271367 1.30437e-4 -0.01279956 -0.001296579 1.64524e-4 -0.01279956 0.003443062 1.64524e-4 -0.02284651 -0.001234471 9.97616e-6 -0.01279956 0.003398776 9.25888e-5 -0.02284651 0.001473486 2.45765e-4 -0.01279956 0.001515686 2.49408e-4 -0.01279956 0.001763641 -3.23427e-5 -0.01279956 0.003391683 -7.38348e-5 -0.02284651 0.001765489 9.97657e-6 -0.01279956 0.001760065 5.20574e-5 -0.01279956 -0.001283288 -1.49295e-4 -0.01279956 0.003490746 -2.07766e-4 -0.02284651 -0.001311302 -1.81116e-4 -0.01279956 -0.001344263 -2.07767e-4 -0.01279956 -0.003760814 2.45764e-4 -0.02284651 -0.001381278 -2.28442e-4 -0.01279956 -0.003840506 2.17638e-4 -0.02284651 -0.001421272 -2.42576e-4 -0.01279956 0.001265883 9.9765e-6 -0.01279956 0.001271247 5.20574e-5 -0.01279956 -0.003950595 9.25879e-5 -0.02284651 -0.001239895 5.2057e-5 -0.01279956 -0.001260995 -1.13174e-4 -0.01279956 0.001494467 -2.49721e-4 -0.01279956 -0.003957688 -7.38358e-5 -0.02284651 0.001452684 -2.42576e-4 -0.01279956 -0.003919601 -1.49295e-4 -0.02284651 -0.001463055 -2.49721e-4 -0.01279956 -0.003858566 -2.07767e-4 -0.02284651 -0.001505494 -2.49721e-4 -0.01279956 -0.001547276 -2.42576e-4 -0.01279956 -0.001587152 -2.28443e-4 -0.01279956 -0.003697395 -2.49722e-4 -0.02284651 0.001754641 -7.3835e-5 -0.01279956 -0.001624286 -2.07767e-4 -0.01279956 -0.001657247 -1.81116e-4 -0.01279956 -0.003545582 -1.81117e-4 -0.02284651 -0.001685261 -1.49295e-4 -0.01279956 -0.001707494 -1.13175e-4 -0.01279956 0.001412689 -2.28442e-4 -0.01279956 -0.0012452 -7.38354e-5 -0.01279956 -0.003468811 9.97586e-6 -0.02284651 0.001375675 -2.07767e-4 -0.01279956 -0.003486573 9.25879e-5 -0.02284651 0.001342654 -1.81116e-4 -0.01279956 -0.003530919 1.64523e-4 -0.02284651 -0.003561496 1.93916e-4 -0.02284651 -0.001728653 5.2057e-5 -0.01279956 -0.001716196 9.25881e-5 -0.01279956 0.001637637 2.17639e-4 -0.01279956 0.001672744 1.93917e-4 -0.01279956 -0.001400947 2.35095e-4 -0.01279956 -0.001362383 2.17639e-4 -0.01279956 -0.001327157 1.93916e-4 -0.01279956 0.001557946 2.45765e-4 -0.01279956 0.001598954 2.35096e-4 -0.01279956 -0.001697182 1.30437e-4 -0.01279956 -0.00167185 1.64524e-4 -0.01279956 -0.001641392 1.93916e-4 -0.01279956 -0.001606166 2.17639e-4 -0.01279956 0.001283645 9.25886e-5 -0.01279956 0.001302778 1.30438e-4 -0.01279956 0.001738846 -1.13174e-4 -0.01279956 0.001716673 -1.49295e-4 -0.01279956 0.001688659 -1.81116e-4 -0.01279956 0.001578688 -2.42576e-4 -0.01279956 0.001536846 -2.49721e-4 -0.01279956 -0.001567602 2.35095e-4 -0.01279956 -0.001526474 2.45765e-4 -0.01279956 0.00131464 -1.49295e-4 -0.01279956 0.001292467 -1.13174e-4 -0.01279956 -0.001236259 -3.23431e-5 -0.01279956</float_array>
          <technique_common>
            <accessor source="#marron-material-mesh-positions-array" count="3025" stride="3">
              <param name="X" type="float"/>
              <param name="Y" type="float"/>
              <param name="Z" type="float"/>
            </accessor>
          </technique_common>
        </source>
        <source id="marron-material-mesh-normals">
          <float_array id="marron-material-mesh-normals-array" count="8901">0 0 1 -5.38207e-6 0 1 -1.53827e-6 0 1 3.07909e-6 0 1 -4.33422e-5 0 1 1.2309e-5 0 1 -5.41559e-6 0 1 -1.35271e-6 0 1 -6.15601e-6 0 1 5.41451e-6 0 1 6.15827e-6 0 1 -3.07845e-6 0 1 2.16367e-5 0 1 -1.53933e-5 0 1 2.16652e-5 0 1 6.15319e-6 0 1 -1.61462e-5 0 1 -1.23184e-5 0 1 -1.38437e-5 0 1 4.32703e-5 0 1 -6.1591e-6 0 1 3.07919e-6 0 1 -6.15657e-6 0 1 6.15368e-6 0 1 6.16103e-6 0 1 -1.0816e-5 0 1 6.15474e-6 0 1 -6.15755e-6 0 1 2.70684e-6 0 1 -1.08288e-5 0 1 6.15483e-6 0 1 -2.16388e-5 0 1 -6.15435e-6 0 1 2.16832e-5 0 1 -6.15928e-6 0 1 -9.23986e-6 0 1 2.1659e-5 0 1 1.38471e-5 0 1 -4.32554e-5 0 1 -2.30988e-6 0 1 1.30726e-5 0 1 -1.53827e-6 0 1 -6.15885e-6 0 1 9.23383e-6 0 1 4.33465e-5 0 1 -1.84647e-5 0 1 2.16245e-5 0 1 1.08157e-5 0 1 5.40796e-6 0 1 -2.70566e-6 0 1 -1.08171e-5 0 1 -1.22971e-5 0 1 6.1556e-6 0 1 -2.16574e-5 0 1 -2.16323e-5 0 1 1.23182e-5 0 1 -2.16564e-5 0 1 -7.69316e-6 0 1 4.32513e-5 0 1 4.6132e-6 0 1 -1.03166e-6 0 1 1.03166e-6 0 1 1.23217e-5 0 1 -4.33454e-5 0 1 -4.33887e-5 0 1 9.23597e-6 0 1 1.23112e-5 0 1 5.40994e-6 0 1 5.41732e-6 0 1 -6.15445e-6 0 1 1.08175e-5 0 1 -6.15592e-6 0 1 1.23177e-5 0 1 -2.16667e-5 0 1 -3.07628e-6 0 1 1.23193e-5 0 1 0.5977254 -0.8016912 0.003969132 0.6052139 -0.7960608 -0.001871943 0.6296214 -0.7759306 0.03884458 0.6703448 -0.7420461 -0.002328753 0.6908714 -0.7081043 0.1458941 0.7461911 -0.6645902 0.03897166 0.7844915 -0.6201325 -0.002968668 0.7897267 -0.58516 0.1841727 0.8434458 -0.5358864 0.0377503 0.8767802 -0.4808791 -0.003482282 0.8673665 -0.4498556 0.2128504 0.9186807 -0.3930684 0.0390253 0.9445749 -0.3282734 -0.003869533 0.923816 -0.3048782 0.2315456 0.9700133 -0.2399572 0.03866398 0.9860448 -0.1664294 -0.004107415 0.9576752 -0.1539448 0.2432265 0.995975 -0.08066785 0.03907096 0.9999913 5.71029e-7 -0.004192292 0.9691335 -3.29975e-6 0.2465368 0.9959968 0.08065944 0.03852874 0.9860484 0.1664091 -0.004110455 0.9576175 0.1539333 0.2434608 0.9699989 0.2399816 0.0388717 0.9445813 0.3282549 -0.003871202 0.9236376 0.3048399 0.2323064 0.9186852 0.3930492 0.03911465 0.876775 0.4808882 -0.003482758 0.8675473 0.4497333 0.2123717 0.8433758 0.5359802 0.03798061 0.7844933 0.6201303 -0.002971172 0.7897292 0.5851641 0.184149 0.7461712 0.6646002 0.03917998 0.6703108 0.7420769 -0.002329349 0.6908825 0.7080956 0.1458835 0.6295515 0.7759791 0.03900724 0.6051266 0.7961272 -0.001869738 0.5975098 0.801815 0.008651256 -1.69234e-7 0.9999788 0.006519556 -1.69807e-7 1 0 -2.76584e-5 0.9992887 0.03771209 -1.69807e-7 1 0 -0.5965799 0.8016684 0.03768789 -0.6050393 0.7961935 -0.001845002 -0.6294949 0.7760363 0.03878039 -0.6703155 0.7420727 -0.002312719 -0.6907129 0.7081373 0.1464837 -0.7461779 0.6646195 0.03872442 -0.7845323 0.6200808 -0.002984821 -0.7896502 0.5852378 0.1842534 -0.8434624 0.5357742 0.03895252 -0.8767812 0.4808768 -0.00352472 -0.8676487 0.4496726 0.2120859 -0.9187038 0.3930242 0.03892689 -0.9445873 0.3282375 -0.003894269 -0.9239141 0.3048224 0.2312271 -0.9699798 0.2400305 0.03904557 -0.9860267 0.1665369 -0.004092037 -0.9578748 0.1540955 0.2423437 -0.9959744 0.08067095 0.03908073 -0.9999914 5.61524e-7 -0.004159331 -0.9691798 -3.34604e-6 0.2463544 -0.9959874 -0.08072191 0.03864365 -0.9860233 -0.1665573 -0.004088997 -0.9578567 -0.1540817 0.2424241 -0.9699984 -0.2400286 0.03859126 -0.9445802 -0.3282578 -0.003892481 -0.9239718 -0.304856 0.2309525 -0.918696 -0.3930312 0.03904289 -0.8767852 -0.4808696 -0.003524065 -0.8675612 -0.4497046 0.2123759 -0.8434702 -0.5357388 0.03927159 -0.7845305 -0.6200832 -0.002982199 -0.7896392 -0.5852813 0.1841626 -0.7462039 -0.6646164 0.03827208 -0.6703497 -0.7420418 -0.002312004 -0.6906244 -0.7081568 0.1468059 -0.629249 -0.7762684 0.03811949 -0.6051266 -0.7961272 -0.001847207 -0.5966668 -0.8015943 0.03788441 1.69353e-7 -0.9992552 0.03858822 1.69807e-7 -1 0 -1.86865e-4 -0.9999834 0.00575757 0 0 -1 -2.30917e-6 0 -1 1.26566e-6 0 -1 -4.08092e-6 0 -1 2.27539e-6 0 -1 -2.29703e-6 0 -1 8.10409e-6 0 -1 -1.28892e-5 0 -1 2.3251e-6 0 -1 -2.2674e-5 0 -1 1.45286e-5 0 -1 7.47471e-6 0 -1 -6.65163e-6 0 -1 -1.34081e-6 0 -1 -0.04380589 0.5073956 -0.8605991 -0.1168658 0.6771133 -0.7265398 2.52866e-7 0 -1 -1.49401e-6 0 -1 -8.45358e-7 0 -1 1.34068e-6 0 -1 4.82705e-6 0 -1 -6.30633e-6 0 -1 -6.81872e-6 0 -1 -2.22916e-6 0 -1 7.90874e-6 0 -1 -1.09537e-5 0 -1 -1.36172e-6 0 -1 -2.00628e-6 0 -1 -8.91605e-6 -3.35497e-4 -1 3.94609e-7 0 -1 1.09895e-6 0 -1 -1.06825e-6 0 -1 5.7883e-7 0 -1 -5.38062e-7 0 -1 3.58196e-7 0 -1 -9.63599e-7 0 -1 -3.42694e-6 0 -1 -4.75592e-6 0 -1 1.95765e-6 0 -1 1.28922e-5 0 -1 1.7315e-7 0 -1 1.1783e-5 0 -1 -1.16558e-5 0 -1 -6.801e-7 0 -1 6.40407e-6 0 -1 -6.30653e-6 0 -1 1.25516e-6 0 -1 2.91216e-7 0 -1 -0.2476875 0.9516621 -0.1816316 -5.99985e-7 0 -1 -1.59052e-5 0 -1 2.25414e-6 0 -1 -1.50007e-5 0 -1 1.23412e-6 0 -1 -6.54497e-6 0 -1 4.74916e-6 0 -1 1.44448e-5 0 -1 2.39914e-6 0 -1 1.42951e-5 0 -1 -1.21793e-5 0 -1 -1.69119e-5 0 -1 -1 9.89915e-5 0 -1 2.14675e-5 0 -0.9999964 -0.001682758 -0.00210309 -1 0 0 -0.9999925 8.30261e-4 -0.003792524 -0.9999994 2.43752e-4 -0.001075088 -0.9999987 0 0.001629889 -0.9999985 0 0.001773715 -0.9990873 -0.0305286 0.02987778 -0.9995851 -7.84909e-4 -0.02879607 -0.9999985 -0.001482844 8.66328e-4 -0.9999259 0.008856356 0.008358657 -0.999975 -0.004986822 -0.005039751 -0.9998469 -0.01732444 -0.002448201 -0.9999469 0.008388698 0.005998432 -0.9995919 -3.84382e-4 -0.02856481 -0.9991901 0.02742666 0.02944356 -0.9991364 -0.04155057 -1.85464e-5 -1 -1.13895e-4 0 -1 1.02375e-4 0 -0.9999983 -0.00187391 -2.31186e-7 0.9999255 -0.01211935 -0.001503527 0.9998952 -0.01447683 6.60168e-6 0.999932 0.01160681 0.001227617 0.9999977 0.001074433 -0.001875579 0.9999951 0.002826571 -0.001357555 0.9999797 -0.006361663 -3.86441e-4 1 0 0 0.9999999 2.32324e-4 -4.17625e-4 0.9962959 0.08599084 1.49589e-4 0.9996601 -0.02607548 -2.6444e-5 0.999999 0.00143814 -4.59666e-7 0.9999633 -0.001526117 -0.008431851 0.999832 -0.01713019 -0.006517291 0.9998866 0.01485162 0.002499282 0.9998494 0.01735281 5.12949e-6 0.9999951 0.001395642 0.00282365 0.9999997 -3.25562e-4 -6.94492e-4 0.9995555 0.02648621 0.01368612 0.9978504 -0.04816877 -0.04443305 0.9999048 0.01253885 -0.005764782 0.9997632 -0.02176225 2.14879e-6 0.08218687 0.9936065 0.07740575 0.08217602 0.993616 0.07729524 0.08246862 0.9934123 0.07956707 0.08247995 0.9934021 0.07968282 -0.08391267 1.23429e-7 0.9964732 -0.08396148 -2.58175e-7 0.9964691 -0.083961 -2.98925e-7 0.9964691 -0.9954554 -2.06748e-6 0.09522932 -0.9954509 -3.92291e-6 0.09527695 -0.9954554 -3.89057e-6 0.09522932 0.08223235 0.9936127 0.07727783 0.0822311 0.9936127 0.07727783 0.08222979 0.9936091 0.07732558 -0.08259755 0.9935203 0.07807111 -0.08161944 0.984806 0.1532832 -0.1364215 0.9816975 0.1328884 -0.08018457 0.9708029 0.2260807 -0.0799762 0.9686307 0.2352837 -0.6423212 -3.31202e-7 0.7664356 -0.6423223 7.01727e-7 0.7664348 -0.6423218 -1.09465e-6 0.7664351 -0.4009695 0.9122515 0.08378952 -0.3915588 0.8925402 0.2237272 -0.3921244 0.8936412 0.2182746 -0.1625485 0.9834769 0.07969462 -0.2455387 0.9659567 0.08147674 -0.4011754 0.9126587 0.07818299 -0.9974052 0 0.07199162 -0.9974053 0 0.07199162 -0.9974053 1.27824e-7 0.07199162 0.07034295 0.8499471 0.5221514 0.07034283 0.8499469 0.5221514 0.07034343 0.849947 0.5221514 0.2271386 0.8964629 0.3804767 0.2271621 0.8964024 0.3806049 0.2271541 0.8964226 0.3805623 0.1873028 0.739809 0.64622 0.187316 0.7398374 0.6461838 0.1873156 0.7398374 0.6461839 0 0.9247986 0.3804574 -3.18753e-7 0.922964 0.3848862 -6.1613e-7 0.9503844 0.3110778 0 0.9248576 0.3803138 -1.49644e-7 0.9719123 0.2353438 0.05411815 -0.1361613 0.9892075 -0.01698279 -0.04578316 0.9988071 -0.03140091 -0.09186226 0.9952766 -0.1025878 -0.3033335 0.9473462 0.06340211 -0.184748 0.9807387 -0.07831126 -0.2314052 0.9697005 -0.05432057 -0.1595126 0.9857003 -0.1318599 -0.4005244 0.9067488 0.1287686 -0.3959968 0.9091784 0.1246998 -0.3693476 0.9208868 -0.1253411 -0.3721983 0.9196511 0.102173 -0.3014215 0.948001 0.08023774 -0.2366457 0.9682772 0.159059 -0.4656291 0.8705686 -0.1594693 -0.46463 0.8710273 0.1688692 -0.5025248 0.8479105 -0.1695816 -0.5027838 0.8476147 0.1898483 -0.5641732 0.8035336 -0.1899943 -0.5657379 0.8023983 -0.2094302 -0.6245123 0.7524119 0.2084276 -0.6218063 0.754927 -0.2266997 -0.6791597 0.6981041 0.226701 -0.6773566 0.6998534 0.2447068 -0.7299566 0.6381866 -0.2438283 -0.7306259 0.6377567 0.2596074 -0.7742159 0.5772295 -9.06011e-6 -0.9630364 0.2693716 4.07551e-5 -0.9526373 0.304109 -2.73751e-6 -0.9369038 0.3495875 2.39566e-5 -0.9078416 0.4193134 -5.05948e-7 -0.8926913 0.4506688 -3.17398e-5 -0.8693365 0.4942207 -0.2591221 -0.7796041 0.5701518 -5.14571e-6 -0.9885672 0.1507812 2.27121e-5 -0.9870715 0.1602811 -1.84211e-4 -0.9987404 0.05017513 0.7453683 -0.6456317 0.1660902 0.8376725 -0.5199598 0.1671729 0.9581471 0.2325585 0.1669453 0.9091239 0.3809902 0.168346 0.837903 0.5200868 0.1656147 0.7451314 0.6454941 0.1676799 0.6357561 0.7538558 0.1658789 0.5700408 -0.7657144 0.2978844 0.6239339 -0.7183125 0.3077887 0.5847241 -0.6736096 0.4520486 0.5435854 0.7303377 0.4136687 0.5848953 0.6734063 0.45213 0.6240754 0.7182564 0.3076326 0.2260974 0.6781707 0.69926 0.4652571 0.534973 0.7052232 0.5317077 0.6116384 0.5858203 0.1611603 0.4647309 0.8706621 0.3449903 0.3950625 0.8514149 0.3875144 0.445574 0.8070294 0.00404042 0.01278489 0.9999101 0.05168837 0.05850023 0.9969484 0.01878255 0.05514544 0.9983018 0.1057358 0.1206657 0.9870461 0.2053709 0.2354251 0.9499464 0.06288313 0.1848205 0.9807584 0.04342013 0.1280525 0.9908165 0.2266505 0.2987916 0.9270131 0.1233799 0.3677083 0.9217202 0.2489483 0.2858069 0.925386 0.1021517 0.3009848 0.9481421 0.08025491 0.2364394 0.9683263 0.2078902 0.6227235 0.7543191 0.1894149 0.5638754 0.8038449 0.1682468 0.5018951 0.8484069 0.5213284 0.7001582 0.4878476 0.258746 0.7745239 0.577203 0.2432722 0.7292952 0.6394897 0.5898056 0.792287 0.1562393 0.5700956 0.7656709 0.2978913 0.5968167 0.8006799 0.05216991 0.5971511 -0.8007041 0.04778569 0.6357254 -0.7538156 0.1661784 0.5897651 -0.7922099 0.1567826 0.5220349 -0.7011089 0.4857221 0.5441271 -0.7311882 0.4114482 0.5316139 -0.6117171 0.5858233 0.4648118 -0.5344102 0.7059432 0.249637 -0.2864823 0.9249916 0.3445477 -0.3951203 0.8515673 0.3873584 -0.444984 0.8074297 0.2052662 -0.2351275 0.9500426 0.1057175 -0.1203701 0.987084 0.03741699 -0.05034035 0.998031 0.05168831 -0.05839258 0.9969547 0.007677316 -0.01107275 0.9999092 0.07823932 0.006142079 0.9969158 0.07907873 -0.006177902 0.9968493 0.1601046 0.01252681 0.9870206 0.1601743 -0.01252931 0.9870093 0.3119544 0.0243864 0.9497841 0.3120158 -0.02440345 0.9497635 0.3803922 0.02844321 0.9243878 0.3799185 -0.02915376 0.9245606 0.5228447 0.04187202 0.8513991 0.5232141 -0.04120135 0.8512049 0.5878638 0.0460627 0.8076475 0.5884056 -0.04603606 0.8072543 0.7063404 0.05515742 0.7057201 0.7063825 -0.05531048 0.7056661 0.807758 0.06320673 0.5861159 0.8079032 -0.06320101 0.5859165 0.8891611 0.06959259 0.4522714 0.8893197 -0.06960958 0.451957 0.9488549 0.0742979 0.3068459 0.948773 -0.07424247 0.3071123 0.9828973 0.07816374 0.1667433 0.9828127 -0.07813304 0.1672561 0.07618284 -0.01817333 0.9969283 0.0723977 -0.02981996 0.9969301 0.1561914 -0.03725212 0.9870241 0.1484571 -0.06114721 0.9870266 0.3037127 -0.07244586 0.9500054 0.2889178 -0.1189544 0.949935 0.3698046 -0.08828431 0.9249058 0.3513824 -0.1452032 0.9249036 0.5096333 -0.1216152 0.8517534 0.4838861 -0.1985859 0.8523017 0.575145 -0.1373026 0.8064468 0.545715 -0.224668 0.8072914 0.6900112 -0.1646454 0.7048237 0.655279 -0.2696853 0.7056057 0.788133 -0.1881764 0.5860344 0.7487397 -0.3080958 0.5869122 0.8676086 -0.2071236 0.4520565 0.824019 -0.3390129 0.4539417 0.9253113 -0.2207753 0.3083137 0.8800395 -0.3621644 0.3071932 0.9580506 -0.2325564 0.1675012 0.9095095 -0.3809717 0.1662926 0.05987715 0.05077576 0.9969136 0.1227545 0.1040099 0.9869718 0.2383403 0.2018167 0.9499811 0.2901082 0.2466331 0.9246672 0.4009734 0.3386678 0.85119 0.4503765 0.3815038 0.8072273 0.5409524 0.4581694 0.7053023 0.6179646 0.5235049 0.5865685 0.6803489 0.5763087 0.4527624 0.7258703 0.6148549 0.3083273 0.06680816 0.04071611 0.9969348 0.1369343 0.08337068 0.9870656 0.2667471 0.1623265 0.949998 0.3245276 0.196228 0.925298 0.4457795 0.2726224 0.8526182 0.5044073 0.3068607 0.8070996 0.6055613 0.3684242 0.7053788 0.6923749 0.4213232 0.5857506 0.7617357 0.4635168 0.4526711 0.8128604 0.4944997 0.3077794 0.07277411 0.02978432 0.9969036 0.1484724 0.06102424 0.987032 0.2888374 0.1189193 0.9499638 0.3520483 0.1448885 0.9246996 0.4834087 0.1989449 0.8524888 0.54584 0.2246473 0.8072126 0.6557486 0.2697856 0.7051309 0.7498146 0.3086659 0.5852378 0.8244667 0.3393235 0.4528956 0.8792526 0.3619872 0.3096456 0.07637006 0.01819032 0.9969136 0.1565052 0.03735947 0.9869703 0.3038467 0.07252991 0.9499562 0.3701366 0.08832198 0.9247693 0.5092315 0.1214172 0.8520218 0.5749912 0.1372633 0.8065631 0.6900081 0.1646452 0.7048268 0.7874952 0.1879688 0.5869575 0.8675939 0.2070783 0.4521056 0.925776 0.2209131 0.3068163 0.8123743 -0.494288 0.3093988 0.762104 -0.4637566 0.4518045 0.6927186 -0.4214895 0.5852244 0.6057946 -0.3685435 0.7051162 0.5039414 -0.3066 0.8074897 0.4454107 -0.271722 0.8530983 0.3255313 -0.1965172 0.924884 0.2668588 -0.1623864 0.9499564 0.1371372 -0.0833283 0.987041 0.06719923 -0.04081666 0.9969044 0.7262179 -0.6152465 0.3067236 0.6804516 -0.576255 0.4526762 0.6182008 -0.5236486 0.5861911 0.5410733 -0.4583008 0.7051242 0.4506847 -0.3817392 0.806944 0.3998684 -0.3386933 0.8516995 0.2911669 -0.2467069 0.9243147 0.2385478 -0.2020325 0.9498832 0.1224983 -0.1039259 0.9870125 0.05988669 -0.05079084 0.9969123 -0.7454184 0.645532 0.1662521 -0.8376256 0.5198928 0.1676155 -0.95809 -0.2324885 0.16737 -0.9093722 -0.3810876 0.1667766 -0.8377514 -0.5198923 0.166987 -0.7453709 -0.6455915 0.1662345 -0.6357231 -0.7538654 0.1659615 -0.590583 0.7932993 0.1479454 -0.6356171 0.7540102 0.1657095 -0.6237323 0.7183552 0.3080974 -0.5845265 0.6730355 0.4531577 -0.562711 0.7553735 0.3358083 -0.5769618 0.7749194 0.2580994 -0.531504 0.6118004 0.5858359 -0.5364431 0.7192807 0.4414345 -0.4655421 0.5351564 0.704896 -0.2442471 0.7309793 0.6371912 -0.2596492 0.7798225 0.5696134 -0.3880737 0.445782 0.8066457 -0.2082308 0.6224788 0.754427 -0.2259154 0.6778178 0.6996608 -0.3444527 0.3954873 0.8514354 -0.1693827 0.5027354 0.8476831 -0.1896789 0.5651299 0.802901 -0.2055699 0.2352331 0.9499508 -0.1260725 0.3735974 0.9189836 -0.2492501 0.2859002 0.9252759 -0.1262444 0.3919595 0.9112794 -0.1633692 0.4666058 0.8692467 -0.1055987 0.1205665 0.9870728 -0.07825207 0.2311145 0.9697746 -0.1025571 0.3029899 0.9474594 -0.05163085 0.05912142 0.9969148 -0.006051361 0.01031476 0.9999285 -0.01378852 0.03788077 0.9991872 -0.03136068 0.09182167 0.9952815 -0.05431669 0.15951 0.9857009 -0.007735967 -0.01114958 0.999908 -0.0517776 -0.05866301 0.9969342 -0.105436 -0.1202074 0.987134 -0.2053149 -0.2350234 0.9500579 -0.2500337 -0.2866219 0.9248412 -0.3445565 -0.3951628 0.8515441 -0.3875785 -0.4453675 0.8071128 -0.4656091 -0.5351044 0.7048912 -0.5314949 -0.6118022 0.5858424 -0.5364243 -0.719246 0.4415134 -0.584883 -0.6732537 0.4523731 -0.5607523 -0.75481 0.3403217 -0.6238682 -0.7182065 0.3081687 -0.5753946 -0.7747977 0.2619347 -0.5906481 -0.7934032 0.1471266 -0.07805097 -0.006128668 0.9969305 -0.07835906 0.006119787 0.9969065 -0.1601102 -0.01255208 0.9870194 -0.1599965 0.01251542 0.9870383 -0.3116958 -0.02440202 0.9498686 -0.3115074 0.02436846 0.9499313 -0.3780961 -0.02959281 0.9252933 -0.3781015 0.02958726 0.9252912 -0.5233942 -0.04090797 0.8511081 -0.5233777 0.04093182 0.8511172 -0.5891945 -0.04607588 0.8066765 -0.5886279 0.04611325 0.8070878 -0.7060131 -0.05531185 0.7060355 -0.7073078 0.05533319 0.7047369 -0.8074132 -0.06315392 0.5865966 -0.8082355 0.06328409 0.5854491 -0.8894542 -0.06959885 0.4516937 -0.8894071 0.06963658 0.4517807 -0.9488235 -0.07422888 0.3069594 -0.9484139 0.07418733 0.3082327 -0.9827803 -0.07814729 0.1674394 -0.9826786 0.07814848 0.168035 -0.07658338 0.01831507 0.996895 -0.07267022 0.02979671 0.9969109 -0.1561298 0.03727412 0.987033 -0.1485071 0.06113439 0.9870199 -0.3039332 0.07256108 0.9499261 -0.2889476 0.1190281 0.9499167 -0.3701149 0.08830296 0.9247797 -0.3511611 0.144918 0.9250323 -0.5096756 0.121505 0.8517437 -0.4840489 0.1986483 0.8521946 -0.5740543 0.1369187 0.8072888 -0.5466768 0.2249723 0.8065556 -0.6881238 0.1641349 0.7067853 -0.6563186 0.2701458 0.7044624 -0.7874526 0.1879383 0.5870244 -0.7490792 0.3082598 0.5863927 -0.8675944 0.2070903 0.4520992 -0.8248677 0.3394886 0.4520407 -0.9255325 0.2208701 0.3075808 -0.8800688 0.3622058 0.3070601 -0.9581652 0.2325293 0.1668823 -0.9092678 0.3810356 0.1674637 -0.05980229 -0.05075341 0.9969192 -0.1225746 -0.1039036 0.9870054 -0.2382668 -0.2018494 0.9499925 -0.2898312 -0.2450327 0.9251793 -0.3996141 -0.3390497 0.8516771 -0.4507479 -0.3817718 0.8068934 -0.5407288 -0.4581665 0.7054757 -0.6182715 -0.5237473 0.5860283 -0.6803843 -0.5763247 0.4526888 -0.7259556 -0.614925 0.3079868 -0.06698834 -0.04059624 0.9969276 -0.1372385 -0.0833761 0.9870229 -0.2667955 -0.1623437 0.9499814 -0.3249315 -0.1976631 0.9248507 -0.4479197 -0.272477 0.8515423 -0.5044658 -0.306963 0.8070243 -0.6060772 -0.3687744 0.7047525 -0.6925768 -0.4214741 0.5854033 -0.7620245 -0.463587 0.4521124 -0.8128024 -0.4944002 0.3080921 -0.07231104 -0.02975207 0.9969384 -0.1481157 -0.06094974 0.9870902 -0.2884545 -0.1187512 0.9501011 -0.3515723 -0.144141 0.9249975 -0.4835379 -0.1995797 0.8522671 -0.5466015 -0.2249597 0.8066101 -0.6564576 -0.2701218 0.7043421 -0.7496792 -0.308605 0.5854436 -0.8251919 -0.3395171 0.4514272 -0.8799561 -0.3623473 0.3072162 -0.07651704 -0.01822084 0.9969019 -0.1562164 -0.0372526 0.9870201 -0.3043721 -0.07263141 0.9497802 -0.3697792 -0.0882731 0.9249169 -0.5099699 -0.1216804 0.8515425 -0.5739967 -0.137023 0.8073118 -0.6892931 -0.1644132 0.7055802 -0.7884129 -0.18815 0.5856661 -0.867017 -0.2069433 0.4532724 -0.9251022 -0.2207359 0.3089684 -0.8125652 0.4944691 0.308607 -0.7621046 0.4637035 0.4518579 -0.6926557 0.4215071 0.5852862 -0.6056857 0.3685272 0.7052181 -0.5046506 0.3070634 0.8068705 -0.4477194 0.2723749 0.8516803 -0.3249066 0.1976642 0.9248592 -0.2671256 0.1625745 0.9498493 -0.1369925 0.08341854 0.9870534 -0.06686031 0.04066514 0.9969334 -0.726005 0.6148682 0.3079836 -0.680447 0.5763925 0.4525082 -0.6184196 0.5238077 0.5858179 -0.5409272 0.4582455 0.7052722 -0.4508191 0.3817576 0.8068602 -0.399855 0.3386693 0.8517154 -0.2897162 0.2453519 0.9251308 -0.2386697 0.2021273 0.9498323 -0.1225513 0.1037206 0.9870276 -0.05986529 0.05076104 0.9969151 -3.59003e-7 0.8924486 0.4511492 -3.23176e-5 0.868372 0.4959135 1.98292e-5 0.9071479 0.4208122 1.55799e-6 0.9390845 0.3436865 3.80288e-5 0.9526368 0.3041103 -2.049e-6 0.9644693 0.264195 4.40416e-6 0.9986957 0.05105751 -3.49815e-5 0.9887574 0.1495293 2.09069e-5 0.9870716 0.1602806 0.3158736 -0.9488013 0 -0.3135568 -0.9419283 0.1202216 -0.3158776 -0.9488 0 0.9726829 -0.2321379 0 0.920167 -0.3787978 0.09901982 0.9247112 -0.3806694 0 0.6566838 -0.7541661 0 0.3135688 -0.9419253 0.1202142 0.9726858 0.2321258 0 0.992061 0.07756775 0.09898567 0.996958 0.07794046 0 -0.7630666 -0.6463199 0 -0.8500922 -0.5172595 0.09892427 -0.8542852 -0.5198047 0 -0.3158738 0.9488012 0 0.313558 0.9419286 0.1202164 0.3158748 0.9488009 0 -0.9726821 -0.2321416 0 -0.9920504 -0.0776844 0.09900188 -0.9969487 -0.07806116 0 -0.6566836 0.7541663 0 -0.3135592 0.941928 0.1202179 -0.8500707 0.5172415 0.09920167 -0.7630671 0.6463195 0 -0.8542925 0.5197927 0 0.8542951 0.5197884 0 0.9201665 0.3787807 0.09909111 0.9247198 0.3806487 0 0.763077 0.6463077 0 0.8500763 0.5172339 0.09919524 0.6566839 0.754166 0 0.7593156 0.643111 0.09923762 -0.9726844 0.2321317 0 -0.9202128 0.378668 0.09909027 -0.9247642 0.3805409 0 0.992065 -0.07755112 0.0989589 0.9969592 -0.07792645 0 -0.996948 0.07807016 0 -0.9679051 0.2309946 0.09900212 0.9679092 0.2309786 0.09899866 0.8542931 -0.5197916 0 -0.9920525 0.0776906 0.09897494 -0.9202154 -0.3786834 0.0990079 -0.9247595 -0.3805521 0 0.8500667 -0.5172464 0.0992105 0.7630766 -0.6463081 0 0.9679011 -0.2309936 0.0990436 0.7593148 -0.6431126 0.09923303 -0.7593044 0.6431239 0.09923964 -0.6566841 -0.7541658 0 -0.759306 -0.643123 0.0992335 -0.9679053 -0.2310004 0.09898579 -0.6532408 -0.7506403 0.099074 0.1023318 -0.007997572 0.9947182 0.3891274 0.03041023 0.920682 0.1023291 0.008003413 0.9947184 0.7086797 -0.05539166 0.7033526 0.7086646 0.05541235 0.7033662 0.9215085 0.07203018 0.3816199 0.9215118 -0.07201761 0.3816142 0.8990527 0.2145655 0.381662 0.6914312 0.1650043 0.7033467 0.3797309 0.09063386 0.9206466 0.09986293 0.02382731 0.9947159 0.6532341 -0.7506459 0.09907644 0.7052817 -0.5973129 0.3818312 0.6064856 -0.6975294 0.3816124 0.5424189 -0.4593951 0.7033761 0.466284 -0.5363637 0.7034865 0.2978701 -0.2522616 0.9206724 0.255921 -0.2942567 0.9208244 0.07838213 -0.06637549 0.9947113 0.06725293 -0.07724142 0.9947416 -0.288175 -0.8662 0.4082311 0.2881866 -0.8662013 0.4082205 -0.2229102 -0.6711382 0.7070251 0.2229096 -0.6711465 0.7070174 -0.1278892 -0.3852488 0.913908 0.1278957 -0.3852555 0.9139043 -0.0366429 -0.1103896 0.9932127 0.09990602 -0.02384072 0.9947113 0.389173 -0.03043287 0.9206618 0.379684 -0.09060215 0.920669 0.6913923 -0.1650061 0.7033845 0.8990456 -0.2145707 0.3816758 -0.653235 0.7506452 0.09907484 -0.7052682 0.5973203 0.3818446 -0.6064884 0.6975271 0.3816124 -0.5424026 0.4593961 0.703388 -0.4662881 0.5363589 0.7034875 -0.297859 0.2522613 0.9206761 -0.2559225 0.2942548 0.9208245 -0.07838058 0.06637626 0.9947114 -0.06725049 0.07724201 0.9947417 -0.03664368 0.1103962 0.9932119 -0.1278925 0.3852544 0.9139052 -0.2229099 0.6711407 0.7070229 -0.2881761 0.8662009 0.4082284 -0.2559334 -0.2942557 0.9208213 -0.466295 -0.5363612 0.7034811 -0.6064938 -0.6975234 0.3816105 -0.1023528 -0.008013129 0.9947159 -0.3891337 0.03046482 0.9206775 -0.3891649 -0.03046292 0.9206643 -0.7086603 -0.05550187 0.7033635 -0.7086505 0.05550813 0.7033729 -0.9214909 -0.07213973 0.3816419 -0.9214974 0.07214617 0.3816248 -0.8990616 -0.2145779 0.381634 -0.6914334 -0.1650038 0.7033446 -0.09984469 -0.02382564 0.9947178 0.03665137 -0.1103903 0.9932123 0.3609541 -0.1485803 0.9206716 0.8547495 -0.3518673 0.3815664 0.07838237 0.06637263 0.9947115 0.3335314 0.2029337 0.9206383 0.2978627 0.2522487 0.9206783 0.6073333 0.3695167 0.7032808 0.5424008 0.4593789 0.7034007 0.7895809 0.4804121 0.3817937 0.7052744 0.5973071 0.3818537 0.087691 0.05336236 0.9947174 0.3609667 0.1485936 0.9206645 0.6573253 0.2706117 0.703344 0.09495371 0.03909128 0.9947139 0.8547058 0.3518298 0.3816988 -0.1023332 0.008018136 0.994718 -0.3797392 0.09062784 0.9206438 -0.6914566 0.1649961 0.7033236 -0.8990563 0.2145736 0.3816488 0.0876767 -0.05336028 0.9947189 0.09491717 -0.03907275 0.9947181 0.3334933 -0.2029286 0.9206532 0.6573813 -0.2706393 0.7032811 0.7895644 -0.4804251 0.3818113 -0.0949555 0.03908127 0.9947142 -0.099855 0.02382409 0.9947168 -0.6573617 0.2705274 0.7033425 -0.8547418 0.3517266 0.381713 -0.07836335 -0.0663802 0.9947125 -0.3336004 -0.2029654 0.9206063 -0.297854 -0.2522746 0.9206739 -0.5424178 -0.4594137 0.7033647 -0.7895879 -0.4804703 0.3817058 -0.7052741 -0.5973282 0.3818214 -0.08772736 -0.05335456 0.9947146 -0.3609404 -0.1485346 0.9206843 -0.6072478 -0.3694615 0.7033835 -0.8548041 -0.3517566 0.3815461 -0.09493082 -0.03905904 0.9947174 -0.3796976 -0.09063106 0.9206606 -0.6574019 -0.2705556 0.703294 -0.08769536 0.0533629 0.994717 -0.3610045 0.1485464 0.9206572 -0.3334988 0.2029359 0.9206495 -0.7895722 0.4804236 0.3817971 0.2881758 0.8662002 0.4082304 0.2229096 0.6711393 0.7070243 0.1278887 0.3852556 0.9139053 0.03664249 0.1103881 0.9932129 0.255934 0.294255 0.9208213 0.4662968 0.5363618 0.7034795 0.6064937 0.6975228 0.3816117 0.6532409 0.7506399 0.09907776 0.6073006 -0.3695182 0.7033082 0.06724905 0.07724201 0.9947418 -0.6073071 0.3695272 0.7032979 -0.06724172 -0.07724255 0.9947423 -1.44436e-6 0 1 -1.89555e-5 0 1 3.35197e-6 0 1 1.71238e-6 0 1 1.44157e-6 0 1 1.1476e-6 0 1 1.9437e-6 0 1 3.33879e-7 -0.01048976 0.999945 0 0 1 3.29805e-7 -0.004987359 0.9999876 4.5789e-7 0 1 1.81553e-6 0 1 7.73535e-7 0 1 3.69583e-7 0 1 3.73478e-6 0 1 4.14635e-7 0 1 3.10774e-6 0 1 1.19134e-6 0 1 8.5403e-6 0 1 7.98451e-6 0 1 1.14751e-6 0 1 -3.88848e-6 0 1 -8.38918e-6 0 1 -1.86302e-6 0 1 7.22265e-6 0 1 2.46088e-6 0 1 5.30252e-6 0 1 -1.70584e-6 0 1 5.08732e-6 0 1 -5.7461e-7 0 1 -1.00238e-5 0 1 -2.4422e-7 0 1 -1.76351e-6 0 1 -1.42574e-6 0 1 3.02988e-6 0 1 -2.7016e-6 0 1 -1.71056e-6 0 1 -1.98874e-5 0 1 1.05098e-5 0 1 -3.60629e-6 0 1 -2.18737e-7 0 1 3.73154e-5 0 1 3.89328e-6 0 1 5.20581e-6 0 1 1.51508e-6 0 1 -5.09368e-6 0 1 -1.70588e-6 0 1 2.64511e-6 0 1 -3.20452e-6 0 1 2.67007e-6 0 1 8.84676e-6 0 1 1.87391e-5 0 1 -2.4643e-5 0 1 8.34232e-7 0 1 -2.18737e-7 0 1 7.57968e-6 0 1 3.20117e-5 0 1 -1.8652e-5 0 1 -7.11592e-5 0 1 3.60778e-6 0 1 -2.48824e-6 0 1 3.31049e-6 0 1 -3.10774e-6 0 1 2.46272e-6 0 1 -9.27926e-6 0 1 1.62972e-5 0 1 5.40515e-6 0 1 1.71047e-6 0 1 2.47921e-5 0 1 -1.57998e-5 0 1 8.92891e-6 0 1 -2.33188e-5 0 1 2.80064e-5 0 1 -5.65299e-5 0 1 3.32244e-5 0 1 -4.31969e-4 -3.7314e-7 1 -4.28596e-4 -4.74922e-5 1 -4.31931e-4 -5.73904e-6 1 -7.81448e-6 0 1 8.34323e-7 0 1 -6.15562e-7 0 1 2.1461e-5 0 1 8.55792e-5 0 1 8.42252e-4 0 0.9999997 -9.06081e-4 0 0.9999996 -2.2293e-5 0 1 1.9012e-5 0 1 5.85078e-5 0 1 -1.5151e-4 -4.30961e-4 0.9999999 5.80136e-5 0 1 5.75208e-5 0 1 -1.15467e-5 0 1 2.1461e-5 0 1 -3.15661e-6 0 1 -7.03465e-6 0 1 -9.04417e-4 1.07886e-4 0.9999996 3.43928e-4 1.32548e-4 1 3.60388e-4 -8.45673e-5 1 3.70996e-4 -1.24135e-5 1 -1.94742e-5 0 1 3.30032e-4 -1.214e-5 1 3.30043e-4 -1.18402e-5 1 3.30251e-4 0 1 -4.4801e-5 0 1 1.38454e-5 0 1 -2.96055e-6 0 1 1.04682e-5 0 1 -5.58917e-7 0 1 4.97691e-6 0 1 -7.27214e-6 0 1 8.28139e-6 0 1 -2.81999e-5 0 1 2.10063e-5 0 1 4.79384e-4 0 0.9999999 4.79384e-4 0 0.9999999 4.77775e-4 3.92441e-5 0.9999999 -7.2914e-5 0 1 5.35032e-5 0 1 2.88635e-6 0 1 -5.37359e-6 0 1 -1.72108e-4 0 1 9.38343e-4 2.60979e-5 0.9999997 9.38854e-4 0 0.9999997 9.3883e-4 0 0.9999996 6.71108e-4 6.26533e-6 0.9999998 6.71137e-4 0 0.9999998 6.71137e-4 0 0.9999998 1.40704e-5 0 1 -1.57842e-5 0 1 -1.38442e-5 0 1 2.23272e-5 0 1 3.50979e-4 1.14355e-4 1 3.71053e-4 0 1 3.70903e-4 1.02461e-5 1 -5.84659e-5 0 1 1.15259e-4 0 1 -3.76306e-5 0 1 5.83301e-5 0 1 -3.88653e-5 0 1 1.53917e-5 0 1 -1.16301e-6 0 1 -0.9999874 -0.001053929 -0.004921138 -0.9999874 -0.001054644 -0.004920959 -0.9999874 -0.001056253 -0.004920661 -0.9999858 -0.00480318 0.002341747 -0.9999858 -0.004803001 0.002341806 -0.9999858 -0.004803061 0.002341926 1 -9.20471e-5 0 0.9999977 -0.001080095 -0.00187236 0.9999992 -7.0238e-4 -0.001167297 0.9999961 -0.001389861 -0.002455651 4.57387e-7 0.07865011 0.9969023 0.003506243 0.08059781 0.9967406 0.006695151 0.1588029 0.9872877 0 0.1568791 0.9876179 0.012892 0.3110681 0.9503002 -2.88402e-7 0.3093714 0.9509414 0.01893693 0.4565683 0.8894869 -3.95983e-7 0.4538724 0.8910667 0.024284 0.5876177 0.8087742 -7.83639e-7 0.5871253 0.8094961 0.02940857 0.7072902 0.7063114 0 0.7075508 0.7066626 0.03344947 0.8096553 0.5859518 -4.32768e-7 0.8083689 0.5886762 0.0367195 0.8909119 0.4526895 -3.01742e-7 0.8911432 0.4537222 0.03925246 0.9502387 0.3090403 -1.30328e-7 0.9517711 0.3068091 0.04084271 0.9868625 0.1563147 -1.36414e-6 0.9876358 0.1567661 0.0413233 0.9961588 0.07720065 1.98061e-6 0.9968785 0.07895231 3.09727e-7 -0.9966539 0.08173882 -0.04129117 -0.9959586 0.07975918 -0.04101347 -0.986848 0.1563618 1.87751e-7 -0.9880521 0.1541201 -0.03956758 -0.9506129 0.3078468 0 -0.9519248 0.3063318 -0.03678786 -0.8900048 0.4544649 0 -0.8909739 0.4540545 -0.03343313 -0.8071261 0.589432 0 -0.8097366 0.5867937 -0.02920758 -0.7052772 0.7083298 0 -0.7057002 0.7085106 -0.02433264 -0.5859613 0.8099737 2.27294e-7 -0.5876184 0.8091382 -0.01875221 -0.4512382 0.8922065 3.3618e-7 -0.4571965 0.8893658 -0.01275163 -0.3068709 0.9516657 0 -0.3108649 0.9504542 -0.00637722 -0.15565 0.9877917 -6.18815e-7 -0.158379 0.9873784 -0.003180086 -0.08006387 0.9967848 4.15769e-7 -0.08152061 0.9966717 0.003367841 -0.07992571 0.9967952 0.006672203 -0.1593344 0.9872022 0.02638816 -0.1587113 0.9869724 0.01299917 -0.3113456 0.950208 0.05157375 -0.3087234 0.9497527 0.01895117 -0.45573 0.8899164 0.07558047 -0.451583 0.8890222 0.02423566 -0.5874225 0.8089175 0.09695762 -0.5804132 0.8085295 0.02936953 -0.7072293 0.706374 0.1164397 -0.6975527 0.7070093 0.03352344 -0.8087068 0.587256 0.1333469 -0.7995567 0.5856003 0.03689253 -0.8905744 0.4533391 0.1468427 -0.8800379 0.451631 0.03933477 -0.950097 0.3094649 0.1566911 -0.9382986 0.3082914 0.04071307 -0.9867553 0.1570242 0.1623975 -0.9745341 0.1546299 0.04118514 -0.9962897 0.07557028 0.1639339 -0.9836055 0.07513999 0.3230129 -0.9433186 0.07624089 0.3207291 -0.9343413 0.1553676 0.4746578 -0.8768885 0.07593697 0.470139 -0.8683871 0.1577128 0.6125416 -0.7860811 0.08288234 0.6066022 -0.7793264 0.1571123 0.7341469 -0.6755387 0.06837964 0.7274112 -0.6696291 0.1498996 0.8340712 -0.5458707 0.0796898 0.8266361 -0.5401365 0.1578774 0.9130617 -0.4008486 0.07509118 0.9044733 -0.3966748 0.1567712 0.9668975 -0.2444857 0.07304906 0.9587206 -0.2424663 0.1485428 0.9934479 -0.08218568 0.07941532 0.9842417 -0.08160269 0.1568739 0.9941287 0.08264666 0.06984084 0.9850769 0.08166992 0.1515045 0.9660755 0.2453816 0.0805369 0.9574287 0.2427877 0.1561552 0.9131969 0.4006596 0.07445347 0.9049192 0.3970155 0.153297 0.8351894 0.5451806 0.07236641 0.8274085 0.5402063 0.1535331 0.7330845 0.6755741 0.07865589 0.7263824 0.6692883 0.1562747 0.6116009 0.7870706 0.080401 0.6065261 0.7794385 0.1568498 0.4749526 0.876891 0.0740419 0.4704344 0.8689211 0.1538429 0.3237812 0.9431223 0.07540684 0.3209618 0.9343556 0.1548005 0.1639316 0.9831225 0.08121955 0.1627169 0.9740459 0.1573461 0.3087237 -0.9000112 0.3076842 0.4526041 -0.8359485 0.3103865 0.584875 -0.7513523 0.3055999 0.6992569 -0.6437162 0.3109167 0.7956879 -0.5203754 0.3099842 0.8709855 -0.3818086 0.3092029 0.9238126 -0.233729 0.3032179 0.9498181 -0.07898551 0.3026666 0.9472804 0.07857024 0.310623 0.9222108 0.2330604 0.3085615 0.8719501 0.3826338 0.3054415 0.7962385 0.5198718 0.3094149 0.7004485 0.6447358 0.3060842 0.583526 0.7499977 0.3114498 0.4529204 0.837077 0.3068634 0.3083103 0.8996759 0.3090762 0.1567505 0.9386497 0.3071907 0.2895854 -0.8438189 0.4517855 0.4249279 -0.7851418 0.4505428 0.5485862 -0.7041431 0.4508168 0.6552286 -0.6032604 0.4547004 0.7454653 -0.488124 0.4538904 0.8175638 -0.3584533 0.4506672 0.8649511 -0.2191882 0.4514602 0.889357 -0.07379108 0.4512197 0.8866793 0.07319313 0.4565551 0.8644088 0.2184341 0.4528621 0.8169689 0.3581385 0.4519942 0.7466707 0.4878129 0.4522405 0.6577376 0.6056836 0.4478041 0.5466976 0.7032533 0.454485 0.4246957 0.7850184 0.4509766 0.2892491 0.8437948 0.4520458 0.146776 0.8799597 0.451805 0.2629647 -0.7658618 0.5867753 0.3859487 -0.7134439 0.584843 0.497353 -0.6389266 0.5868669 0.5974793 -0.549772 0.5837545 0.6787917 -0.4429083 0.5857253 0.7425065 -0.3258885 0.5852188 0.7849977 -0.1989804 0.5866732 0.8055845 -0.06713169 0.5886655 0.8087338 0.06680136 0.5843693 0.7875324 0.1992599 0.583171 0.7405855 0.3245309 0.5883986 0.6798486 0.4445497 0.5832508 0.5979335 0.5498962 0.5831722 0.498625 0.6408801 0.5836488 0.3860285 0.7129926 0.5853405 0.262894 0.7668299 0.5855413 0.1335986 0.8002358 0.5846146 0.2299542 -0.6707066 0.7051764 0.3368222 -0.622704 0.706251 0.4342115 -0.5590242 0.7063657 0.5210229 -0.4798271 0.7059044 0.5924832 -0.387043 0.7065135 0.6493954 -0.2848592 0.7050822 0.6851823 -0.1738357 0.7073234 0.7064414 -0.05874681 0.7053294 0.7065896 0.05817514 0.7052282 0.6902943 0.1747865 0.7020993 0.6465308 0.2839926 0.708058 0.5932121 0.3877962 0.7054882 0.5219118 0.48009 0.7050686 0.4349086 0.5592188 0.7057825 0.3378382 0.6244242 0.7042442 0.2295483 0.6695461 0.7064104 0.1165246 0.6990308 0.7055339 0.191474 -0.5591362 0.8066626 0.2806828 -0.518462 0.8077217 0.3631723 -0.4671189 0.8061674 0.4330384 -0.3991014 0.8082053 0.4916453 -0.3221384 0.809019 0.5413657 -0.2370843 0.8066686 0.569864 -0.1444661 0.8089405 0.5876169 -0.04894375 0.8076577 0.5851773 0.04812854 0.809476 0.5753404 0.1454723 0.8048735 0.5406853 0.236809 0.8072056 0.4935675 0.3221428 0.807846 0.4336677 0.3993826 0.8077289 0.3617334 0.4649545 0.8080634 0.2811762 0.5198139 0.8066806 0.19102 0.5576043 0.8078298 0.09636092 0.5801305 0.8088036 0.1483289 -0.4316182 0.8897777 0.2182533 -0.4029588 0.8888137 0.2817908 -0.3611609 0.8889077 0.3367026 -0.3105014 0.8889434 0.3828437 -0.2503933 0.8892323 0.420159 -0.184306 0.8885369 0.4407989 -0.1113578 0.8906716 0.4564023 -0.03808069 0.8889584 0.45778 0.0377326 0.8882645 0.4427093 0.1120124 0.8896415 0.4206993 0.1844976 0.8882414 0.3840987 0.2507247 0.8885974 0.3364829 0.3100513 0.8891837 0.2811837 0.3609866 0.8891707 0.2181264 0.4021726 0.8892008 0.1488531 0.4338126 0.8886222 0.07508254 0.4506772 0.8895239 0.1016016 -0.294866 0.9501217 0.1489925 -0.2755122 0.9496812 0.1920456 -0.2456087 0.9501553 0.2296811 -0.2119409 0.9499094 0.2618513 -0.1708825 0.9498595 0.2867992 -0.1258829 0.949684 0.3032608 -0.07643932 0.9498369 0.3096765 -0.02558708 0.9504978 0.3140371 0.02617323 0.9490499 0.3006635 0.07616245 0.9506844 0.2859876 0.1257631 0.9499446 0.2609369 0.1708824 0.9501112 0.2313768 0.2119629 0.9494928 0.1921986 0.2474098 0.9496569 0.1482627 0.274294 0.9501479 0.1019367 0.2970019 0.9494203 0.05123245 0.3080487 0.9499902 0.05249339 -0.1529634 0.9868367 0.07682907 -0.1419361 0.9868898 0.09893321 -0.1267284 0.9869915 0.1181083 -0.1087162 0.9870315 0.1362549 -0.08862 0.9867022 0.147807 -0.0645762 0.9869058 0.1587147 -0.03991037 0.9865176 0.1590037 -0.01313716 0.9871907 0.1613084 0.01360565 0.9868103 0.157175 0.03969758 0.9867727 0.1476798 0.06507062 0.9868924 0.134145 0.0877121 0.9870724 0.1188586 0.1087607 0.9869366 0.09957164 0.1279743 0.9867665 0.07661026 0.1416587 0.9869467 0.05236345 0.1527658 0.9868743 0.02640181 0.1588401 0.9869512 0.01318925 -0.07956606 0.9967424 0.02586162 -0.07687509 0.9967053 0.03839945 -0.07116514 0.9967252 0.04941838 -0.06298243 0.9967904 0.05873286 -0.05446583 0.9967868 0.06912475 -0.04480779 0.9966013 0.07367515 -0.03223609 0.9967612 0.07990622 -0.02007126 0.9966004 0.07926577 -0.006739258 0.9968308 0.08049714 0.006819963 0.9967315 0.07763016 0.01977121 0.9967862 0.0745446 0.03293967 0.9966736 0.06742203 0.04374796 0.996765 0.05973428 0.05444949 0.9967282 0.04986411 0.06375128 0.9967193 0.03929644 0.07147645 0.996668 0.02630406 0.07699596 0.9966844 0.01356184 0.07962328 0.9967328 -0.04150718 0.9959444 0.07982414 -0.0410763 0.9869473 0.1557174 -0.1629909 0.9739001 0.1579636 -0.03941923 0.950633 0.3078035 -0.1565613 0.9372715 0.3114653 -0.03686791 0.8901507 0.4541724 -0.1465452 0.8776527 0.4563444 -0.03339082 0.8079367 0.5883224 -0.1331089 0.7977488 0.5881149 -0.02901113 0.7044852 0.7091255 -0.1160554 0.6955966 0.7089969 -0.02422285 0.5867155 0.8094308 -0.09634023 0.5768105 0.8111771 -0.01874512 0.4535623 0.8910275 -0.07438606 0.4459652 0.891954 -0.01254165 0.3068653 0.9516704 -0.05042839 0.301724 0.9520608 -0.006334424 0.1553014 0.9878469 -0.02552908 0.1514918 0.9881288 -0.003308057 0.08108848 0.9967015 -0.01367461 0.07943391 0.9967464 -0.02630913 0.07579654 0.9967762 -0.04975134 0.1444615 0.988259 -0.03849124 0.0703513 0.9967795 -0.07320237 0.1344324 0.9882153 -0.04948621 0.06299799 0.996786 -0.09438908 0.1211149 0.9881407 -0.05983215 0.05490386 0.9966975 -0.1124032 0.1033643 0.9882719 -0.06886714 0.04476082 0.9966212 -0.1282119 0.08392429 0.9881895 -0.07334578 0.03252011 0.9967763 -0.139909 0.06161952 0.9882453 -0.07961219 0.0200597 0.9966241 -0.1490457 0.03755873 0.9881168 -0.08073914 0.006712138 0.9967128 -0.1530416 0.01268804 0.9881384 -0.08041357 -0.006624042 0.9967396 -0.1521956 -0.012524 0.9882711 -0.07757437 -0.02006733 0.9967847 -0.149599 -0.03780853 0.9880237 -0.0735346 -0.03253209 0.9967619 -0.1393419 -0.06134659 0.9883424 -0.06848615 -0.04451107 0.9966587 -0.1279396 -0.08388078 0.9882284 -0.0595293 -0.05451929 0.9967367 -0.1125925 -0.1037756 0.9882073 -0.04966485 -0.06375998 0.9967287 -0.09422242 -0.1209254 0.9881798 -0.03801453 -0.07072693 0.9967711 -0.07252651 -0.1345608 0.9882477 -0.02613562 -0.07723808 0.9966701 -0.04994916 -0.1459977 0.9880232 -0.01314103 -0.07886689 0.9967986 -0.02531677 -0.151134 0.9881891 -0.09877651 0.2879148 0.9525483 -0.1458737 0.2686606 0.9521253 -0.1879615 0.2413827 0.9520531 -0.2248694 0.2064318 0.9522708 -0.2552538 0.1668595 0.9523673 -0.2803699 0.1229463 0.9519858 -0.2947293 0.07429379 0.9526884 -0.3037821 0.02519631 0.9524084 -0.3020735 -0.02503019 0.9529561 -0.3010462 -0.07599729 0.9505765 -0.2781665 -0.1219264 0.9527631 -0.2561407 -0.1672787 0.9520556 -0.2247934 -0.2062796 0.9523217 -0.1878602 -0.2412291 0.9521119 -0.1447033 -0.268115 0.9524576 -0.09964412 -0.2906013 0.9516417 -0.05022555 -0.3002233 0.9525457 -0.1463586 0.4258487 0.8928785 -0.2146257 0.3961365 0.8927551 -0.2773292 0.3563093 0.8922624 -0.333815 0.3071309 0.8912005 -0.3775856 0.2470439 0.8924116 -0.4141707 0.1816985 0.8918792 -0.4380481 0.1108193 0.8920948 -0.449572 0.03717923 0.89247 -0.4488281 -0.03726071 0.8928411 -0.4405463 -0.1118821 0.8907308 -0.412517 -0.181456 0.8926945 -0.3781141 -0.247103 0.8921715 -0.3322451 -0.3058062 0.892242 -0.2781982 -0.3574047 0.8915535 -0.2133273 -0.3953014 0.8934363 -0.1467251 -0.4266846 0.8924192 -0.07387059 -0.4433993 0.893275 -0.189473 0.5518652 0.8121238 -0.2779567 0.5135506 0.8117918 -0.3586519 0.4613209 0.8115122 -0.4299856 0.3965269 0.8110974 -0.4881218 0.3191561 0.8123279 -0.5347395 0.234776 0.8117474 -0.5695707 0.1439981 0.8092305 -0.5814048 0.04799205 0.8121978 -0.5802421 -0.04788583 0.8130351 -0.5640468 -0.1431975 0.8132317 -0.5365721 -0.2351261 0.8104358 -0.4891837 -0.3198495 0.8114159 -0.4300608 -0.3947473 0.8119252 -0.3599488 -0.462571 0.8102252 -0.2770956 -0.5135508 0.8120861 -0.1898669 -0.5530819 0.8112034 -0.09632062 -0.5765681 0.8113517 -0.2285127 0.6660072 0.7100819 -0.3348731 0.6183187 0.7110148 -0.4320403 0.5551791 0.7107161 -0.517358 0.4773262 0.7102819 -0.590097 0.3847672 0.7097463 -0.643022 0.2818948 0.7120802 -0.6847168 0.1733912 0.7078831 -0.7011743 0.05803281 0.7106243 -0.7030889 -0.0584312 0.7086973 -0.6811514 -0.173047 0.7113983 -0.6447672 -0.2823897 0.7103037 -0.5907148 -0.3856464 0.7087545 -0.5177571 -0.476062 0.7108393 -0.4326401 -0.5565789 0.709255 -0.3346274 -0.6184903 0.7109812 -0.2294347 -0.6672085 0.7086555 -0.1160658 -0.6949512 0.7096278 -0.2619882 0.7639453 0.5897031 -0.3836693 0.7083699 0.5924611 -0.4965536 0.6370002 0.5896316 -0.5943144 0.5478091 0.5888087 -0.6760761 0.4411465 0.5901788 -0.7381648 0.3237571 0.5918565 -0.7851765 0.1986411 0.586549 -0.8052607 0.06640738 0.5891906 -0.8089398 -0.06727433 0.5840297 -0.7812539 -0.1984401 0.5918311 -0.7409741 -0.3248773 0.5877177 -0.6764125 -0.4420044 0.5891504 -0.5934484 -0.5461896 0.591182 -0.4960663 -0.6392202 0.5876357 -0.3833776 -0.7077521 0.5933874 -0.2626786 -0.7648714 0.5881935 -0.1327751 -0.7963533 0.5900781 -0.2886824 0.8414279 0.456795 -0.4240635 0.7839443 0.453433 -0.5479291 0.7024515 0.4542418 -0.6557841 0.6034064 0.4537047 -0.7453302 0.4870716 0.4552408 -0.8123687 0.3564066 0.4615536 -0.8659237 0.2190222 0.4496728 -0.8883971 0.07335031 0.4531782 -0.8876392 -0.07371193 0.4546025 -0.8624286 -0.2183876 0.4566441 -0.8161498 -0.3579379 0.45363 -0.7464053 -0.4878249 0.4526655 -0.653495 -0.6010688 0.4600659 -0.548291 -0.7046471 0.4503882 -0.4236539 -0.7825256 0.4562577 -0.2896125 -0.8428305 0.4536094 -0.1465089 -0.8784381 0.4548425 -0.307913 0.8988519 0.3118572 -0.4524132 0.8366533 0.3087614 -0.584009 0.7496342 0.3114197 -0.7008533 0.6449066 0.3047953 -0.7962199 0.5203055 0.308733 -0.8687915 0.3811415 0.3161213 -0.921341 0.2334958 0.3108226 -0.9482496 0.07837516 0.3077011 -0.9463762 -0.07841765 0.3134051 -0.9202455 -0.2329521 0.3144544 -0.8700841 -0.3823654 0.3110474 -0.7970968 -0.5204657 0.3061898 -0.6985408 -0.6421399 0.3157486 -0.5851902 -0.751459 0.3047325 -0.452645 -0.8362563 0.3094964 -0.3089051 -0.8996604 0.3085269 -0.156269 -0.9377805 0.310077 -0.3204236 0.9341059 0.1574003 -0.4700855 0.8685185 0.1571471 -0.6066314 0.7795552 0.1558596 -0.7262314 0.6693136 0.156867 -0.8264696 0.5400277 0.1591169 -0.9043982 0.3966866 0.1571742 -0.9575397 0.2425984 0.1557687 -0.9840486 0.08152377 0.1581208 -0.9836834 -0.0815382 0.16037 -0.957046 -0.242016 0.1596596 -0.9045884 -0.397156 0.1548777 -0.8265503 -0.5396758 0.1598894 -0.7262398 -0.6684414 0.1605053 -0.6069982 -0.7793624 0.1553949 -0.469863 -0.8685587 0.1575904 -0.320944 -0.9339087 0.1575105 -0.1621738 -0.9739201 0.1586797 -0.1642518 0.983199 0.07963198 -0.3235999 0.9429053 0.078821 -0.4746279 0.8770043 0.07477849 -0.6122471 0.7870597 0.07543569 -0.7325609 0.6756963 0.08239609 -0.8342683 0.5453594 0.08111423 -0.9130437 0.4000247 0.07957148 -0.967204 0.2450034 0.06700617 -0.9933439 0.08234244 0.08054637 -0.9935276 -0.08225119 0.07834333 -0.9670632 -0.2442969 0.07146918 -0.9128234 -0.4008061 0.07815307 -0.8339239 -0.5452453 0.08531486 -0.7337226 -0.6750596 0.07710951 -0.6123353 -0.7866384 0.07902938 -0.4736442 -0.8772127 0.07848024 -0.3238655 -0.9426237 0.08106601 -0.1637561 -0.9833496 0.07878816 0.003297328 -0.08113795 0.9966974 0.006377518 -0.1552814 0.9878497 0.01263517 -0.3075721 0.9514409 0.01883465 -0.4540594 0.8907723 0.02430862 -0.5851421 0.8105664 0.02915763 -0.7056212 0.7079892 0.03344881 -0.8088921 0.5870048 0.03675979 -0.8909286 0.4526534 0.03926342 -0.9502233 0.3090862 0.04090243 -0.9867945 0.156728 0.0412153 -0.996234 0.07628405 -0.04100811 0.9961473 0.07751727 -0.04068034 0.9871044 0.1548227 -0.03934091 0.9504781 0.3082916 -0.03683203 0.8905699 0.4533528 -0.03342509 0.8100123 0.5854595 -0.02929294 0.7075346 0.7060714 -0.02430653 0.5876421 0.8087558 -0.01883548 0.4540642 0.89077 -0.01293885 0.3105526 0.9504683 -0.006687402 0.1598368 0.9871208 -0.003454983 0.0802136 0.9967717 0.0032202 0.08011579 0.9967804 0.006326377 0.155686 0.9877863 0.02513277 0.1501179 0.9883486 0.01271373 0.3079221 0.9513266 0.05054175 0.3003847 0.9524781 0.01874268 0.451928 0.8918576 0.07404309 0.4450256 0.8924517 0.02409988 0.5852395 0.8105023 0.0959807 0.5769349 0.8111313 0.02909958 0.7049126 0.7086971 0.1161664 0.6954229 0.7091491 0.03354978 0.8071773 0.5893551 0.1329962 0.7972641 0.5887972 0.03705912 0.8901296 0.4541981 0.1464015 0.8785315 0.4546968 0.03957146 0.9504333 0.3084004 0.1566177 0.9379117 0.3095038 0.02734124 0.9831134 0.1809436 0.1887351 0.965348 0.1802287 0.2440955 0.9669614 0.07350587 0.324087 0.9429186 0.07663053 0.3208288 0.9343392 0.1551743 0.4739686 0.8764301 0.08499443 0.4695801 0.868007 0.1614266 0.6123202 0.7869237 0.07625705 0.6063975 0.7793179 0.1579421 0.7332704 0.6757422 0.07541322 0.7275336 0.6692185 0.151134 0.8348 0.5442402 0.08313542 0.8263965 0.5396931 0.1606243 0.9126008 0.4007593 0.08094298 0.9042688 0.3970585 0.1569796 0.966656 0.2435693 0.07905948 0.9584509 0.2421433 0.1507934 0.9928609 0.08237463 0.08626574 0.983065 0.08133524 0.164219 0.9939664 -0.08264821 0.07211089 0.9843762 -0.08147323 0.1560953 0.9666006 -0.2449588 0.0753569 0.9583429 -0.2430409 0.1500341 0.9124781 -0.3994678 0.08836936 0.9036388 -0.3961603 0.1627701 0.8349312 -0.5451602 0.07543534 0.8271145 -0.5404886 0.1541224 0.733852 -0.6753668 0.07308191 0.7277266 -0.6688467 0.1518488 0.6117566 -0.7864663 0.08499985 0.6058803 -0.7785203 0.1637537 0.4750395 -0.8767943 0.07462793 0.469637 -0.8691166 0.1551696 0.3246917 -0.9423964 0.08040231 0.3211216 -0.9339783 0.1567337 0.1643207 -0.9831412 0.08020144 0.1625019 -0.9740058 0.1578159 0.3091459 0.9002401 0.3065887 0.4519209 0.8348167 0.3144022 0.5835918 0.7498195 0.3117553 0.7011742 0.6448838 0.3041049 0.7954204 0.5198441 0.3115586 0.869993 0.3828255 0.3107363 0.9234514 0.2339117 0.3041756 0.9456914 0.07831382 0.3154916 0.9472723 -0.07847172 0.3106728 0.9226731 -0.2334412 0.3068869 0.8705042 -0.3823797 0.3098519 0.7952773 -0.5194719 0.3125429 0.6999408 -0.6451737 0.306323 0.5836006 -0.7491437 0.3133594 0.4521597 -0.8358406 0.3113231 0.3087003 -0.900135 0.3073452 0.1563476 -0.93727 0.3115773 0.2901359 0.8433427 0.452321 0.4222668 0.7805618 0.4608842 0.5473164 0.7034691 0.453405 0.6561906 0.604103 0.4521874 0.7463096 0.4869919 0.453719 0.812715 0.356757 0.4606723 0.8642698 0.2188841 0.4529102 0.8856078 0.07350265 0.4585807 0.8868889 -0.07363712 0.4560765 0.8616356 -0.2180116 0.4583176 0.8176614 -0.3585299 0.4504292 0.7450129 -0.4864241 0.456451 0.6547768 -0.6037986 0.4546367 0.5464563 -0.7023491 0.4561703 0.4235264 -0.7829815 0.4555936 0.2890669 -0.8434014 0.4528959 0.1463724 -0.8770419 0.4575725 0.2631174 0.7648129 0.5880735 0.3845863 0.709654 0.590326 0.496784 0.638216 0.5881209 0.5955287 0.5480489 0.5873568 0.6753929 0.4410178 0.5910564 0.7389326 0.3245292 0.590474 0.7842615 0.1982403 0.5879071 0.8057793 0.06672042 0.5884454 0.8057156 -0.06716424 0.5884823 0.7809581 -0.1977779 0.5924426 0.7414494 -0.3250367 0.5870299 0.6778103 -0.4425415 0.5871374 0.5945336 -0.5479244 0.5884799 0.4947568 -0.636088 0.5921214 0.3853914 -0.7116751 0.5873603 0.2621377 -0.7643473 0.5891155 0.1330496 -0.7960986 0.59036 0.2287681 0.6664847 0.7095515 0.3361771 0.6206068 0.7084012 0.4327679 0.5565785 0.7091772 0.5186311 0.4771183 0.7094928 0.5874723 0.3833583 0.7126799 0.6451005 0.2828391 0.7098222 0.6823543 0.172464 0.7103864 0.7037559 0.05830103 0.7080457 0.7032785 -0.05829161 0.7085207 0.6821252 -0.1724781 0.7106029 0.6439427 -0.2825969 0.710969 0.5908094 -0.3857341 0.7086279 0.5186924 -0.477484 0.7092018 0.4317438 -0.5553609 0.7107542 0.3367227 -0.6216598 0.7072178 0.2282037 -0.6653164 0.7108285 0.1160275 -0.6955306 0.7090662 0.1894657 0.5526223 0.8116104 0.2778041 0.5142719 0.8113874 0.3591253 0.4621177 0.8108492 0.4303297 0.3957458 0.8112962 0.489324 0.3199873 0.811277 0.5342395 0.2343324 0.8122048 0.5639307 0.143449 0.8132678 0.5835705 0.04829102 0.8106253 0.5807535 -0.04813188 0.8126554 0.5667451 -0.1430188 0.8113851 0.5347752 -0.2346723 0.811754 0.4916339 -0.321528 0.8092688 0.4283695 -0.3948712 0.8127586 0.3593707 -0.461684 0.8109875 0.278795 -0.515257 0.8104219 0.1895649 -0.5526935 0.8115386 0.0960114 -0.5770146 0.8110709 0.1465345 0.4264317 0.8925715 0.2146326 0.3975493 0.8921253 0.277185 0.3560734 0.8924013 0.3317375 0.3049318 0.8927301 0.376787 0.2469668 0.8927705 0.4133385 0.1816764 0.8922696 0.4364603 0.1111741 0.8928286 0.4507208 0.03711259 0.8918932 0.4480777 -0.03707665 0.8932255 0.4368176 -0.1105937 0.8927259 0.4131996 -0.1812475 0.8924211 0.3776006 -0.2469652 0.8924271 0.331185 -0.3058741 0.8926128 0.2768694 -0.3556002 0.892688 0.2151016 -0.3968441 0.8923262 0.146452 -0.4274331 0.8921058 0.07413595 -0.4446584 0.892627 0.09916847 0.2881922 0.9524237 0.1450877 0.2683201 0.9523413 0.1878679 0.2408472 0.952207 0.225103 0.2065724 0.9521852 0.2538124 0.1659488 0.9529115 0.2786123 0.1222218 0.9525949 0.2974364 0.07509362 0.9517839 0.3043343 0.0251758 0.9522325 0.3040985 -0.025159 0.9523084 0.2968639 -0.07529175 0.951947 0.2786394 -0.1220483 0.9526092 0.2534778 -0.1654964 0.9530792 0.2245299 -0.2078332 0.952046 0.1869695 -0.2402476 0.9525354 0.1453492 -0.268613 0.9522188 0.09921938 -0.2885345 0.9523148 0.05007332 -0.3012704 0.9522232 0.04986494 0.1452405 0.988139 0.07269865 0.1340027 0.9883108 0.09411442 0.1211866 0.9881581 0.1137058 0.1032975 0.9881299 0.1287865 0.08400076 0.9881083 0.139985 0.06133735 0.988252 0.1484512 0.0373584 0.9882138 0.153102 0.01253134 0.988131 0.1521989 -0.01279693 0.9882671 0.1489601 -0.03757041 0.9881293 0.1394247 -0.06132757 0.9883319 0.1282141 -0.08371597 0.9882069 0.1125922 -0.1044786 0.9881333 0.09408521 -0.1202416 0.9882763 0.07314634 -0.1349931 0.988143 0.04969197 -0.1445823 0.9882442 0.02522879 -0.1516616 0.9881106 0.01290732 0.07836091 0.9968416 0.02640241 0.07650035 0.99672 0.03841942 0.07141518 0.9967066 0.04905903 0.06386792 0.9967518 0.05979734 0.05327653 0.9967879 0.06941521 0.04490709 0.9965767 0.07379937 0.03247195 0.9967444 0.07781165 0.01965403 0.9967743 0.08073914 0.006606936 0.9967134 0.08037251 -0.006814002 0.9967417 0.07824724 -0.01949155 0.9967435 0.0739054 -0.03254336 0.9967342 0.06854337 -0.04407435 0.9966742 0.0597155 -0.05532366 0.9966812 0.0500161 -0.06277817 0.9967735 0.03900986 -0.07109963 0.9967062 0.02618604 -0.07605928 0.9967595 0.01351356 -0.07960915 0.9967346 -0.04133576 -0.9960944 0.07802253 -0.04088783 -0.9868838 0.1561682 -0.1627382 -0.974338 0.1555053 -0.03922587 -0.9505115 0.3082035 -0.1566245 -0.9380772 0.3089987 -0.03678214 -0.8908243 0.4528567 -0.1469785 -0.8794717 0.4526884 -0.03352171 -0.8104339 0.5848703 -0.1335974 -0.8005027 0.5842493 -0.02937334 -0.7088461 0.7047514 -0.1169335 -0.7012411 0.7032693 -0.02437162 -0.5895333 0.8073764 -0.09712332 -0.5813617 0.8078278 -0.01893258 -0.4578921 0.8888063 -0.07500553 -0.4494071 0.8901727 -0.01298344 -0.3114282 0.950181 -0.05100369 -0.3075525 0.9501632 -0.006663084 -0.1590053 0.9872553 -0.02641534 -0.1594729 0.9868489 -0.003399014 -0.08064407 0.9967372 -0.0133267 -0.08015447 0.9966934 -0.02583163 -0.07625377 0.9967539 -0.05222082 -0.1525132 0.9869208 -0.03882366 -0.07084888 0.9967313 -0.07701176 -0.1422462 0.986831 -0.04898065 -0.06277543 0.996825 -0.09842926 -0.1265484 0.987065 -0.05932402 -0.05467379 0.9967404 -0.1185892 -0.109458 0.9868919 -0.06825429 -0.04361927 0.9967141 -0.1356849 -0.08832967 0.9868068 -0.07323688 -0.03271496 0.9967779 -0.1474986 -0.06494277 0.9869279 -0.07952088 -0.01978546 0.9966369 -0.1576343 -0.0399785 0.986688 -0.07853555 -0.01324647 0.9968234 -0.1837694 -0.01722061 0.9828186 -0.07887017 0.00689274 0.9968612 -0.1608064 0.01351821 0.9868934 -0.07814621 0.01982462 0.9967448 -0.1568306 0.03956174 0.9868329 -0.07430255 0.03228437 0.9967131 -0.1473028 0.06443047 0.9869907 -0.06813019 0.04399669 0.9967059 -0.1368486 0.08865803 0.9866166 -0.05940812 0.05479532 0.9967287 -0.1188232 0.1093102 0.9868802 -0.04903841 0.063528 0.9967745 -0.09882485 0.1269423 0.9869749 -0.03806906 0.06986576 0.9968298 -0.07721811 0.1420499 0.9868431 -0.02612316 0.07678484 0.9967054 -0.0520749 0.1523692 0.9869508 -0.01311635 0.07879656 0.9968045 -0.02644979 0.1584469 0.9870132 -0.1017453 -0.2958658 0.9497954 -0.1486122 -0.2750313 0.9498801 -0.1923969 -0.2469543 0.9497353 -0.230744 -0.2120245 0.949633 -0.2614132 -0.1709356 0.9499706 -0.2866889 -0.1257871 0.94973 -0.3052966 -0.07752579 0.9490963 -0.3107585 -0.0256831 0.9501419 -0.3120561 0.02591544 0.9497101 -0.3045098 0.0770291 0.9493895 -0.2852312 0.1252725 0.9502368 -0.2630417 0.1717788 0.9493688 -0.2296991 0.2115665 0.9499885 -0.1925097 0.2464195 0.9498513 -0.1491877 0.2753282 0.9497039 -0.1018329 0.2965031 0.9495874 -0.0515173 0.308201 0.9499254 -0.1481886 -0.4328706 0.8891925 -0.2185148 -0.4023841 0.8890097 -0.2811975 -0.3609134 0.889196 -0.3377171 -0.3099969 0.8887346 -0.3810746 -0.2494812 0.8902478 -0.4186527 -0.1834721 0.88942 -0.4452187 -0.112698 0.8883016 -0.455599 -0.03765672 0.8893884 -0.4533662 0.03770178 0.8905267 -0.4450779 0.112586 0.8883863 -0.417424 0.1830104 0.8900924 -0.3841763 0.2512094 0.888427 -0.3365885 0.3100732 0.889136 -0.2808072 0.3595819 0.8898586 -0.2179124 0.4022217 0.889231 -0.1486797 0.4325546 0.8892642 -0.07529366 0.4513801 0.8891496 -0.1905775 -0.5562672 0.8088554 -0.2809089 -0.5195446 0.8069471 -0.3604516 -0.464 0.8091841 -0.4333705 -0.398362 0.8083921 -0.4940028 -0.3228127 0.8073124 -0.5393791 -0.2365055 0.8081679 -0.569541 -0.1440528 0.8092415 -0.5888682 -0.04872405 0.8067591 -0.5866304 0.04878902 0.8083838 -0.5701203 0.1443219 0.8087854 -0.5381139 0.2357262 0.8092383 -0.4938611 0.3233431 0.8071867 -0.4352663 0.4010997 0.8060163 -0.3606755 0.463566 0.809333 -0.2802045 0.5182771 0.8080064 -0.1924401 0.5580496 0.8071849 -0.09718495 0.5818846 0.8074438 -0.2295212 -0.6692379 0.7067112 -0.3379175 -0.6242758 0.7043377 -0.434484 -0.5591543 0.706095 -0.5200079 -0.4778905 0.7079637 -0.5949168 -0.3879597 0.7039611 -0.649861 -0.2852789 0.7044833 -0.6856924 -0.1734092 0.7069337 -0.7061012 -0.05852764 0.705688 -0.7094333 0.05906671 0.7022931 -0.6855579 0.1737441 0.7069819 -0.6488028 0.2845727 0.7057431 -0.5937232 0.3885415 0.7046476 -0.5230338 0.4812634 0.7034354 -0.4358019 0.5600508 0.7045707 -0.336841 0.6222577 0.7066354 -0.2307839 0.6707981 0.7048183 -0.1166168 0.699688 0.7048668 -0.2630428 -0.7665989 0.585777 -0.385917 -0.7130252 0.5853744 -0.4974076 -0.6403633 0.5852525 -0.5957041 -0.5476356 0.5875644 -0.6775736 -0.4425135 0.5874316 -0.7438755 -0.3265056 0.5831324 -0.7885241 -0.1997559 0.5816591 -0.8076187 -0.06713587 0.5858711 -0.8073439 0.06671172 0.5862981 -0.7867974 0.1996437 0.5840312 -0.7429758 0.3257753 0.5846859 -0.6793076 0.4437769 0.5844685 -0.5956131 0.5483191 0.5870191 -0.4991407 0.6416317 0.5823807 -0.3846246 0.7111089 0.5885474 -0.2637044 0.7664468 0.5856786 -0.1334235 0.8007278 0.5839806 -0.2893429 -0.8442158 0.4511988 -0.4244127 -0.784201 0.4526617 -0.5486118 -0.7052836 0.4489992 -0.6551799 -0.6033416 0.4546628 -0.7474203 -0.4879298 0.4508741 -0.8147038 -0.3577485 0.4563703 -0.8654079 -0.2193908 0.4504854 -0.889511 -0.07379782 0.4509147 -0.8882711 0.07354968 0.4533928 -0.8648879 0.2190992 0.4516243 -0.8172724 0.3587527 0.4509571 -0.7468189 0.488039 0.4517517 -0.6554142 0.6035709 0.4540205 -0.5484189 0.7047644 0.4500489 -0.4240747 0.7835183 0.4541586 -0.2897198 0.8430705 0.4530944 -0.1471242 0.8812955 0.4490801 -0.3090703 -0.9004448 0.3060637 -0.4529104 -0.8365255 0.3083785 -0.5859085 -0.7524397 0.3009082 -0.6988643 -0.6442902 0.3106107 -0.7975646 -0.520418 0.3050509 -0.8689536 -0.3817544 0.3149338 -0.922351 -0.2333022 0.3079594 -0.9475449 -0.07868504 0.309786 -0.9494305 0.07871413 0.3039507 -0.9225211 0.2334784 0.3073154 -0.8715612 0.3825417 0.3066643 -0.7963322 0.520896 0.3074454 -0.6989321 0.6435138 0.3120642 -0.5850338 0.7514025 0.305172 -0.4531098 0.8366042 0.3078715 -0.3090299 0.8989542 0.3104544 -0.1570695 0.9395205 0.3043525 -0.3206942 -0.9341337 0.156683 -0.4702994 -0.8686052 0.1560247 -0.6071237 -0.7797194 0.1530962 -0.7268146 -0.6688808 0.15601 -0.8267908 -0.5398433 0.1580708 -0.9041572 -0.3968622 0.1581155 -0.9575687 -0.2430119 0.1549432 -0.9844611 -0.0817359 0.155421 -0.9782007 0.1079372 0.1774059 -0.9572708 0.2424175 0.157691 -0.904065 0.3968479 0.1586767 -0.8267857 0.5404856 0.1558871 -0.7262696 0.6693397 0.1565786 -0.6070538 0.7797332 0.1533039 -0.4701526 0.8689287 0.1546592 -0.3205738 0.9340171 0.1576223 -0.1624966 0.9743193 0.1558743 -0.164045 -0.983584 0.07517951 -0.3238142 -0.9425855 0.08171314 -0.4745303 -0.8768495 0.07717418 -0.6123426 -0.7865638 0.07971215 -0.7338727 -0.6750446 0.07580107 -0.8346928 -0.5448771 0.07998216 -0.9130839 -0.3999859 0.07930511 -0.9661059 -0.2455853 0.07954543 -0.9937894 -0.08342027 0.07364588 -0.9837691 0.1634711 0.07399785 -0.9659752 0.2441824 0.0852459 -0.9124836 0.4005348 0.08333992 -0.834715 0.5452725 0.07699906 -0.7331358 0.6763926 0.07074588 -0.6123952 0.7868557 0.07635599 -0.4748125 0.8767876 0.07613551 -0.3233471 0.9429762 0.07901024 -0.1637303 0.9832804 0.07970052 0.003554284 0.08073371 0.9967294 0.006730556 0.1588495 0.9872798 0.01286911 0.3108751 0.9503637 0.01882088 0.456215 0.8896705 0.0243529 0.587565 0.8088105 0.02927309 0.7065392 0.7070683 0.0335316 0.8103319 0.5850112 0.03682202 0.8913775 0.4517636 0.03930187 0.950558 0.3080506 0.04086893 0.9868615 0.1563144 0.0408678 0.995909 0.08059346 2.47386e-7 0.9970789 0.07637894 -0.04087918 -0.9963809 0.07452535 -0.0406717 -0.9870334 0.1552769 -0.03936225 -0.9495234 0.3112171 -0.03687459 -0.8891662 0.4560964 -0.03340429 -0.8079134 0.5883538 -0.02921593 -0.7045622 0.7090407 -0.02426201 -0.5843881 0.8111115 -0.0187692 -0.4522049 0.8917166 -0.01270067 -0.3077041 0.9513974 -0.006321132 -0.155638 0.9877939 -0.003154397 -0.080168 0.9967765 0.003417968 -0.08029001 0.9967657 0.006708383 -0.1592522 0.9872152 0.02655059 -0.1585958 0.9869866 0.01299899 -0.3104267 0.9505085 0.05166548 -0.3084557 0.9498347 0.01888835 -0.4543668 0.8906145 0.07471209 -0.4512322 0.8892738 0.02438133 -0.5868617 0.8093201 0.0970754 -0.581542 0.8077037 0.02925807 -0.7061977 0.7074099 0.116258 -0.698867 0.70574 0.03347563 -0.8089628 0.5869061 0.1335058 -0.7990871 0.5862049 0.03685337 -0.8907828 0.4529328 0.1467064 -0.879108 0.4534826 0.03918665 -0.9501566 0.3093007 0.1565842 -0.9381635 0.3087565 0.04078829 -0.9866914 0.1574055 0.1623654 -0.974713 0.1535323 0.0412538 -0.9959491 0.07989817 0.1638499 -0.9837666 0.07318943 0.3234825 -0.9431289 0.07659584 0.3210885 -0.9344718 0.1538334 0.4744557 -0.8768315 0.07783627 0.4699388 -0.8689834 0.1550011 0.6122882 -0.7862264 0.08337479 0.6066209 -0.7790705 0.1583049 0.7335361 -0.6758836 0.07145714 0.7272423 -0.6696426 0.1506565 0.8343082 -0.5454609 0.08001518 0.8268215 -0.5402665 0.1564558 0.913186 -0.4005374 0.07524138 0.9043878 -0.3965506 0.1575771 0.9667032 -0.2448201 0.07448619 0.9584508 -0.2424624 0.1502797 0.9929626 -0.08211314 0.085339 0.983627 -0.08172124 0.160623 0.9945263 0.08247542 0.06415063 0.9856317 0.08179026 0.1477857 0.9657759 0.2458128 0.08278405 0.957048 0.2427564 0.1585201 0.9133328 0.4003126 0.07465314 0.9047198 0.3968018 0.1550177 0.8352612 0.5450435 0.07256966 0.8274603 0.5399905 0.1540126 0.7334501 0.6744726 0.08448547 0.7264626 0.669119 0.156627 0.6119614 0.7873765 0.07444316 0.6067217 0.779694 0.1548098 0.4746247 0.8767709 0.07748746 0.4702059 0.8688223 0.1550944 0.3239102 0.9428997 0.07760477 0.3209899 0.934327 0.1549149 0.2453138 0.9666146 0.07401007 0.1888411 0.9653007 0.1803709 0.3092702 -0.9006651 0.3052122 0.4530037 -0.8365643 0.3081361 0.5848976 -0.7505303 0.3075697 0.6999273 -0.6441516 0.3084972 0.796434 -0.5208082 0.30733 0.8701685 -0.3815061 0.3118657 0.9239646 -0.2339933 0.3025501 0.9484533 -0.07894897 0.306926 0.9486351 0.07879108 0.3064042 0.9220157 0.2332813 0.3089776 0.8715574 0.3824354 0.3068076 0.7960584 0.5196752 0.3102077 0.7008976 0.645704 0.3029999 0.5837695 0.7495551 0.3120583 0.4526136 0.8367811 0.3081206 0.3084052 0.8999596 0.3081544 0.1566187 0.9382919 0.3083491 0.2899784 -0.8445046 0.4502494 0.4244884 -0.7844303 0.4521933 0.5481863 -0.703518 0.4522768 0.6566762 -0.604908 0.4504027 0.7465206 -0.4880849 0.4521948 0.8166506 -0.3579679 0.4527041 0.8660072 -0.219404 0.4493257 0.8879633 -0.07383912 0.4539481 0.8882556 0.07320761 0.4534783 0.8649789 0.2187098 0.4516389 0.8170694 0.3580082 0.4519157 0.7465934 0.4871451 0.4530872 0.6578729 0.6054803 0.4478805 0.5465313 0.7030858 0.4549438 0.4245193 0.7843908 0.4522329 0.2893804 0.8434157 0.4526687 0.1467697 0.8802789 0.4511849 0.2635409 -0.767535 0.5843256 0.3864977 -0.714024 0.5837716 0.4970707 -0.6386924 0.5873607 0.5989878 -0.5512081 0.5808469 0.6776978 -0.4423899 0.5873814 0.7420623 -0.325556 0.5859666 0.7850273 -0.1991347 0.5865813 0.8058689 -0.06713575 0.5882757 0.8084137 0.06693971 0.5847962 0.7880415 0.1994336 0.5824233 0.7402168 0.3245517 0.5888508 0.6790505 0.4432867 0.5851388 0.5977498 0.5494092 0.5838192 0.4978524 0.6399331 0.585345 0.3860148 0.7129495 0.5854023 0.2632597 0.7668329 0.5853731 0.1336011 0.8003365 0.5844761 0.2301902 -0.6705546 0.705244 0.3379392 -0.6241348 0.7044521 0.4340408 -0.5590738 0.7064313 0.5216015 -0.4798009 0.7054949 0.590344 -0.3860594 0.7088387 0.6488513 -0.2844765 0.7057373 0.6860893 -0.1739605 0.706413 0.7062192 -0.05887383 0.7055411 0.7079601 0.05857628 0.703819 0.6891437 0.1745471 0.7032883 0.6467503 0.2834653 0.7080689 0.5920733 0.3872764 0.7067293 0.5212534 0.4798386 0.7057265 0.4352154 0.5594652 0.7053981 0.3372762 0.6233643 0.7054515 0.2297688 0.6701371 0.705778 0.116508 0.6986761 0.7058879 0.1909823 -0.5574923 0.8079159 0.2801873 -0.5177317 0.808362 0.3627531 -0.4667102 0.8065928 0.4340063 -0.3991393 0.8076673 0.4914907 -0.3223513 0.8090283 0.5399608 -0.2365805 0.8077574 0.5731269 -0.1451743 0.8065049 0.5860626 -0.0486471 0.8088042 0.5866807 0.04852384 0.8083633 0.573722 0.1452038 0.8060762 0.5403851 0.2365927 0.80747 0.4936791 0.322524 0.8076258 0.4331352 0.3989198 0.8082431 0.3635179 0.4668112 0.8061898 0.2805793 0.5180845 0.808 0.1908899 0.5572982 0.8080717 0.09699845 0.5817155 0.8075881 0.1483649 -0.432524 0.8893318 0.2170744 -0.4019835 0.8895438 0.2812857 -0.3608719 0.889185 0.3384722 -0.3117015 0.8878507 0.3837862 -0.2512513 0.8885837 0.418766 -0.1834974 0.8893614 0.4437325 -0.1120824 0.8891226 0.4549497 -0.0377525 0.8897165 0.4573388 0.03771245 0.8884927 0.4427074 0.1121597 0.8896237 0.4210591 0.1843894 0.8880934 0.3835504 0.2507147 0.8888372 0.3363625 0.3093624 0.8894692 0.282691 0.3625655 0.8880496 0.2173141 0.4008574 0.8899933 0.1485161 0.4331364 0.8890084 0.07515853 0.4514955 0.8891024 0.101224 -0.2949441 0.9501378 0.1490136 -0.2759554 0.9495492 0.1914612 -0.2461642 0.9501294 0.230928 -0.2121259 0.9495657 0.2626522 -0.1712982 0.9495635 0.2857097 -0.1259157 0.950008 0.3029289 -0.07640349 0.9499456 0.3095859 -0.0257588 0.9505226 0.3145572 0.02615714 0.9488781 0.3001343 0.07628744 0.9508416 0.2866693 0.1255504 0.9497674 0.2604735 0.1708995 0.9502353 0.2287758 0.2105953 0.9504269 0.1922507 0.2471315 0.9497187 0.1489593 0.2746173 0.9499455 0.1017619 0.2967895 0.9495055 0.05137312 0.3084626 0.9498482 0.05192559 -0.1527415 0.9869012 0.07671755 -0.14195 0.9868965 0.09815311 -0.1271231 0.9870186 0.1187517 -0.1088553 0.9869391 0.1360102 -0.08827733 0.9867666 0.1461399 -0.06448853 0.9871597 0.1584551 -0.03989911 0.9865597 0.1591295 -0.01309382 0.9871709 0.1617071 0.01357859 0.9867454 0.1560888 0.03968584 0.9869455 0.1482237 0.0650025 0.9868153 0.134845 0.08816796 0.9869363 0.1174111 0.108281 0.9871625 0.09878695 0.1273801 0.9869223 0.07703471 0.1416209 0.9869191 0.05230557 0.152973 0.9868452 0.02654129 0.1593131 0.9868713 0.01315748 -0.07909518 0.9967803 0.02592587 -0.07720035 0.9966785 0.03823423 -0.07091003 0.9967497 0.04881346 -0.06325709 0.9968029 0.05973923 -0.05439996 0.9967307 0.06807315 -0.04474419 0.9966765 0.07180505 -0.03205043 0.9969036 0.07960772 -0.02002716 0.9966251 0.07970374 -0.006721615 0.996796 0.08061492 0.006829321 0.9967219 0.07743597 0.01978349 0.996801 0.07482045 0.03303503 0.9966497 0.06774544 0.04401099 0.9967315 0.05934661 0.05434066 0.9967574 0.04957371 0.06396847 0.9967198 0.03875935 0.07110118 0.9967159 0.02608019 0.07698863 0.9966908 0.01332205 0.07954597 0.9967423 -0.02572017 0.9416374 0.3356451 -0.03681105 0.8902007 0.4540789 -0.1466125 0.8785119 0.4546666 -0.03351527 0.8085446 0.5874797 -0.1327827 0.7967993 0.5894742 -0.02918463 0.7043866 0.7092164 -0.1158548 0.6945776 0.710028 -0.02409154 0.5849466 0.810714 -0.09610873 0.5758142 0.8119121 -0.01861286 0.4534685 0.8910779 -0.07420569 0.4453921 0.8922553 -0.01259642 0.3074952 0.9514663 -0.05026435 0.3018564 0.9520275 -0.006388366 0.1547177 0.9879382 -0.02534133 0.1512369 0.9881727 -0.0033257 0.08109349 0.996701 -0.01344996 0.0792942 0.9967606 -0.02643054 0.07585364 0.9967687 -0.05001538 0.1450245 0.9881632 -0.03831034 0.07044947 0.9967795 -0.0729835 0.1343889 0.9882374 -0.049443 0.06304734 0.9967851 -0.09334355 0.1205757 0.9883059 -0.06002092 0.0551306 0.9966736 -0.1129673 0.1034614 0.9881974 -0.06828659 0.04442781 0.9966761 -0.1280288 0.08383679 0.9882206 -0.07263761 0.03238046 0.9968327 -0.1397483 0.06161707 0.9882681 -0.07916903 0.01999986 0.9966607 -0.1480183 0.03741264 0.9882768 -0.08044034 0.006792068 0.9967363 -0.1521814 0.01268869 0.9882711 -0.0813449 -0.006621241 0.9966641 -0.1530927 -0.01252186 0.9881325 -0.07747757 -0.020038 0.9967927 -0.1476347 -0.03743261 0.9883334 -0.07454961 -0.03252792 0.9966868 -0.14025 -0.06124407 0.9882202 -0.06833273 -0.04438942 0.9966746 -0.1285127 -0.08421576 0.9881256 -0.05921226 -0.05422526 0.9967716 -0.112419 -0.1035528 0.9882504 -0.04976844 -0.06383097 0.996719 -0.09412455 -0.1210663 0.9881719 -0.0382117 -0.07085579 0.9967544 -0.07296144 -0.1350647 0.9881469 -0.02634382 -0.07698523 0.9966843 -0.04987823 -0.1456958 0.9880714 -0.01317191 -0.07874614 0.9968077 -0.0251156 -0.1506953 0.9882612 -0.09863811 0.2881795 0.9524827 -0.1458374 0.2683718 0.9522122 -0.1868029 0.2411576 0.952338 -0.2253238 0.2060932 0.9522368 -0.2548534 0.1666811 0.9525058 -0.2796587 0.1228081 0.9522128 -0.2948617 0.07472014 0.9526141 -0.3022723 0.02511894 0.9528906 -0.3035303 -0.02499473 0.9524939 -0.2967478 -0.07514947 0.9519944 -0.2782076 -0.1219999 0.9527417 -0.2561199 -0.1674156 0.9520371 -0.2245981 -0.2067976 0.9522555 -0.1873946 -0.2408369 0.9523029 -0.1455914 -0.2694392 0.9519484 -0.09958565 -0.2893209 0.9520379 -0.05015158 -0.3005574 0.9524443 -0.1456326 0.4250495 0.893378 -0.2154698 0.3966684 0.8923155 -0.2768095 0.3559902 0.8925511 -0.3339941 0.3067638 0.8912597 -0.3775754 0.2470895 0.8924034 -0.4132401 0.1813396 0.8923836 -0.4384669 0.1108342 0.8918872 -0.448885 0.03722971 0.8928138 -0.4504311 -0.03726243 0.8920333 -0.4391208 -0.1113788 0.8914974 -0.4127559 -0.1808167 0.8927139 -0.3780619 -0.2471243 0.8921877 -0.3316048 -0.3050448 0.8927407 -0.2778468 -0.3565303 0.8920131 -0.2141222 -0.3968134 0.8925755 -0.1467787 -0.4264124 0.8925406 -0.07422572 -0.4447789 0.8925595 -0.1893398 0.5524448 0.8117607 -0.2783729 0.5143601 0.8111365 -0.3588774 0.461834 0.8111206 -0.4307165 0.3964354 0.8107541 -0.4890403 0.3196466 0.8115823 -0.5338259 0.234581 0.8124049 -0.5665002 0.1431499 0.8115329 -0.5602859 0.06348526 0.8258628 -0.5827007 -0.04867345 0.8112279 -0.5635575 -0.1430836 0.8135908 -0.5366526 -0.2350958 0.8103914 -0.4895467 -0.3200357 0.8111236 -0.4287621 -0.3944614 0.8127504 -0.3599687 -0.4621325 0.8104667 -0.2779818 -0.5147125 0.811047 -0.1893009 -0.5521469 0.8119723 -0.0964114 -0.5762556 0.811563 -0.2291643 0.6668739 0.7090578 -0.3345304 0.6182066 0.7112735 -0.4324308 0.5558227 0.7099752 -0.5178776 0.4771805 0.7100011 -0.5890717 0.3840794 0.7109695 -0.6418496 0.2814818 0.7133002 -0.6824383 0.1730739 0.7101574 -0.7193268 0.07749551 0.6903358 -0.7045862 -0.0582835 0.707221 -0.6818886 -0.1730158 0.7106993 -0.6450279 -0.2827506 0.7099233 -0.5913155 -0.3854044 0.7083852 -0.5177072 -0.4769122 0.7103057 -0.432559 -0.5557721 0.7099367 -0.3352111 -0.6191495 0.7101321 -0.2288087 -0.6664533 0.709568 -0.1160302 -0.6943392 0.7102324 -0.262265 0.7638308 0.5897284 -0.3836593 0.7082737 0.5925825 -0.4969469 0.6378406 0.5883904 -0.5940394 0.5470466 0.5897942 -0.675215 0.4407653 0.5914481 -0.73913 0.3240555 0.5904871 -0.7855083 0.1990201 0.585976 -0.807464 0.06671333 0.5861325 -0.8082938 -0.06708872 0.5849446 -0.7830601 -0.1985885 0.5893892 -0.7407578 -0.325399 0.5877019 -0.677022 -0.4417635 0.5886309 -0.5935901 -0.5470588 0.5902352 -0.4954895 -0.6370985 0.5904199 -0.3836965 -0.7088574 0.5918601 -0.2625395 -0.7646303 0.5885691 -0.1329182 -0.7969798 0.5891996 -0.2885799 0.8410707 0.457517 -0.4242071 0.7840539 0.4531092 -0.5479927 0.7024487 0.4541695 -0.6559163 0.6037054 0.4531154 -0.7452127 0.4869884 0.455522 -0.8136718 0.3566493 0.4590638 -0.8644401 0.2189931 0.4525321 -0.8894052 0.07337462 0.4511923 -0.887524 -0.07377558 0.4548169 -0.8613279 -0.2183033 0.4587571 -0.8163349 -0.3584717 0.4528748 -0.7460703 -0.4873078 0.4537732 -0.6546941 -0.6030998 0.4556822 -0.5462085 -0.7016919 0.4574767 -0.4240567 -0.7840455 0.4532645 -0.2893223 -0.8422811 0.4548134 -0.1467198 -0.8783608 0.4549239 -0.1815066 0.9248527 0.3342201 -0.3079357 0.8985644 0.3126621 -0.4709078 0.8184718 0.3291655 -0.5834786 0.7489765 0.3139855 -0.7002121 0.6446098 0.3068895 -0.7968388 0.5201519 0.3073924 -0.8701294 0.381595 0.3118655 -0.9199311 0.2331907 0.3151967 -0.9481373 0.07834428 0.3080551 -0.9477462 -0.07862716 0.3091845 -0.9196824 -0.2331234 0.3159711 -0.8708864 -0.3824981 0.3086298 -0.7976858 -0.5209078 0.3038957 -0.7001707 -0.643614 0.3090664 -0.5833116 -0.7497686 0.3124014 -0.4535096 -0.8375142 0.3047935 -0.3084012 -0.8992006 0.3103661 -0.1564884 -0.938084 0.3090469 -0.2395963 0.9421207 0.2345255 -0.3136996 0.9201493 0.2343456 -0.4968972 0.8574442 0.1337261 -0.6064967 0.779387 0.1572185 -0.72592 0.6688215 0.1603685 -0.8269836 0.5398622 0.1569936 -0.904524 0.3964033 0.1571651 -0.9575267 0.2425441 0.1559327 -0.9768615 0.1082476 0.1844564 -0.9840148 -0.08223944 0.1579609 -0.9570916 -0.2420468 0.1593389 -0.9047439 -0.3972622 0.1536917 -0.8269392 -0.5401737 0.1561543 -0.7263015 -0.6691519 0.1572321 -0.6066185 -0.778665 0.1602959 -0.4701333 -0.8689306 0.1547073 -0.3206057 -0.9340013 0.1576505 -0.1625363 -0.9745446 0.1544179 -0.2438995 0.9668284 0.07586902 -0.2438991 0.9668284 0.0758695 -0.2438993 0.9668284 0.07586932 -0.3993276 0.9128345 0.08526825 -0.474582 0.8765596 0.08009529 -0.6124288 0.7869206 0.0754131 -0.7329562 0.6752746 0.08233767 -0.834378 0.5451163 0.08162015 -0.9123053 0.400061 0.08746629 -0.9672667 0.2448884 0.06651932 -0.9830017 0.1642544 0.08202582 -0.9959139 -8.15955e-7 0.09030848 -0.9932827 -0.08225017 0.08139103 -0.9670957 -0.2441038 0.07168829 -0.9126847 -0.4010008 0.0787729 -0.8340409 -0.5449998 0.0857377 -0.7329418 -0.6758247 0.07782924 -0.6127315 -0.7858033 0.08410328 -0.4740684 -0.8770216 0.07805275 -0.3236202 -0.9428535 0.07935571 -0.1638185 -0.9835978 0.07549166 0.00329709 -0.08113831 0.9966974 0.006338238 -0.1550397 0.987888 0.01259565 -0.3074172 0.9514915 0.01865458 -0.4542565 0.8906756 0.02410811 -0.5860694 0.8099021 0.02910697 -0.7051866 0.7084241 0.03350943 -0.8090946 0.5867223 0.0370019 -0.8906584 0.4531649 0.03937917 -0.9501576 0.3092731 0.04082638 -0.9869747 0.1556091 0.04132217 -0.9961627 0.07715189 0 0.9967027 0.08114165 -0.04107612 0.9959247 0.08029282 -0.0406661 0.9870528 0.1551553 4.08262e-6 0.9873111 0.1587982 -0.03921025 0.9510964 0.3063958 -0.03685432 0.8910192 0.4524671 -0.03355097 0.8096436 0.5859621 -0.02936863 0.7084495 0.7051503 -0.02444988 0.5894689 0.8074211 -0.01899027 0.4554592 0.8900542 -0.01297211 0.3106467 0.950437 -0.006640851 0.1592733 0.9872122 -0.003410696 0.08021092 0.9967721 0.003239452 0.08013528 0.9967788 0.006328105 0.1552714 0.9878517 0.02501559 0.1503502 0.9883163 0.01263618 0.3074318 0.9514862 0.05043226 0.3009761 0.9522972 0.01877266 0.4524762 0.8915789 0.07421892 0.4453901 0.8922551 0.0243147 0.5841788 0.8112608 0.09609818 0.5761738 0.8116581 0.02923917 0.7044419 0.7091591 0.11546 0.6941494 0.7105109 0.02216464 0.793941 0.6075906 0.1331503 0.7973379 0.5886625 0.07619524 0.9214471 0.3809588 0.05239963 0.9574138 0.2839244 0.1565199 0.9378342 0.3097879 0.04086142 0.9868384 0.1564626 0.1626378 0.9744057 0.1551856 0.04123026 0.9960595 0.07852083 0.1640881 0.9835676 0.07529938 0.3241217 0.942663 0.0795722 0.320471 0.9340206 0.1578102 0.4743188 0.8767266 0.07982593 0.4698038 0.8686646 0.1571822 0.6121875 0.7868812 0.07774651 0.6061692 0.7790738 0.16001 0.7340325 0.6746239 0.07796901 0.7269687 0.6691076 0.1543099 0.8348182 0.5442937 0.08260172 0.8266497 0.539417 0.1602489 0.9125222 0.4010061 0.0806064 0.9042797 0.3971143 0.1567755 0.9664142 0.2433753 0.0825355 0.9578285 0.2422444 0.1545386 0.9928565 0.08223199 0.08645248 0.9827707 0.08111983 0.1660765 0.993892 -0.0827381 0.0730285 0.9851045 -0.08167427 0.1513223 0.9662961 -0.2450846 0.07877373 0.9577758 -0.2427334 0.1540977 0.9122493 -0.4000603 0.08805036 0.9039241 -0.3966117 0.1600638 0.8349042 -0.5451979 0.07546144 0.8273915 -0.5402855 0.1533455 0.7338413 -0.6753526 0.07331985 0.726767 -0.6693622 0.1541562 0.6116131 -0.7872384 0.07864713 0.6060387 -0.7787072 0.162272 0.474721 -0.876618 0.07861769 0.4701181 -0.8687705 0.1556502 0.3245924 -0.9426412 0.07789409 0.3212963 -0.9341276 0.1554815 0.1644105 -0.982987 0.08188962 0.1624515 -0.9737078 0.1596953 0.3345277 0.8982509 0.2850203 0.4519268 0.8356721 0.3121125 0.5837671 0.7494226 0.3123809 0.7000407 0.645068 0.3063173 0.7955266 0.5199312 0.3111416 0.8707078 0.382099 0.3096264 0.923557 0.2338603 0.3038948 0.9452506 0.07828205 0.3168174 0.9478597 -0.07846266 0.308878 0.9223318 -0.2334589 0.3078976 0.8715051 -0.3825037 0.3068712 0.7962126 -0.5197167 0.3097418 0.6996249 -0.6447703 0.3078899 0.5834323 -0.7487219 0.3146781 0.452544 -0.8370846 0.307398 0.3086436 -0.8993448 0.3097066 0.1562028 -0.9375324 0.3108595 0.1504484 0.9116476 0.3824447 0.3091328 0.8224528 0.4775022 0.4231986 0.7818437 0.4578464 0.5472608 0.7036858 0.4531357 0.6565485 0.6043 0.4514041 0.7451347 0.4868463 0.4558016 0.8149814 0.3574704 0.4560925 0.864426 0.2187982 0.4526534 0.884806 0.07366138 0.4601005 0.8861337 -0.07344442 0.457573 0.8630777 -0.2182866 0.4554645 0.8161211 -0.3576688 0.4538938 0.7455865 -0.4865682 0.4553595 0.6550704 -0.6033089 0.454864 0.5475135 -0.7035092 0.4531048 0.423516 -0.7831208 0.4553638 0.2887275 -0.8418212 0.4560413 0.1463797 -0.8785401 0.4546872 0.1416459 0.8415672 0.5212498 0.2868587 0.7707223 0.5689458 0.3847482 0.7101314 0.5896459 0.4967059 0.6387489 0.587608 0.5954547 0.548088 0.5873954 0.674261 0.4407191 0.5925696 0.7395378 0.3243172 0.5898325 0.7827918 0.1981524 0.5898922 0.8053656 0.06677454 0.5890054 0.8063895 -0.06692332 0.5875862 0.7829118 -0.1981472 0.5897344 0.739799 -0.3244411 0.5894366 0.6759817 -0.4418118 0.5897891 0.5938521 -0.5461578 0.5908058 0.4961816 -0.637496 0.5894088 0.3850494 -0.7109544 0.5884563 0.2623752 -0.764391 0.588953 0.1330994 -0.796539 0.5897545 0.2413824 0.6422407 0.7275036 0.3356932 0.6198372 0.7093038 0.4331035 0.5567269 0.7088559 0.5193859 0.4779675 0.7083682 0.5873309 0.3833205 0.7128169 0.643543 0.2826054 0.7113273 0.6835196 0.1730633 0.7091193 0.7041106 0.05831384 0.707692 0.7033709 -0.05837208 0.7084224 0.6817822 -0.1722928 0.710977 0.6461668 -0.2831 0.7087474 0.5887838 -0.3850059 0.7107068 0.5184566 -0.476818 0.7098222 0.4322595 -0.5552421 0.7105337 0.3357204 -0.620981 0.7082898 0.2286387 -0.6655551 0.7104651 0.1158662 -0.6942738 0.7103232 0.1896557 0.5530824 0.8112525 0.2777842 0.5142068 0.8114355 0.3587821 0.4615327 0.8113341 0.43142 0.3966196 0.81029 0.4889618 0.3196417 0.8116316 0.5352591 0.2348997 0.8113692 0.5658328 0.1438589 0.8118731 0.5815754 0.04826849 0.8120593 0.5797009 -0.04787874 0.8134215 0.5663425 -0.1429818 0.8116727 0.5365379 -0.2350831 0.8104709 0.4927372 -0.3223838 0.8082566 0.4285754 -0.394793 0.8126879 0.3590384 -0.4614546 0.8112651 0.2781687 -0.5148668 0.810885 0.1892084 -0.5521122 0.8120176 0.09588038 -0.5759996 0.8118076 0.1462429 0.4254549 0.8930852 0.2139914 0.3973497 0.8923681 0.2768509 0.3556269 0.8926831 0.3332923 0.3053131 0.8920203 0.3766942 0.2467189 0.8928781 0.4125633 0.1814646 0.8926714 0.4373904 0.1112406 0.8923649 0.4469572 0.03705734 0.8937875 0.4478731 -0.03661584 0.8933472 0.4360499 -0.1103687 0.893129 0.4134355 -0.1811396 0.8923338 0.3788051 -0.2479605 0.8916402 0.3310336 -0.3046975 0.8930712 0.2763627 -0.3557735 0.8927759 0.2153792 -0.3974633 0.8919835 0.1465471 -0.4277189 0.8919532 0.07404047 -0.4446275 0.8926503 0.0992577 0.2882934 0.9523839 0.1454788 0.2687816 0.9521515 0.1877786 0.2408112 0.9522338 0.2258594 0.2069209 0.9519304 0.2535011 0.1657852 0.9530229 0.2779252 0.1221805 0.9528009 0.2977035 0.07534825 0.9516803 0.3022274 0.02482724 0.9529126 0.3044224 -0.02508389 0.9522069 0.2960417 -0.07499223 0.9522266 0.2793051 -0.1222134 0.9523931 0.2530687 -0.1656514 0.9531611 0.224579 -0.2075887 0.9520878 0.1871604 -0.2404932 0.9524359 0.1453807 -0.2690092 0.9521021 0.09901517 -0.2884402 0.9523646 0.05014526 -0.3014384 0.9521661 0.05031549 0.1450448 0.9881449 0.07294809 0.1345701 0.9882153 0.09415745 0.1210744 0.9881677 0.1134179 0.1035268 0.988139 0.1280451 0.08375155 0.9882258 0.1413912 0.06195902 0.988013 0.1473172 0.03728008 0.9883865 0.1526079 0.01246923 0.9882082 0.1526317 -0.01275455 0.9882009 0.1493007 -0.03775471 0.9880708 0.1404187 -0.06163066 0.9881722 0.1274757 -0.08340084 0.9883291 0.1122691 -0.1046098 0.9881561 0.09435909 -0.1203387 0.9882383 0.07304084 -0.1351736 0.9881261 0.04962635 -0.1443006 0.9882887 0.02533805 -0.1512327 0.9881734 0.012829 0.07862007 0.9968221 0.02676737 0.07643264 0.9967154 0.0382241 0.07089203 0.9967514 0.04964959 0.06382924 0.9967251 0.05962961 0.05334335 0.9967944 0.06901079 0.04479122 0.9966099 0.07492643 0.03248834 0.9966598 0.07730656 0.01957374 0.9968153 0.08056539 0.006554841 0.9967278 0.08047842 -0.006738722 0.9967336 0.07745563 -0.01955741 0.996804 0.07448709 -0.03284758 0.9966809 0.06727963 -0.04387283 0.9967692 0.05954247 -0.05533039 0.9966912 0.05004715 -0.06310111 0.9967515 0.0386703 -0.07104635 0.9967232 0.02612304 -0.07626473 0.9967454 0.01358014 -0.07964885 0.9967305 -0.04121994 -0.9961478 0.07739907 -0.04075783 -0.9869911 0.1555231 -0.1628617 -0.9745837 0.1538269 -0.03914356 -0.9507089 0.3076044 -0.1568287 -0.9384257 0.3078342 -0.03665912 -0.8918082 0.4509263 -0.1471863 -0.880259 0.4510879 -0.03330945 -0.8099571 0.5855425 -0.1335822 -0.8004783 0.5842862 -0.02925491 -0.7069329 0.7066754 -0.1167883 -0.700733 0.7037995 -0.02441877 -0.5881563 0.8083786 -0.09753072 -0.5842721 0.8056762 -0.01891857 -0.4568997 0.8893172 -0.07523149 -0.4513556 0.8891672 -0.01301568 -0.3117386 0.9500788 -0.05112612 -0.3085181 0.9498435 -0.006559967 -0.1588656 0.9872784 -0.02648097 -0.1599023 0.9867776 -0.003406643 -0.08083546 0.9967216 -0.01328682 -0.07970505 0.99673 -0.02633523 -0.07635253 0.9967331 -0.05241882 -0.1523962 0.9869284 -0.03868597 -0.07093024 0.9967309 -0.07685774 -0.1421322 0.9868593 -0.05030983 -0.06279897 0.9967573 -0.09922212 -0.1265377 0.9869869 -0.05916523 -0.05450779 0.996759 -0.1195555 -0.1099084 0.9867252 -0.06677639 -0.04365879 0.9968124 -0.1348303 -0.08826375 0.9869298 -0.07453626 -0.03278541 0.9966793 -0.1483149 -0.06498461 0.9868028 -0.07754546 -0.019643 0.9967954 -0.1573703 -0.03978067 0.9867381 -0.08159387 -0.006724119 0.996643 -0.1613491 -0.01336461 0.9868069 -0.07875931 0.006830334 0.9968703 -0.1602661 0.01351511 0.9869814 -0.078709 0.01979911 0.996701 -0.1566397 0.03958988 0.9868621 -0.07428544 0.03229224 0.9967141 -0.1470634 0.06427437 0.9870366 -0.06695353 0.04390436 0.9967897 -0.1360041 0.08854168 0.9867438 -0.05897223 0.05463796 0.9967633 -0.1188061 0.1094323 0.9868687 -0.04964452 0.06396478 0.9967166 -0.09842431 0.1273249 0.9869656 -0.03866529 0.06997501 0.9967992 -0.07705521 0.1413215 0.9869604 -0.02636259 0.07673662 0.9967029 -0.05228537 0.1524584 0.9869258 -0.01303756 0.07884442 0.9968017 -0.02645695 0.1587746 0.9869603 -0.1019793 -0.2961377 0.9496856 -0.1481519 -0.2742139 0.9501883 -0.1927371 -0.2475079 0.9495222 -0.2304577 -0.2118527 0.9497408 -0.2613304 -0.1708311 0.9500122 -0.2862518 -0.1256521 0.9498798 -0.3039805 -0.07724487 0.9495415 -0.3115007 -0.02581262 0.9498953 -0.3133155 0.02615278 0.949289 -0.3031741 0.07687044 0.9498297 -0.2855707 0.1255367 0.9501 -0.2623674 0.1719063 0.9495323 -0.2302539 0.2117835 0.9498057 -0.1918169 0.2464734 0.9499775 -0.1492567 0.2755547 0.9496273 -0.1015761 0.2954304 0.949949 -0.05169433 0.3087999 0.9497213 -0.1482319 -0.4325464 0.889343 -0.2174584 -0.4007341 0.8900135 -0.2813619 -0.3613377 0.8889717 -0.3359638 -0.3087087 0.8898469 -0.3817552 -0.2495399 0.8899399 -0.4183623 -0.1835702 0.8895364 -0.4437935 -0.1126241 0.8890237 -0.4557888 -0.03772652 0.8892882 -0.4566233 0.03811293 0.8888434 -0.4440888 0.1125872 0.8888809 -0.4179894 0.1834269 0.8897413 -0.3837572 0.2511526 0.8886241 -0.3368142 0.3106622 0.888845 -0.2809091 0.3598678 0.8897109 -0.2186108 0.4023874 0.8889847 -0.1482363 0.4316981 0.8897544 -0.07553553 0.451566 0.8890347 -0.1909313 -0.5573303 0.8080397 -0.2808329 -0.5188621 0.8074126 -0.3616566 -0.4654748 0.807798 -0.4331315 -0.3982842 0.8085585 -0.4944406 -0.3230011 0.8069688 -0.5402331 -0.2368054 0.8075094 -0.5717931 -0.1446001 0.807554 -0.587275 -0.04823833 0.8079488 -0.5887821 0.04873239 0.8068214 -0.5715931 0.1448553 0.80765 -0.5382584 0.2357331 0.8091403 -0.4941464 0.3232366 0.8070549 -0.4339584 0.4006881 0.8069258 -0.3606292 0.463999 0.8091055 -0.2803353 0.5181652 0.8080329 -0.1918612 0.557756 0.8075256 -0.09742349 0.5818784 0.8074195 -0.2295312 -0.6697841 0.7061904 -0.3382062 -0.6235411 0.7048497 -0.4355105 -0.5606698 0.7042586 -0.5200796 -0.4781465 0.7077381 -0.5946902 -0.3883619 0.7039309 -0.6493334 -0.2849856 0.7050881 -0.6897228 -0.1741433 0.7028204 -0.7041786 -0.05823951 0.7076303 -0.707516 0.05873924 0.704252 -0.6873046 0.1740688 0.7052038 -0.6497153 0.2846085 0.7048888 -0.5936011 0.3886575 0.7046865 -0.521166 0.4789385 0.7064021 -0.4351385 0.5590983 0.7057362 -0.3373304 0.6230972 0.7056615 -0.2307152 0.671758 0.703926 -0.1165865 0.6986876 0.7058635 -0.2625229 -0.7662307 0.5864915 -0.385964 -0.7130191 0.5853508 -0.4971342 -0.6402885 0.5855666 -0.5956932 -0.5474921 0.5877091 -0.6773088 -0.4420399 0.5880931 -0.7424123 -0.3261614 0.5851861 -0.7905594 -0.2002305 0.5787258 -0.8068393 -0.06697499 0.5869622 -0.8090209 0.06680077 0.5839717 -0.7877731 0.1993536 0.5828135 -0.7446782 0.326444 0.5821415 -0.6787689 0.4441003 0.5848485 -0.5953965 0.5473648 0.5881282 -0.4985106 0.6412997 0.5832855 -0.3850375 0.7122139 0.5869392 -0.2635391 0.7667834 0.5853122 -0.1331815 0.7988996 0.5865339 -0.2891523 -0.8438807 0.4519472 -0.4245462 -0.7845024 0.4520139 -0.5474882 -0.704087 0.452237 -0.6555546 -0.6039255 0.4533457 -0.7472601 -0.4870294 0.4521114 -0.8147155 -0.3575191 0.456529 -0.8654867 -0.219348 0.4503547 -0.8896017 -0.07393133 0.4507138 -0.8904527 0.07368081 0.4490715 -0.8632541 0.2182933 0.4551269 -0.8170545 0.3580799 0.4518857 -0.7466146 0.4881159 0.4520062 -0.6567216 0.6042315 0.4512439 -0.5483942 0.7050443 0.4496404 -0.4236773 0.783762 0.4541088 -0.289455 0.842634 0.4540748 -0.1468755 0.8793691 0.452921 -0.3092117 -0.9007144 0.3051257 -0.4527599 -0.8365077 0.3086479 -0.5852832 -0.7523726 0.3022896 -0.6989747 -0.6445208 0.3098828 -0.7975523 -0.5202584 0.3053547 -0.8692907 -0.3813642 0.3144763 -0.9223021 -0.2333067 0.3081021 -0.9474584 -0.07863283 0.3100636 -0.9485599 0.07856011 0.306696 -0.9210056 0.2337042 0.3116587 -0.8709746 0.3819502 0.3090589 -0.7961835 0.5205639 0.308391 -0.6996068 0.6441453 0.3092365 -0.5842283 0.7506749 0.3084876 -0.4531917 0.8367946 0.307233 -0.3089116 0.8997769 0.3081805 -0.1568372 0.9386539 0.3071337 -0.3206859 -0.9345256 0.1543456 -0.4702185 -0.8685995 0.1562991 -0.6066477 -0.7799998 0.1535542 -0.727221 -0.6688897 0.1540661 -0.8268153 -0.5400183 0.1573427 -0.9041009 -0.396834 0.1585071 -0.957592 -0.2426714 0.1553329 -0.9849835 -0.08192747 0.1519721 -0.9837304 0.08140432 0.1601501 -0.9573319 0.2424758 0.1572297 -0.904172 0.3970433 0.1575746 -0.8269987 0.5400948 0.1561121 -0.7266056 0.6689592 0.1566463 -0.6065276 0.7792258 0.1578972 -0.4706137 0.8686494 0.1548261 -0.3204453 0.9344384 0.1553695 -0.162706 0.974658 0.153521 -0.1641516 -0.9836204 0.07446777 -0.3235369 -0.9428582 0.07963901 -0.4747263 -0.8766515 0.07821255 -0.6119867 -0.7865509 0.0825228 -0.7344214 -0.6749702 0.0709961 -0.8346047 -0.5451657 0.07892751 -0.9128633 -0.4001492 0.08100247 -0.9660328 -0.2453063 0.08127385 -0.9945117 -0.08249557 0.06435084 -0.9929652 0.08198964 0.08542817 -0.9660862 0.2443739 0.0834195 -0.912232 0.401496 0.08144801 -0.8349753 0.5449106 0.07673883 -0.7334818 0.6758629 0.07220768 -0.6123104 0.7866642 0.0789653 -0.4749633 0.8766035 0.07730722 -0.3233061 0.9429697 0.0792545 -0.1638134 0.9836215 0.07519286 -3.16027e-7 0.08106994 0.9967085 0 0.1576943 0.987488 0 0.3102846 0.9506438 0 0.4555156 0.8902279 0 0.5868999 0.8096595 -3.15686e-7 0.7075642 0.7066491 -3.14993e-7 0.8096128 0.5869644 0 0.8516762 0.5240684 -3.47547e-7 0.8525645 0.5226221 0 0.9969034 0.07863724 0 0.9969194 0.07843315 -1.59827e-6 -0.9966669 0.08158034 0 -0.9872921 0.1589168 0 -0.9503397 0.3112147 1.55091e-7 -0.8899857 0.4559882 1.54861e-7 -0.807429 0.589965 0 -0.7050328 0.7091748 7.14007e-7 -0.5848649 0.8111309 0 -0.4523763 0.8918272 0 -0.3098787 0.9507762 0 -0.1567004 0.9876462 -4.42704e-7 -0.07825678 0.9969332 1.93366e-7 -0.06001412 0.9981976 -1.24606e-6 -0.01184546 0.9999299 0 -0.09156197 0.9957995 0.5589059 0.8292312 0 0.9562649 0.2925022 0 -0.5596871 0.8287041 -2.38219e-4 -0.5598829 0.8285717 0 -0.6938793 0.7200914 0 0.9918842 0.1271446 0 0.1685011 -0.9857015 0 0.3330853 -0.9428968 0 0.7507523 -0.6605839 0 -0.9777798 -0.2096349 0 -0.9555733 0.2947537 0 -0.1694691 0.9855354 4.8584e-4 0.5598849 0.8285704 0 -0.6283932 -0.7778959 0 -0.9991813 -0.04045677 0 -0.9918398 0.1274913 0 -0.9278714 -0.3729007 0 -0.4121211 0.9111291 0 -0.1685001 -0.9857016 0 0.08580434 0.9963121 0 -0.5589081 0.8292297 0 0.8041353 0.5944463 0 -0.8519245 -0.5236647 0 0.4878058 -0.8729522 0 0.9990938 -0.04256242 0 0.1684997 -0.9857018 0 0.9918392 0.1274955 0 -0.8041353 0.5944463 0 0.9772726 -0.2119868 0 -0.7507565 -0.6605793 0 0.9279903 -0.3726044 0 0.6282253 -0.7780315 0 -0.4111966 0.9115468 0 -0.8029596 0.5960335 0 -0.8927338 0.4505844 0 0.4111981 0.911546 0 0 -1 0 0.2517915 0.9677816 0 0.7507544 -0.6605815 0 7.46331e-6 0 -1 0.9562661 0.2924983 0 -0.2518771 0.9677593 0 0.892874 0.4503068 0 -0.9279919 -0.3726007 0 -0.0860148 0.9962939 0 -0.2511945 0.9679366 0 -0.6916016 0.7222792 0 0.8519245 -0.5236647 0 0.8508248 -0.5254495 0 -0.9562637 0.2925061 0 -0.3338586 -0.9426233 0 0.4121192 0.91113 0 -0.9921482 0.1250677 0 0.9990937 -0.04256671 0 -0.3331973 -0.9428572 0 0.8927338 0.4505845 0 -0.1684998 -0.9857017 0 -0.8937206 0.4486241 0 0.08583408 0.9963095 0 0.6926524 0.7212716 0 0.2518786 0.9677588 0 -0.998986 -0.04502403 0 0.6928304 0.7211006 0 0.9777789 -0.209639 0 0.333196 -0.9428577 0 -0.4867599 -0.8735358 0 -0.4878058 -0.8729522 0 -0.7507566 -0.660579 0 -0.9773455 -0.2116505 0 0.6283932 -0.7778959 0 -0.6282228 -0.7780335 0 0.8039708 0.5946687 0 0.4878062 -0.8729521 0 0.5589058 0.8292312 0 0.9562637 0.2925062 0 -0.5598829 0.8285718 -3.35569e-4 -0.5600799 0.8284386 -2.36765e-4 -0.6938835 0.7200872 0 0.9918838 0.1271488 0 0.1685004 -0.9857017 0 0.3330867 -0.9428963 0 0.7507566 -0.660579 0 -0.9777789 -0.209639 0 -0.9555758 0.2947459 0 0.5598809 0.8285732 0 -0.9278683 -0.3729081 0 -0.4121179 0.9111306 0 -0.1685008 -0.9857015 0 0.08580398 0.9963121 0 -0.5589041 0.8292323 0 0.8041355 0.5944463 0 -0.8519206 -0.5236709 0 0.9990935 -0.042571 0 0.9918403 0.1274871 0 -0.8041355 0.5944463 0 0.9772744 -0.2119786 0 -0.7507564 -0.6605793 0 0.6282211 -0.778035 0 -0.8927339 0.4505844 0 0.4111949 0.9115475 0 0.9279919 -0.3726007 0 3.73782e-4 0 -1 7.44461e-4 0 -0.9999998 -2.49518e-4 0 -1 -1.27809e-4 0 -1 6.28736e-5 0 -1 -4.66108e-5 0 -1 3.65449e-4 0 -1 -9.2906e-5 0 -1 9.34629e-5 0 -1 1.84294e-4 0 -1 2.5527e-4 0 -1 -2.52408e-4 0 -1 -1.91368e-4 0 -1 -4.79078e-5 0 -1 1.75694e-5 0 -1 -9.5644e-5 0 -1 1.30388e-5 0 -1 -2.60805e-5 0 -1 2.04132e-5 0 -1 -1.31233e-5 0 -1 -1.57477e-5 0 -1 0.9562636 0.2925062 0 0.892874 0.4503067 0 -0.9279903 -0.3726044 0 -0.2511924 0.9679372 0 -0.6916016 0.7222793 0 0.8519245 -0.5236647 0 0.8508268 -0.5254464 0 -0.9562649 0.2925022 0 -0.3338613 -0.9426223 0 -0.9921472 0.1250762 0 -0.333196 -0.9428577 0 0.8927339 0.4505845 0 -0.1684991 -0.9857019 0 -0.893724 0.4486173 0 0.2518765 0.9677595 0 0.6928262 0.7211048 0 0.9777798 -0.2096349 0 0.3331987 -0.9428566 0 -0.7507544 -0.6605815 0 -0.9773454 -0.2116505 0 0.6283953 -0.7778943 0 -0.6282228 -0.7780336 0 0.8039668 0.5946742 0 -0.8519226 -0.5236678 0 0.4878061 -0.8729521 0 -3.73439e-4 0 -1 3.773e-4 0 -1 6.38274e-5 0 -1 -6.28953e-5 0 -1 -4.65945e-5 0 -1 1.87008e-4 0 -1 -4.99094e-4 0 -1 3.7586e-4 0 -1 -1.27848e-4 0 -1 -2.60371e-5 -3.19731e-4 -1 7.4361e-5 -3.27226e-4 -1 4.63265e-5 -3.32355e-4 -1 3.24911e-5 3.32052e-4 -1 -1.59861e-5 0 -1 -1.02129e-5 -4.79275e-4 -0.9999999 4.79026e-4 1.8519e-5 -1 -1.272e-4 0 -1 9.57446e-5 0 -1 -6.61665e-5 0 -1 -1.02055e-5 0 -1 6.56028e-6 0 -1 3.33331e-4 -3.86908e-5 -1 1.84939e-4 2.87769e-4 -1 1.23291e-5 0 -1</float_array>
          <technique_common>
            <accessor source="#marron-material-mesh-normals-array" count="2967" stride="3">
              <param name="X" type="float"/>
              <param name="Y" type="float"/>
              <param name="Z" type="float"/>
            </accessor>
          </technique_common>
        </source>
        <vertices id="marron-material-mesh-vertices">
          <input semantic="POSITION" source="#marron-material-mesh-positions"/>
        </vertices>
        <lines count="1">
          <input semantic="VERTEX" source="#marron-material-mesh-vertices" offset="0"/>
          <p>2999 2998</p>
        </lines>
        <triangles material="marron_001-material" count="1047">
          <input semantic="VERTEX" source="#marron-material-mesh-vertices" offset="0"/>
          <input semantic="NORMAL" source="#marron-material-mesh-normals" offset="1"/>
          <p>1 0 0 0 2 0 2 0 0 0 3 0 5 0 4 0 6 0 6 0 4 0 7 0 8 0 12 0 9 0 9 0 12 0 13 0 14 0 15 0 16 0 16 1 15 1 17 1 16 0 17 0 18 0 18 2 17 2 19 2 18 0 19 0 20 0 20 3 19 3 21 3 20 0 21 0 22 0 22 0 21 0 23 0 22 4 23 4 24 4 24 5 23 5 25 5 24 0 25 0 26 0 26 0 25 0 27 0 26 0 27 0 28 0 28 0 27 0 29 0 28 0 29 0 30 0 30 0 29 0 31 0 30 0 31 0 32 0 32 0 31 0 33 0 32 0 33 0 34 0 34 0 33 0 35 0 34 6 35 6 36 6 36 0 35 0 37 0 36 7 37 7 38 7 38 8 37 8 39 8 38 9 39 9 40 9 40 10 39 10 41 10 40 0 41 0 42 0 42 0 41 0 43 0 42 0 43 0 44 0 44 0 43 0 45 0 44 0 45 0 46 0 46 11 45 11 47 11 46 12 47 12 48 12 48 13 47 13 49 13 48 14 49 14 50 14 50 15 49 15 51 15 50 0 51 0 12 0 12 16 51 16 13 16 14 0 52 0 15 0 15 0 52 0 53 0 53 0 52 0 54 0 54 17 52 17 55 17 54 0 55 0 56 0 56 18 55 18 57 18 56 19 57 19 58 19 58 20 57 20 59 20 58 0 59 0 60 0 60 21 59 21 61 21 60 0 61 0 62 0 62 22 61 22 63 22 62 0 63 0 64 0 64 23 63 23 65 23 64 0 65 0 66 0 66 0 65 0 67 0 66 0 67 0 68 0 68 24 67 24 69 24 68 0 69 0 70 0 70 0 69 0 71 0 70 25 71 25 72 25 72 26 71 26 73 26 72 0 73 0 74 0 74 27 73 27 75 27 74 28 75 28 76 28 76 0 75 0 77 0 76 0 77 0 78 0 78 0 77 0 79 0 78 29 79 29 80 29 80 30 79 30 81 30 80 31 81 31 82 31 82 32 81 32 83 32 82 33 83 33 84 33 84 34 83 34 85 34 84 0 85 0 86 0 86 35 85 35 87 35 86 36 87 36 88 36 88 37 87 37 89 37 88 38 89 38 90 38 90 39 89 39 91 39 91 0 92 0 90 0 90 0 92 0 93 0 94 0 95 0 96 0 96 40 95 40 97 40 96 0 97 0 98 0 98 41 97 41 99 41 98 0 99 0 100 0 100 42 99 42 101 42 100 0 101 0 102 0 102 43 101 43 103 43 102 44 103 44 104 44 104 45 103 45 105 45 104 46 105 46 106 46 106 0 105 0 107 0 106 0 107 0 108 0 108 0 107 0 109 0 108 0 109 0 110 0 110 0 109 0 111 0 110 47 111 47 112 47 112 0 111 0 113 0 112 0 113 0 114 0 114 0 113 0 115 0 114 48 115 48 116 48 116 15 115 15 117 15 116 49 117 49 118 49 118 0 117 0 119 0 118 0 119 0 120 0 120 0 119 0 121 0 120 50 121 50 122 50 122 51 121 51 123 51 122 0 123 0 124 0 124 52 123 52 125 52 124 53 125 53 126 53 126 0 125 0 127 0 126 54 127 54 128 54 128 55 127 55 129 55 128 56 129 56 130 56 130 57 129 57 131 57 130 58 131 58 92 58 92 59 131 59 93 59 94 60 132 60 95 60 95 61 132 61 133 61 133 0 132 0 134 0 134 62 132 62 135 62 134 63 135 63 136 63 136 0 135 0 137 0 136 0 137 0 138 0 138 0 137 0 139 0 138 64 139 64 140 64 140 65 139 65 141 65 140 0 141 0 142 0 142 66 141 66 143 66 142 0 143 0 144 0 144 0 143 0 145 0 144 0 145 0 146 0 146 0 145 0 147 0 146 0 147 0 148 0 148 0 147 0 149 0 148 0 149 0 150 0 150 0 149 0 151 0 150 0 151 0 152 0 152 0 151 0 153 0 152 67 153 67 154 67 154 0 153 0 155 0 154 0 155 0 156 0 156 0 155 0 157 0 156 68 157 68 158 68 158 69 157 69 159 69 158 70 159 70 160 70 160 0 159 0 161 0 160 0 161 0 162 0 162 71 161 71 163 71 162 0 163 0 164 0 164 0 163 0 165 0 164 0 165 0 166 0 166 72 165 72 167 72 166 73 167 73 168 73 168 74 167 74 169 74 168 0 169 0 170 0 170 75 169 75 171 75 171 0 11 0 170 0 170 0 11 0 10 0 216 76 218 77 221 78 221 78 218 77 222 79 221 78 222 79 224 80 224 80 222 79 225 81 225 81 222 79 226 82 225 81 226 82 228 83 228 83 226 82 229 84 229 84 226 82 230 85 229 84 230 85 232 86 232 86 230 85 233 87 233 87 230 85 234 88 233 87 234 88 236 89 236 89 234 88 237 90 237 90 234 88 238 91 237 90 238 91 240 92 240 92 238 91 241 93 241 93 238 91 242 94 241 93 242 94 244 95 244 95 242 94 245 96 245 96 242 94 246 97 245 96 246 97 248 98 248 98 246 97 249 99 249 99 246 97 250 100 249 99 250 100 252 101 252 101 250 100 253 102 253 102 250 100 254 103 253 102 254 103 256 104 256 104 254 103 257 105 257 105 254 103 258 106 257 105 258 106 260 107 260 107 258 106 261 108 261 108 258 106 262 109 261 108 262 109 264 110 264 110 262 109 265 111 265 111 262 109 266 112 265 111 266 112 269 113 270 114 267 115 271 116 271 116 267 115 273 117 272 118 274 119 276 120 276 120 274 119 277 121 276 120 277 121 279 122 279 122 277 121 280 123 280 123 277 121 281 124 280 123 281 124 283 125 283 125 281 124 284 126 284 126 281 124 285 127 284 126 285 127 287 128 287 128 285 127 288 129 288 129 285 127 289 130 288 129 289 130 291 131 291 131 289 130 292 132 292 132 289 130 293 133 292 132 293 133 295 134 295 134 293 133 296 135 296 135 293 133 297 136 296 135 297 136 299 137 299 137 297 136 300 138 300 138 297 136 301 139 300 138 301 139 303 140 303 140 301 139 304 141 304 141 301 139 305 142 304 141 305 142 307 143 307 143 305 142 308 144 308 144 305 142 309 145 308 144 309 145 311 146 311 146 309 145 312 147 312 147 309 145 313 148 312 147 313 148 315 149 315 149 313 148 316 150 316 150 313 148 317 151 316 150 317 151 319 152 319 152 317 151 320 153 320 153 317 151 321 154 320 153 321 154 324 155 325 156 322 157 217 158 217 158 322 157 219 157 326 159 327 159 251 159 328 159 329 159 294 159 330 159 331 159 332 159 332 160 331 160 333 160 306 161 302 161 334 161 334 159 335 159 306 159 306 162 335 162 336 162 306 163 336 163 310 163 310 164 336 164 337 164 310 159 337 159 314 159 243 159 239 159 338 159 294 159 329 159 298 159 337 159 339 159 314 159 314 165 339 165 340 165 314 159 340 159 318 159 318 166 340 166 341 166 318 159 341 159 323 159 323 159 341 159 342 159 333 159 343 159 332 159 332 167 343 167 344 167 332 159 344 159 345 159 346 159 347 159 348 159 342 168 349 168 323 168 323 169 349 169 350 169 323 159 350 159 220 159 350 159 351 159 220 159 220 170 351 170 352 170 220 171 352 171 353 171 354 159 247 159 355 159 355 172 247 172 243 172 355 159 243 159 356 159 356 159 243 159 338 159 357 173 358 174 251 159 346 175 348 175 359 175 360 159 268 159 361 159 361 176 268 176 263 176 361 159 263 159 362 159 363 159 364 159 275 159 329 177 365 177 298 177 298 159 365 159 366 159 298 178 366 178 302 178 302 179 366 179 367 179 302 180 367 180 334 180 227 159 368 159 231 159 231 181 368 181 369 181 231 182 369 182 235 182 354 159 370 159 247 159 247 183 370 183 371 183 247 159 371 159 251 159 251 184 371 184 372 184 251 185 372 185 326 185 373 159 374 159 346 159 346 186 374 187 375 186 346 188 375 188 376 188 348 159 377 159 359 159 359 189 377 189 378 189 359 190 378 190 379 190 379 191 378 191 380 191 379 192 380 192 332 192 332 159 380 159 381 159 332 193 381 193 330 193 275 159 364 159 278 159 278 194 364 194 382 194 278 195 382 195 282 195 282 196 382 196 383 196 282 197 383 197 286 197 353 198 345 198 220 198 220 199 345 199 344 199 220 159 344 159 223 159 223 159 344 159 384 159 223 159 384 159 227 159 227 200 384 200 385 200 227 201 385 201 368 201 369 159 386 159 235 159 235 202 386 202 387 202 235 159 387 159 239 159 239 203 387 203 388 203 239 204 388 204 338 204 263 205 259 205 362 205 362 159 259 159 255 159 362 159 255 159 346 159 346 206 255 206 251 206 346 159 251 159 373 159 373 207 251 159 358 174 376 159 389 159 346 159 346 208 389 208 390 208 346 159 390 159 347 159 383 159 391 159 286 159 286 209 391 209 392 209 286 210 392 210 290 210 290 211 392 211 393 211 290 212 393 212 294 212 294 213 393 213 394 213 294 214 394 214 328 214 327 159 395 159 251 159 251 215 395 215 396 215 251 216 396 216 357 216 360 159 397 159 268 159 268 217 397 217 398 217 268 159 398 159 275 159 275 218 398 218 399 218 275 219 399 219 363 219 400 220 401 221 187 222 402 223 403 223 191 223 401 221 404 224 187 222 187 222 404 224 405 225 187 222 405 225 192 226 192 226 405 225 406 227 407 223 408 228 409 229 409 229 408 228 410 230 409 229 410 230 411 231 400 220 187 222 410 230 410 230 187 222 412 232 410 230 412 232 411 231 413 233 414 234 415 235 415 235 414 234 416 236 415 235 416 236 417 237 403 238 418 238 191 238 191 239 414 234 419 240 419 240 414 234 413 233 420 241 421 242 176 243 422 244 423 245 184 246 175 247 424 247 184 247 184 246 424 247 425 248 184 246 425 248 422 244 426 249 427 250 428 251 428 251 427 250 430 252 428 251 430 252 431 253 420 241 176 243 430 252 430 252 176 243 433 254 430 252 433 254 431 253 435 255 436 256 437 257 437 257 436 256 438 258 437 257 438 258 439 259 423 245 440 260 184 246 184 246 440 260 436 256 184 246 436 256 441 261 441 261 436 256 435 255 444 262 206 263 211 264 444 262 211 264 445 265 446 266 443 267 442 268 204 269 447 270 205 271 448 272 174 273 209 274 213 275 449 276 450 277 449 276 451 278 452 279 455 280 453 281 454 282 449 276 452 279 450 277 457 283 456 284 459 285 213 275 450 277 214 286 214 286 450 277 458 287 215 288 457 283 459 285 212 289 460 290 461 291 463 292 464 293 466 294 467 295 469 296 470 297 462 298 471 299 472 300 465 301 429 302 432 303 465 301 432 303 468 304 468 304 432 303 434 305 475 306 474 307 476 308 477 309 478 310 479 311 479 311 478 310 475 306 479 311 475 306 480 312 480 312 475 306 476 308 481 313 482 314 483 315 481 313 483 315 484 316 484 316 483 315 485 317 484 316 485 317 477 309 477 309 485 317 486 318 477 309 486 318 478 310 482 319 481 320 487 321 487 321 481 320 488 322 487 321 488 322 489 323 488 322 490 324 489 323 489 323 490 324 491 325 489 323 491 325 492 326 492 326 491 325 493 327 492 326 493 327 494 328 494 328 493 327 495 329 495 329 493 327 496 330 495 329 496 330 497 331 498 332 500 333 502 334 502 334 500 333 504 335 502 334 504 335 506 336 506 336 504 335 508 337 506 336 508 337 497 331 506 336 497 331 510 338 510 338 497 331 496 330 511 339 513 340 498 332 498 332 513 340 500 333 325 156 217 158 511 339 511 339 217 158 515 341 511 339 515 341 513 340 224 80 225 81 517 342 228 83 229 84 518 343 248 98 249 99 519 344 252 101 253 102 520 345 256 104 257 105 521 346 260 107 261 108 522 347 264 110 265 111 523 348 501 349 524 350 525 351 526 352 528 353 529 354 530 355 531 356 532 357 533 358 534 359 535 360 193 361 194 362 536 363 536 363 194 362 537 364 538 365 539 366 537 364 537 364 539 366 540 367 537 364 540 367 536 363 533 368 541 369 534 370 534 370 541 369 542 371 534 370 542 371 538 365 538 365 542 371 543 372 538 365 543 372 539 366 530 355 544 373 531 356 531 356 544 373 545 374 531 356 545 374 535 360 535 360 545 374 546 375 535 360 546 375 533 358 526 352 547 376 528 353 528 353 547 376 549 377 528 353 549 377 532 357 532 357 549 377 550 378 532 357 550 378 530 355 523 348 551 379 553 380 523 348 553 380 529 354 529 354 553 380 526 352 551 379 523 348 555 381 555 381 523 348 265 111 555 381 265 111 269 113 216 76 221 78 516 382 516 382 221 78 557 383 516 382 557 383 514 384 524 350 501 349 557 383 557 383 501 349 514 384 495 329 497 331 525 351 497 331 509 385 525 351 525 351 509 385 505 386 525 351 505 386 501 349 525 351 558 387 495 329 495 329 558 387 559 388 495 329 559 388 494 328 483 315 482 314 560 389 560 390 482 319 487 321 560 390 487 321 561 391 561 391 487 321 489 323 561 391 489 323 559 388 559 388 489 323 492 326 559 388 492 326 494 328 483 315 560 389 485 317 485 317 560 389 562 392 485 317 562 392 486 318 486 318 562 392 478 310 478 310 562 392 563 393 478 310 563 393 475 306 475 306 563 393 473 394 473 394 563 393 179 395 473 394 179 395 183 396 195 397 180 398 564 399 564 399 180 398 565 400 564 399 565 400 566 401 566 401 565 400 567 402 566 401 567 402 568 403 568 403 567 402 569 404 568 405 569 406 570 407 570 407 569 406 571 408 570 407 571 408 572 409 572 409 571 408 573 410 572 409 573 410 574 411 574 411 573 410 575 412 574 411 575 412 576 413 576 413 575 412 577 414 576 413 577 414 578 415 578 415 577 414 579 416 578 415 579 416 580 417 580 417 579 416 581 418 182 419 181 420 582 421 582 421 181 420 583 422 582 421 583 422 584 423 584 423 583 422 585 424 584 423 585 424 586 425 586 425 585 424 587 426 586 427 587 428 588 429 588 429 587 428 589 430 588 429 589 430 590 431 590 431 589 430 591 432 590 431 591 432 592 433 592 433 591 432 593 434 592 433 593 434 594 435 594 435 593 434 595 436 594 435 595 436 596 437 596 437 595 436 597 438 596 437 597 438 598 439 598 439 597 438 599 440 194 362 173 441 537 364 537 364 173 441 600 442 537 364 600 442 538 365 538 365 600 442 601 443 538 365 601 443 534 370 534 370 601 443 602 444 534 359 602 445 535 360 535 360 602 445 603 446 535 360 603 446 531 356 531 356 603 446 604 447 531 356 604 447 532 357 532 357 604 447 605 448 532 357 605 448 528 353 528 353 605 448 606 449 528 353 606 449 529 354 529 354 606 449 607 450 529 354 607 450 523 348 523 348 607 450 522 347 523 348 522 347 264 110 264 110 522 347 261 108 173 441 172 451 600 442 600 442 172 451 608 452 600 442 608 452 601 443 601 443 608 452 609 453 601 443 609 453 602 444 602 444 609 453 610 454 602 445 610 455 603 446 603 446 610 455 611 456 603 446 611 456 604 447 604 447 611 456 612 457 604 447 612 457 605 448 605 448 612 457 613 458 605 448 613 458 606 449 606 449 613 458 614 459 606 449 614 459 607 450 607 450 614 459 615 460 607 450 615 460 522 347 522 347 615 460 521 346 522 347 521 346 260 107 260 107 521 346 257 105 172 451 197 461 608 452 608 452 197 461 616 462 608 452 616 462 609 453 609 453 616 462 617 463 609 453 617 463 610 454 610 454 617 463 618 464 610 455 618 465 611 456 611 456 618 465 619 466 611 456 619 466 612 457 612 457 619 466 620 467 612 457 620 467 613 458 613 458 620 467 621 468 613 458 621 468 614 459 614 459 621 468 622 469 614 459 622 469 615 460 615 460 622 469 623 470 615 460 623 470 521 346 521 346 623 470 520 345 521 346 520 345 256 104 256 104 520 345 253 102 197 461 196 471 616 462 616 462 196 471 624 472 616 462 624 472 617 463 617 463 624 472 625 473 617 463 625 473 618 464 618 464 625 473 626 474 618 465 626 475 619 466 619 466 626 475 627 476 619 466 627 476 620 467 620 467 627 476 628 477 620 467 628 477 621 468 621 468 628 477 629 478 621 468 629 478 622 469 622 469 629 478 630 479 622 469 630 479 623 470 623 470 630 479 631 480 623 470 631 480 520 345 520 345 631 480 519 344 520 345 519 344 252 101 252 101 519 344 249 99 196 471 195 397 624 472 624 472 195 397 564 399 624 472 564 399 625 473 625 473 564 399 566 401 625 473 566 401 626 474 626 474 566 401 568 403 626 475 568 405 627 476 627 476 568 405 570 407 627 476 570 407 628 477 628 477 570 407 572 409 628 477 572 409 629 478 629 478 572 409 574 411 629 478 574 411 630 479 630 479 574 411 576 413 630 479 576 413 631 480 631 480 576 413 578 415 631 480 578 415 519 344 519 344 578 415 580 417 519 344 580 417 248 98 240 92 241 93 581 418 581 418 241 93 244 95 581 418 244 95 580 417 580 417 244 95 245 96 580 417 245 96 248 98 180 398 182 419 565 400 565 400 182 419 582 421 565 400 582 421 567 402 567 402 582 421 584 423 567 402 584 423 569 404 569 404 584 423 586 425 569 406 586 427 571 408 571 408 586 427 588 429 571 408 588 429 573 410 573 410 588 429 590 431 573 410 590 431 575 412 575 412 590 431 592 433 575 412 592 433 577 414 577 414 592 433 594 435 577 414 594 435 579 416 579 416 594 435 596 437 579 416 596 437 581 418 581 418 596 437 598 439 581 418 598 439 240 92 232 86 233 87 599 440 599 440 233 87 236 89 599 440 236 89 598 439 598 439 236 89 237 90 598 439 237 90 240 92 229 84 232 86 518 343 518 343 232 86 599 440 518 343 599 440 632 481 632 481 599 440 597 438 632 481 597 438 633 482 633 482 597 438 595 436 633 482 595 436 634 483 634 483 595 436 593 434 634 483 593 434 635 484 635 484 593 434 591 432 635 484 591 432 636 485 636 485 591 432 589 430 636 485 589 430 637 486 637 486 589 430 587 428 637 487 587 426 638 488 638 488 587 426 585 424 638 488 585 424 639 489 639 489 585 424 583 422 639 489 583 422 177 490 177 490 583 422 181 420 225 81 228 83 517 342 517 342 228 83 518 343 517 342 518 343 640 491 640 491 518 343 632 481 640 491 632 481 641 492 641 492 632 481 633 482 641 492 633 482 642 493 642 493 633 482 634 483 642 493 634 483 643 494 643 494 634 483 635 484 643 494 635 484 644 495 644 495 635 484 636 485 644 495 636 485 645 496 645 496 636 485 637 486 645 497 637 487 646 498 646 498 637 487 638 488 646 498 638 488 647 499 647 499 638 488 639 489 647 499 639 489 178 500 178 500 639 489 177 490 221 78 224 80 557 383 557 383 224 80 517 342 557 383 517 342 524 350 524 350 517 342 640 491 524 350 640 491 525 351 525 351 640 491 641 492 525 351 641 492 558 387 558 387 641 492 642 493 558 387 642 493 559 388 559 388 642 493 643 494 559 388 643 494 561 391 561 391 643 494 644 495 561 391 644 495 560 390 560 390 644 495 645 496 560 389 645 497 562 392 562 392 645 497 646 498 562 392 646 498 563 393 563 393 646 498 647 499 563 393 647 499 179 395 179 395 647 499 178 500 279 122 280 123 648 501 283 125 284 126 649 502 303 140 304 141 650 503 307 143 308 144 651 504 311 146 312 147 652 505 315 149 316 150 653 506 319 152 320 153 654 507 272 118 276 120 655 508 655 508 276 120 657 509 655 508 657 509 658 510 659 511 660 512 658 510 658 510 660 512 662 513 658 510 662 513 655 508 664 514 665 515 659 511 659 511 665 515 660 512 667 516 668 517 664 514 664 514 668 517 669 518 664 514 669 518 665 515 670 519 671 520 667 516 667 516 671 520 672 521 667 516 672 521 668 517 673 522 674 523 670 519 670 519 674 523 675 524 670 519 675 524 671 520 676 525 677 526 673 527 673 527 677 526 678 528 673 522 678 529 674 523 679 530 680 531 676 525 676 525 680 531 681 532 676 525 681 532 677 526 189 533 190 534 679 530 679 530 190 534 682 535 682 535 683 536 679 530 679 530 683 536 684 537 679 530 684 537 680 531 185 538 203 539 474 307 474 307 203 539 685 540 474 307 685 540 476 308 476 308 685 540 480 312 480 312 685 540 479 311 479 311 685 540 686 541 479 311 686 541 477 309 477 309 686 541 484 316 484 316 686 541 687 542 484 316 687 542 481 313 481 320 687 543 488 322 488 322 687 543 688 544 488 322 688 544 490 324 490 324 688 544 491 325 491 325 688 544 689 545 491 325 689 545 493 327 493 327 689 545 496 330 496 330 689 545 690 546 496 330 690 546 510 338 510 338 690 546 507 547 507 547 690 546 691 548 507 547 691 548 503 549 503 549 691 548 692 550 503 549 692 550 499 551 499 551 692 550 654 507 499 551 654 507 512 552 512 552 654 507 320 153 512 552 320 153 324 155 208 553 200 554 693 555 693 555 200 554 694 556 693 555 694 556 695 557 695 557 694 556 696 558 695 557 696 558 697 559 697 559 696 558 698 560 697 561 698 562 699 563 699 563 698 562 700 564 699 563 700 564 701 565 701 565 700 564 702 566 701 565 702 566 703 567 703 567 702 566 704 568 703 567 704 568 705 569 705 569 704 568 706 570 705 569 706 570 707 571 707 571 706 570 708 572 707 571 708 572 709 573 709 573 708 572 710 574 199 575 198 576 711 577 711 577 198 576 712 578 711 577 712 578 713 579 713 579 712 578 714 580 713 579 714 580 715 581 715 581 714 580 716 582 715 583 716 584 717 585 717 585 716 584 718 586 717 585 718 586 719 587 719 587 718 586 720 588 719 587 720 588 721 589 721 589 720 588 722 590 721 589 722 590 723 591 723 591 722 590 724 592 723 591 724 592 725 593 725 593 724 592 726 594 725 593 726 594 727 595 727 595 726 594 728 596 203 539 210 597 685 540 685 540 210 597 729 598 685 540 729 598 686 541 686 541 729 598 730 599 686 541 730 599 687 542 687 542 730 599 731 600 687 543 731 601 688 544 688 544 731 601 732 602 688 544 732 602 689 545 689 545 732 602 733 603 689 545 733 603 690 546 690 546 733 603 734 604 690 546 734 604 691 548 691 548 734 604 735 605 691 548 735 605 692 550 692 550 735 605 736 606 692 550 736 606 654 507 654 507 736 606 653 506 654 507 653 506 319 152 319 152 653 506 316 150 210 597 202 607 729 598 729 598 202 607 737 608 729 598 737 608 730 599 730 599 737 608 738 609 730 599 738 609 731 600 731 600 738 609 739 610 731 601 739 611 732 602 732 602 739 611 740 612 732 602 740 612 733 603 733 603 740 612 741 613 733 603 741 613 734 604 734 604 741 613 742 614 734 604 742 614 735 605 735 605 742 614 743 615 735 605 743 615 736 606 736 606 743 615 744 616 736 606 744 616 653 506 653 506 744 616 652 505 653 506 652 505 315 149 315 149 652 505 312 147 202 607 201 617 737 608 737 608 201 617 745 618 737 608 745 618 738 609 738 609 745 618 746 619 738 609 746 619 739 610 739 610 746 619 747 620 739 611 747 621 740 612 740 612 747 621 748 622 740 612 748 622 741 613 741 613 748 622 749 623 741 613 749 623 742 614 742 614 749 623 750 624 742 614 750 624 743 615 743 615 750 624 751 625 743 615 751 625 744 616 744 616 751 625 752 626 744 616 752 626 652 505 652 505 752 626 651 504 652 505 651 504 311 146 311 146 651 504 308 144 201 617 207 627 745 618 745 618 207 627 753 628 745 618 753 628 746 619 746 619 753 628 754 629 746 619 754 629 747 620 747 620 754 629 755 630 747 621 755 631 748 622 748 622 755 631 756 632 748 622 756 632 749 623 749 623 756 632 757 633 749 623 757 633 750 624 750 624 757 633 758 634 750 624 758 634 751 625 751 625 758 634 759 635 751 625 759 635 752 626 752 626 759 635 760 636 752 626 760 636 651 504 651 504 760 636 650 503 651 504 650 503 307 143 307 143 650 503 304 141 207 627 208 553 753 628 753 628 208 553 693 555 753 628 693 555 754 629 754 629 693 555 695 557 754 629 695 557 755 630 755 630 695 557 697 559 755 631 697 561 756 632 756 632 697 561 699 563 756 632 699 563 757 633 757 633 699 563 701 565 757 633 701 565 758 634 758 634 701 565 703 567 758 634 703 567 759 635 759 635 703 567 705 569 759 635 705 569 760 636 760 636 705 569 707 571 760 636 707 571 650 503 650 503 707 571 709 573 650 503 709 573 303 140 295 134 296 135 710 574 710 574 296 135 299 137 710 574 299 137 709 573 709 573 299 137 300 138 709 573 300 138 303 140 200 554 199 575 694 556 694 556 199 575 711 577 694 556 711 577 696 558 696 558 711 577 713 579 696 558 713 579 698 560 698 560 713 579 715 581 698 562 715 583 700 564 700 564 715 583 717 585 700 564 717 585 702 566 702 566 717 585 719 587 702 566 719 587 704 568 704 568 719 587 721 589 704 568 721 589 706 570 706 570 721 589 723 591 706 570 723 591 708 572 708 572 723 591 725 593 708 572 725 593 710 574 710 574 725 593 727 595 710 574 727 595 295 134 287 128 288 129 728 596 728 596 288 129 291 131 728 596 291 131 727 595 727 595 291 131 292 132 727 595 292 132 295 134 284 126 287 128 649 502 649 502 287 128 728 596 649 502 728 596 761 637 761 637 728 596 726 594 761 637 726 594 762 638 762 638 726 594 724 592 762 638 724 592 763 639 763 639 724 592 722 590 763 639 722 590 764 640 764 640 722 590 720 588 764 640 720 588 765 641 765 641 720 588 718 586 765 641 718 586 766 642 766 642 718 586 716 584 766 643 716 582 767 644 767 644 716 582 714 580 767 644 714 580 768 645 768 645 714 580 712 578 768 645 712 578 186 646 186 646 712 578 198 576 280 123 283 125 648 501 648 501 283 125 649 502 648 501 649 502 769 647 769 647 649 502 761 637 769 647 761 637 770 648 770 648 761 637 762 638 770 648 762 638 771 649 771 649 762 638 763 639 771 649 763 639 772 650 772 650 763 639 764 640 772 650 764 640 773 651 773 651 764 640 765 641 773 651 765 641 774 652 774 652 765 641 766 642 774 653 766 643 775 654 775 654 766 643 767 644 775 654 767 644 776 655 776 655 767 644 768 645 776 655 768 645 188 656 188 656 768 645 186 646 276 120 279 122 657 509 657 509 279 122 648 501 657 509 648 501 658 510 658 510 648 501 769 647 658 510 769 647 659 511 659 511 769 647 770 648 659 511 770 648 664 514 664 514 770 648 771 649 664 514 771 649 667 516 667 516 771 649 772 650 667 516 772 650 670 519 670 519 772 650 773 651 670 519 773 651 673 522 673 522 773 651 774 652 673 527 774 653 676 525 676 525 774 653 775 654 676 525 775 654 679 530 679 530 775 654 776 655 679 530 776 655 189 533 189 533 776 655 188 656 684 537 683 536 540 367 540 367 683 536 682 535 540 367 682 535 536 363 536 363 682 535 190 534 536 363 190 534 193 361 684 537 540 367 680 531 680 531 540 367 539 366 680 531 539 366 681 532 539 366 543 372 681 532 681 532 543 372 542 371 681 532 542 371 677 526 677 526 542 371 541 369 677 526 541 369 678 528 541 369 533 368 678 528 678 529 533 358 546 375 678 529 546 375 674 523 674 523 546 375 545 374 674 523 545 374 675 524 675 524 545 374 671 520 671 520 545 374 544 373 671 520 544 373 672 521 544 373 530 355 672 521 672 521 530 355 550 378 672 521 550 378 668 517 668 517 550 378 549 377 668 517 549 377 669 518 669 518 549 377 666 657 666 657 549 377 548 658 666 657 548 658 527 659 666 657 527 659 661 660 661 660 527 659 554 661 661 660 554 661 663 662 270 114 271 116 556 663 556 663 271 116 656 664 556 663 656 664 552 665 552 665 656 664 663 662 552 665 663 662 554 661</p>
        </triangles>
        <triangles material="_BRANCO_004-material" count="306">
          <input semantic="VERTEX" source="#marron-material-mesh-vertices" offset="0"/>
          <input semantic="NORMAL" source="#marron-material-mesh-normals" offset="1"/>
          <p>482 666 778 667 481 668 586 669 818 670 587 671 560 672 782 673 482 666 626 674 802 675 568 676 731 677 893 678 739 679 678 680 788 681 533 682 755 683 867 684 697 685 673 686 858 687 678 680 908 688 774 689 766 690 610 691 833 692 618 693 602 694 828 695 610 691 534 696 822 697 602 694 715 698 883 699 716 700 568 676 808 701 569 702 698 703 878 704 715 698 618 693 837 705 626 674 818 670 637 706 587 671 697 685 873 707 698 703 739 679 898 708 747 709 788 681 534 696 533 682 843 710 645 711 637 706 569 702 813 712 586 669 847 713 560 672 645 711 912 714 673 686 774 689 883 699 766 690 716 700 687 715 887 716 731 677 747 709 902 717 755 683 481 668 863 718 687 715 807 719 806 720 803 721 806 720 810 722 805 723 810 722 804 724 805 723 811 725 802 675 804 724 802 675 839 726 804 724 804 724 840 727 805 723 805 723 841 728 806 720 806 720 838 729 803 721 798 730 849 731 801 732 801 732 850 733 800 734 800 734 851 735 799 736 799 736 848 737 797 738 782 673 781 739 778 667 784 740 780 741 781 739 785 742 779 743 780 741 786 744 777 745 779 743 812 746 809 747 807 719 814 748 810 722 809 747 815 749 811 725 810 722 816 750 808 701 811 725 853 751 914 752 856 753 856 753 915 754 855 755 855 755 916 756 854 757 854 757 913 758 852 759 857 760 854 757 852 759 859 761 855 755 854 757 860 762 856 753 855 755 861 763 853 751 856 753 777 745 864 764 779 743 779 743 865 765 780 741 780 741 866 766 781 739 781 739 863 718 778 667 868 767 874 768 871 769 874 768 870 770 871 769 875 771 869 772 870 770 876 773 867 684 869 772 867 684 904 774 869 772 904 774 870 770 869 772 905 775 871 769 870 770 871 769 903 776 868 767 798 730 784 740 782 673 801 732 785 742 784 740 800 734 786 744 785 742 799 736 783 777 786 744 812 746 819 778 814 748 819 778 815 749 814 748 815 749 821 779 816 750 816 750 818 670 813 712 823 780 829 781 826 782 826 782 830 783 825 784 825 784 831 785 824 786 824 786 828 695 822 697 827 787 834 788 829 781 829 781 835 789 830 783 835 789 831 785 830 783 831 785 833 692 828 695 838 729 834 788 832 790 841 728 835 789 834 788 840 727 836 791 835 789 839 726 833 692 836 791 872 792 879 793 874 768 874 768 880 794 875 771 875 771 881 795 876 773 881 795 873 707 876 773 842 796 819 778 817 797 844 798 820 799 819 778 820 799 846 800 821 779 846 800 818 670 821 779 882 801 879 793 877 802 879 793 885 803 880 794 880 794 886 804 881 795 881 795 883 699 878 704 888 805 894 806 891 807 894 806 890 808 891 807 890 808 896 809 889 810 889 810 893 678 887 716 892 811 899 812 894 806 899 812 895 813 894 806 895 813 901 814 896 809 901 814 893 678 896 809 897 815 906 816 899 812 906 816 900 817 899 812 905 775 901 814 900 817 904 774 898 708 901 814 907 818 884 819 882 801 909 820 885 803 884 819 885 803 911 821 886 804 911 821 883 699 886 804 858 687 791 822 788 681 791 822 860 762 790 823 860 762 789 824 790 823 859 761 787 825 789 824 787 825 794 826 789 824 789 824 795 827 790 823 790 823 796 828 791 822 791 822 793 829 788 681 848 737 844 798 842 796 851 735 845 830 844 798 850 733 846 800 845 830 849 731 843 710 846 800 823 780 794 826 792 831 826 782 795 827 794 826 825 784 796 828 795 827 824 786 793 829 796 828 913 758 909 820 907 818 916 756 910 832 909 820 915 754 911 821 910 832 914 752 908 688 911 821 888 805 864 764 862 833 891 807 865 765 864 764 890 808 866 766 865 765 889 810 863 718 866 766 857 760 903 776 848 737 482 666 782 673 778 667 586 669 813 712 818 670 560 672 798 730 782 673 626 674 837 705 802 675 731 677 887 716 893 678 678 680 858 687 788 681 755 683 902 717 867 684 673 686 853 751 858 687 908 688 912 714 774 689 610 691 828 695 833 692 602 694 822 697 828 695 534 696 793 829 822 697 715 698 878 704 883 699 568 676 802 675 808 701 698 703 873 707 878 704 618 693 833 692 837 705 818 670 843 710 637 706 697 685 867 684 873 707 739 679 893 678 898 708 788 681 793 829 534 696 843 710 847 713 645 711 569 702 808 701 813 712 847 713 798 730 560 672 912 714 853 751 673 686 883 699 908 688 766 690 687 715 863 718 887 716 747 709 898 708 902 717 481 668 778 667 863 718 807 719 809 747 806 720 806 720 809 747 810 722 810 722 811 725 804 724 811 725 808 701 802 675 802 675 837 705 839 726 804 724 839 726 840 727 805 723 840 727 841 728 806 720 841 728 838 729 798 730 847 713 849 731 801 732 849 731 850 733 800 734 850 733 851 735 799 736 851 735 848 737 782 673 784 740 781 739 784 740 785 742 780 741 785 742 786 744 779 743 786 744 783 777 777 745 812 746 814 748 809 747 814 748 815 749 810 722 815 749 816 750 811 725 816 750 813 712 808 701 853 751 912 714 914 752 856 753 914 752 915 754 855 755 915 754 916 756 854 757 916 756 913 758 857 760 859 761 854 757 859 761 860 762 855 755 860 762 861 763 856 753 861 763 858 687 853 751 777 745 862 833 864 764 779 743 864 764 865 765 780 741 865 765 866 766 781 739 866 766 863 718 868 767 872 792 874 768 874 768 875 771 870 770 875 771 876 773 869 772 876 773 873 707 867 684 867 684 902 717 904 774 904 774 905 775 870 770 905 775 906 816 871 769 871 769 906 816 903 776 798 730 801 732 784 740 801 732 800 734 785 742 800 734 799 736 786 744 799 736 797 738 783 777 812 746 817 797 819 778 819 778 820 799 815 749 815 749 820 799 821 779 816 750 821 779 818 670 823 780 827 787 829 781 826 782 829 781 830 783 825 784 830 783 831 785 824 786 831 785 828 695 827 787 832 790 834 788 829 781 834 788 835 789 835 789 836 791 831 785 831 785 836 791 833 692 838 729 841 728 834 788 841 728 840 727 835 789 840 727 839 726 836 791 839 726 837 705 833 692 872 792 877 802 879 793 874 768 879 793 880 794 875 771 880 794 881 795 881 795 878 704 873 707 842 796 844 798 819 778 844 798 845 830 820 799 820 799 845 830 846 800 846 800 843 710 818 670 882 801 884 819 879 793 879 793 884 819 885 803 880 794 885 803 886 804 881 795 886 804 883 699 888 805 892 811 894 806 894 806 895 813 890 808 890 808 895 813 896 809 889 810 896 809 893 678 892 811 897 815 899 812 899 812 900 817 895 813 895 813 900 817 901 814 901 814 898 708 893 678 897 815 903 776 906 816 906 816 905 775 900 817 905 775 904 774 901 814 904 774 902 717 898 708 907 818 909 820 884 819 909 820 910 832 885 803 885 803 910 832 911 821 911 821 908 688 883 699 858 687 861 763 791 822 791 822 861 763 860 762 860 762 859 761 789 824 859 761 857 760 787 825 787 825 792 831 794 826 789 824 794 826 795 827 790 823 795 827 796 828 791 822 796 828 793 829 848 737 851 735 844 798 851 735 850 733 845 830 850 733 849 731 846 800 849 731 847 713 843 710 823 780 826 782 794 826 826 782 825 784 795 827 825 784 824 786 796 828 824 786 822 697 793 829 913 758 916 756 909 820 916 756 915 754 910 832 915 754 914 752 911 821 914 752 912 714 908 688 888 805 891 807 864 764 891 807 890 808 865 765 890 808 889 810 866 766 889 810 887 716 863 718 807 719 803 721 838 729 838 729 832 790 807 719 832 790 827 787 807 719 827 787 823 780 792 831 792 831 787 825 827 787 787 825 857 760 827 787 857 760 852 759 913 758 913 758 907 818 857 760 907 818 882 801 857 760 882 801 877 802 903 776 877 802 872 792 903 776 872 792 868 767 903 776 903 776 897 815 892 811 892 811 888 805 903 776 888 805 862 833 903 776 862 833 777 745 783 777 783 777 797 738 848 737 848 737 842 796 817 797 817 797 812 746 807 719 862 833 783 777 903 776 783 777 848 737 903 776 848 737 817 797 857 760 817 797 807 719 857 760 807 719 827 787 857 760 857 760 882 801 903 776</p>
        </triangles>
        <triangles material="metal_002-material" count="3633">
          <input semantic="VERTEX" source="#marron-material-mesh-vertices" offset="0"/>
          <input semantic="NORMAL" source="#marron-material-mesh-normals" offset="1"/>
          <p>917 834 918 834 919 834 921 835 923 835 925 835 925 836 923 836 927 836 925 0 927 0 929 0 931 0 933 0 935 0 938 0 935 0 939 0 939 837 935 837 940 837 941 838 943 838 945 838 938 0 946 0 935 0 935 839 946 839 947 839 935 840 947 840 945 840 948 841 949 842 951 843 951 843 949 842 952 844 951 843 952 844 954 845 956 846 957 846 959 846 959 0 957 0 960 0 961 0 962 0 966 0 966 847 962 847 967 847 966 848 967 848 969 848 971 849 972 849 918 849 918 0 972 0 974 0 918 850 974 850 919 850 976 0 945 0 978 0 978 851 945 851 980 851 978 852 980 852 981 852 981 0 980 0 983 0 981 0 983 0 984 0 984 0 983 0 986 0 987 0 976 0 925 0 925 0 976 0 989 0 925 853 989 853 921 853 956 0 991 0 957 0 957 854 991 854 992 854 957 855 992 855 993 855 969 0 994 0 966 0 966 856 994 856 996 856 966 0 996 0 971 0 971 857 996 857 998 857 971 858 998 858 972 858 919 859 1000 859 917 859 917 0 1000 0 1002 0 917 0 1002 0 986 0 986 860 1002 860 1004 860 986 861 1004 861 984 861 945 862 1006 862 1008 862 1010 863 1011 863 1012 863 1014 0 1016 0 957 0 987 0 1018 0 976 0 976 864 1018 864 1020 864 976 865 1020 865 945 865 945 866 1020 866 1022 866 945 0 1022 0 941 0 943 0 1024 0 945 0 945 867 1024 867 1026 867 945 868 1026 868 1006 868 1008 0 1028 0 945 0 945 869 1028 869 1030 869 945 870 1030 870 935 870 935 871 1030 871 1032 871 935 872 1032 872 931 872 933 0 1034 0 935 0 935 873 1034 873 1036 873 935 0 1036 0 1038 0 1038 874 1036 874 1040 874 1038 875 1040 875 1042 875 954 845 1044 876 951 843 951 843 1044 876 1046 877 951 843 1046 877 1048 0 1049 0 1051 0 993 0 993 878 1051 878 1053 878 993 879 1053 879 1055 879 1057 0 1059 0 1061 0 1063 0 1065 0 1040 0 1012 0 1067 0 1010 0 1010 880 1067 880 1069 880 1010 0 1069 0 1071 0 1071 881 1069 881 1072 881 1071 0 1072 0 1074 0 1074 882 1072 882 1075 882 1074 0 1075 0 993 0 993 883 1075 883 1077 883 993 884 1077 884 1079 884 929 885 927 885 1081 885 1081 886 927 886 1083 886 1081 887 1083 887 1061 887 1061 888 1083 888 1085 888 1061 889 1085 889 1057 889 1087 890 1089 890 1061 890 1061 891 1089 891 1091 891 1061 0 1091 0 1093 0 1095 892 1097 892 1099 892 1046 0 1101 0 1048 0 1048 893 1101 893 1103 893 1048 894 1103 894 1105 894 1103 895 1106 895 1105 895 1105 896 1106 896 1108 896 1105 0 1108 0 1011 0 1011 897 1108 897 1110 897 1011 0 1110 0 1012 0 1112 0 1114 0 1116 0 1116 898 1114 898 1118 898 1116 899 1118 899 1120 899 1055 0 1122 0 993 0 993 900 1122 900 1124 900 993 901 1124 901 957 901 957 902 1124 902 1126 902 957 903 1126 903 1014 903 1095 0 1099 0 1040 0 1040 904 1099 904 1128 904 1040 0 1128 0 1130 0 1130 0 1132 0 1040 0 1040 905 1132 905 1134 905 1040 906 1134 906 1063 906 1079 0 1116 0 993 0 993 0 1116 0 1136 0 993 0 1136 0 1049 0 1120 907 1138 907 1116 907 1116 908 1138 908 1140 908 1116 909 1140 910 1136 911 1016 0 1142 0 957 0 957 912 1142 912 1144 912 957 913 1144 913 1146 913 1146 914 1144 914 1148 914 1059 0 1150 0 1061 0 1061 0 1150 0 1152 0 1061 915 1152 915 1154 915 1093 916 1156 917 1158 918 1160 0 1162 0 1093 0 1093 919 1162 919 1164 919 1093 920 1164 920 1061 920 1097 921 1166 922 1099 923 1099 923 1166 922 1168 924 1099 0 1168 0 1170 0 1065 0 1172 0 1040 0 1040 925 1172 925 1174 925 1040 926 1174 926 1176 926 1154 0 1178 0 1061 0 1061 927 1178 927 1180 927 1061 928 1180 928 1087 928 1158 918 1182 929 1093 916 1093 0 1182 0 1184 0 1093 930 1184 931 1160 932 1176 0 1186 0 1040 0 1040 933 1186 933 1188 933 1040 934 1188 935 1042 936 1190 0 1192 0 1148 0 1194 937 1196 937 1198 937 1198 938 1196 938 1200 938 1192 0 1202 0 1148 0 1148 939 1202 939 1204 939 1148 940 1204 940 1146 940 1206 0 1209 0 1211 0 1211 0 1213 0 1215 0 1215 941 1213 941 1217 941 1215 0 1217 0 1219 0 1219 942 1217 942 1221 942 1219 0 1221 0 1112 0 1112 943 1221 943 1223 943 1112 944 1223 944 1114 944 1225 945 1227 945 1198 945 1198 0 1227 0 1229 0 1198 946 1229 946 1194 946 1200 947 1231 948 1198 949 1198 950 1231 950 1233 950 1198 951 1233 951 1235 951 1225 0 1198 0 1148 0 1148 952 1198 952 1237 952 1148 953 1237 953 1190 953 1235 0 1239 0 1198 0 1198 954 1239 954 1241 954 1198 955 1241 956 1243 957 1245 958 1247 959 1249 960 1209 0 1251 0 1211 0 1211 961 1251 961 1253 961 1211 962 1253 962 1255 962 1257 0 1259 0 1211 0 1211 963 1259 963 1261 963 1211 964 1261 964 1206 964 1257 0 1263 0 1259 0 1259 965 1263 966 1245 967 1259 968 1245 968 1266 968 1266 969 1245 969 1249 969 1255 0 1268 0 1211 0 1211 970 1268 970 1270 970 1211 971 1270 971 1272 971 1272 972 1274 972 1211 972 1211 973 1274 973 1276 973 1211 974 1276 974 1213 974 963 975 1285 976 1280 977 964 978 1299 979 1294 980 1303 981 1307 982 936 983 936 983 1307 982 1309 984 1286 985 1325 986 1326 987 1286 985 1326 987 1281 988 1281 988 1326 987 1327 989 1281 988 1327 989 1282 990 1282 990 1327 989 1328 991 1282 990 1328 991 1300 992 1300 992 1328 991 1329 993 1300 992 1329 993 1295 994 1295 994 1329 993 1330 995 1295 994 1330 995 1297 996 1297 996 1330 995 1331 997 1297 996 1331 997 1298 998 1298 998 1331 997 1332 999 1298 998 1332 999 1296 1000 1296 1000 1332 999 1333 1001 1296 1000 1333 1001 1293 1002 1293 1002 1333 1001 1334 1003 1293 1002 1334 1003 1301 1004 1301 1004 1334 1003 968 1005 1301 1004 968 1005 965 1006 958 1007 1147 1008 1335 1009 958 1007 1335 1009 1292 1010 1292 1010 1335 1009 1336 1011 1292 1010 1336 1011 1291 1012 1291 1012 1336 1011 1337 1013 1291 1012 1337 1013 1289 1014 1289 1014 1337 1013 1338 1015 1289 1014 1338 1015 1287 1016 1287 1016 1338 1015 1339 1017 1287 1016 1339 1017 1288 1018 1288 1018 1339 1017 1340 1019 1288 1018 1340 1019 1290 1020 1290 1020 1340 1019 1341 1021 1290 1020 1341 1021 1278 1022 1278 1022 1341 1021 1342 1023 1278 1022 1342 1023 1279 1024 1279 1024 1342 1023 1343 1025 1279 1024 1343 1025 1283 1026 1283 1026 1343 1025 1324 1027 1283 1026 1324 1027 1284 1028 1345 1029 1382 1030 1383 1031 1382 1030 1384 1032 1385 1033 1384 1032 1386 1034 1387 1035 1386 1034 1388 1036 1389 1037 1388 1036 1390 1038 1391 1039 1390 1038 1392 1040 1393 1041 1392 1040 1394 1042 1395 1043 1394 1042 1396 1044 1397 1045 1396 1044 1398 1046 1399 1047 1398 1046 1084 1048 928 1049 1398 1046 928 1049 1399 1047 1399 1047 928 1049 924 1050 1399 1047 924 1050 1400 1051 1400 1051 924 1050 922 1052 1400 1051 922 1052 1401 1053 1401 1053 922 1052 990 1054 1401 1053 990 1054 1402 1055 1402 1055 990 1054 977 1056 1402 1055 977 1056 1403 1057 1403 1057 977 1056 979 1058 1403 1057 979 1058 1404 1059 1404 1059 979 1058 982 1060 1404 1059 982 1060 1405 1061 1405 1061 982 1060 985 1062 1405 1061 985 1062 1406 1063 1406 1063 985 1062 1005 1064 1406 1063 1005 1064 1407 1065 1407 1065 1005 1064 1003 1066 1407 1065 1003 1066 1408 1067 1408 1067 1003 1066 1001 1068 1408 1067 1001 1068 1409 1069 1409 1069 1001 1068 920 1070 1409 1069 920 1070 1410 1071 1410 1071 920 1070 975 1072 1410 1071 975 1072 1411 1073 1411 1073 975 1072 973 1074 1411 1073 973 1074 1412 1075 1412 1075 973 1074 999 1076 1412 1075 999 1076 1413 1077 1413 1077 999 1076 997 1078 1413 1077 997 1078 1414 1079 1414 1079 997 1078 995 1080 1414 1079 995 1080 1415 1081 1415 1081 995 1080 970 1082 1415 1081 970 1082 1416 1083 1416 1083 970 1082 968 1005 1416 1083 968 1005 1334 1003 1396 1044 1399 1047 1397 1045 1397 1045 1399 1047 1400 1051 1397 1045 1400 1051 1417 1084 1417 1084 1400 1051 1401 1053 1417 1084 1401 1053 1418 1085 1418 1085 1401 1053 1402 1055 1418 1085 1402 1055 1419 1086 1419 1086 1402 1055 1403 1057 1419 1086 1403 1057 1420 1087 1420 1087 1403 1057 1404 1059 1420 1087 1404 1059 1421 1088 1421 1088 1404 1059 1405 1061 1421 1088 1405 1061 1422 1089 1422 1089 1405 1061 1406 1063 1422 1089 1406 1063 1423 1090 1423 1090 1406 1063 1407 1065 1423 1090 1407 1065 1424 1091 1424 1091 1407 1065 1408 1067 1424 1091 1408 1067 1425 1092 1425 1092 1408 1067 1409 1069 1425 1092 1409 1069 1426 1093 1426 1093 1409 1069 1410 1071 1426 1093 1410 1071 1427 1094 1427 1094 1410 1071 1411 1073 1427 1094 1411 1073 1428 1095 1428 1095 1411 1073 1412 1075 1428 1095 1412 1075 1429 1096 1429 1096 1412 1075 1413 1077 1429 1096 1413 1077 1430 1097 1430 1097 1413 1077 1414 1079 1430 1097 1414 1079 1431 1098 1431 1098 1414 1079 1415 1081 1431 1098 1415 1081 1432 1099 1432 1099 1415 1081 1416 1083 1432 1099 1416 1083 1433 1100 1433 1100 1416 1083 1334 1003 1433 1100 1334 1003 1333 1001 1394 1042 1397 1045 1395 1043 1395 1043 1397 1045 1417 1084 1395 1043 1417 1084 1434 1101 1434 1101 1417 1084 1418 1085 1434 1101 1418 1085 1435 1102 1435 1102 1418 1085 1419 1086 1435 1102 1419 1086 1436 1103 1436 1103 1419 1086 1420 1087 1436 1103 1420 1087 1437 1104 1437 1104 1420 1087 1421 1088 1437 1104 1421 1088 1438 1105 1438 1105 1421 1088 1422 1089 1438 1105 1422 1089 1439 1106 1439 1106 1422 1089 1423 1090 1439 1106 1423 1090 1440 1107 1440 1107 1423 1090 1424 1091 1440 1107 1424 1091 1441 1108 1441 1108 1424 1091 1425 1092 1441 1108 1425 1092 1442 1109 1442 1109 1425 1092 1426 1093 1442 1109 1426 1093 1443 1110 1443 1110 1426 1093 1427 1094 1443 1110 1427 1094 1444 1111 1444 1111 1427 1094 1428 1095 1444 1111 1428 1095 1445 1112 1445 1112 1428 1095 1429 1096 1445 1112 1429 1096 1446 1113 1446 1113 1429 1096 1430 1097 1446 1113 1430 1097 1447 1114 1447 1114 1430 1097 1431 1098 1447 1114 1431 1098 1448 1115 1448 1115 1431 1098 1432 1099 1448 1115 1432 1099 1449 1116 1449 1116 1432 1099 1433 1100 1449 1116 1433 1100 1450 1117 1450 1117 1433 1100 1333 1001 1450 1117 1333 1001 1332 999 1392 1040 1395 1043 1393 1041 1393 1041 1395 1043 1434 1101 1393 1041 1434 1101 1451 1118 1451 1118 1434 1101 1435 1102 1451 1118 1435 1102 1452 1119 1452 1119 1435 1102 1436 1103 1452 1119 1436 1103 1453 1120 1453 1120 1436 1103 1437 1104 1453 1120 1437 1104 1454 1121 1454 1121 1437 1104 1438 1105 1454 1121 1438 1105 1455 1122 1455 1122 1438 1105 1439 1106 1455 1122 1439 1106 1456 1123 1456 1123 1439 1106 1440 1107 1456 1123 1440 1107 1457 1124 1457 1124 1440 1107 1441 1108 1457 1124 1441 1108 1458 1125 1458 1125 1441 1108 1442 1109 1458 1125 1442 1109 1459 1126 1459 1126 1442 1109 1443 1110 1459 1126 1443 1110 1460 1127 1460 1127 1443 1110 1444 1111 1460 1127 1444 1111 1461 1128 1461 1128 1444 1111 1445 1112 1461 1128 1445 1112 1462 1129 1462 1129 1445 1112 1446 1113 1462 1129 1446 1113 1463 1130 1463 1130 1446 1113 1447 1114 1463 1130 1447 1114 1464 1131 1464 1131 1447 1114 1448 1115 1464 1131 1448 1115 1465 1132 1465 1132 1448 1115 1449 1116 1465 1132 1449 1116 1466 1133 1466 1133 1449 1116 1450 1117 1466 1133 1450 1117 1467 1134 1467 1134 1450 1117 1332 999 1467 1134 1332 999 1331 997 1390 1038 1393 1041 1391 1039 1391 1039 1393 1041 1451 1118 1391 1039 1451 1118 1468 1135 1468 1135 1451 1118 1452 1119 1468 1135 1452 1119 1469 1136 1469 1136 1452 1119 1453 1120 1469 1136 1453 1120 1470 1137 1470 1137 1453 1120 1454 1121 1470 1137 1454 1121 1471 1138 1471 1138 1454 1121 1455 1122 1471 1138 1455 1122 1472 1139 1472 1139 1455 1122 1456 1123 1472 1139 1456 1123 1473 1140 1473 1140 1456 1123 1457 1124 1473 1140 1457 1124 1474 1141 1474 1141 1457 1124 1458 1125 1474 1141 1458 1125 1475 1142 1475 1142 1458 1125 1459 1126 1475 1142 1459 1126 1476 1143 1476 1143 1459 1126 1460 1127 1476 1143 1460 1127 1477 1144 1477 1144 1460 1127 1461 1128 1477 1144 1461 1128 1478 1145 1478 1145 1461 1128 1462 1129 1478 1145 1462 1129 1479 1146 1479 1146 1462 1129 1463 1130 1479 1146 1463 1130 1480 1147 1480 1147 1463 1130 1464 1131 1480 1147 1464 1131 1481 1148 1481 1148 1464 1131 1465 1132 1481 1148 1465 1132 1482 1149 1482 1149 1465 1132 1466 1133 1482 1149 1466 1133 1483 1150 1483 1150 1466 1133 1467 1134 1483 1150 1467 1134 1484 1151 1484 1151 1467 1134 1331 997 1484 1151 1331 997 1330 995 1388 1036 1391 1039 1389 1037 1389 1037 1391 1039 1468 1135 1389 1037 1468 1135 1485 1152 1485 1152 1468 1135 1469 1136 1485 1152 1469 1136 1486 1153 1486 1153 1469 1136 1470 1137 1486 1153 1470 1137 1487 1154 1487 1154 1470 1137 1471 1138 1487 1154 1471 1138 1488 1155 1488 1155 1471 1138 1472 1139 1488 1155 1472 1139 1489 1156 1489 1156 1472 1139 1473 1140 1489 1156 1473 1140 1490 1157 1490 1157 1473 1140 1474 1141 1490 1157 1474 1141 1491 1158 1491 1158 1474 1141 1475 1142 1491 1158 1475 1142 1492 1159 1492 1159 1475 1142 1476 1143 1492 1159 1476 1143 1493 1160 1493 1160 1476 1143 1477 1144 1493 1160 1477 1144 1494 1161 1494 1161 1477 1144 1478 1145 1494 1161 1478 1145 1495 1162 1495 1162 1478 1145 1479 1146 1495 1162 1479 1146 1496 1163 1496 1163 1479 1146 1480 1147 1496 1163 1480 1147 1497 1164 1497 1164 1480 1147 1481 1148 1497 1164 1481 1148 1498 1165 1498 1165 1481 1148 1482 1149 1498 1165 1482 1149 1499 1166 1499 1166 1482 1149 1483 1150 1499 1166 1483 1150 1500 1167 1500 1167 1483 1150 1484 1151 1500 1167 1484 1151 1501 1168 1501 1168 1484 1151 1330 995 1501 1168 1330 995 1329 993 1386 1034 1389 1037 1387 1035 1387 1035 1389 1037 1485 1152 1387 1035 1485 1152 1502 1169 1502 1169 1485 1152 1486 1153 1502 1169 1486 1153 1503 1170 1503 1170 1486 1153 1487 1154 1503 1170 1487 1154 1504 1171 1504 1171 1487 1154 1488 1155 1504 1171 1488 1155 1505 1172 1505 1172 1488 1155 1489 1156 1505 1172 1489 1156 1506 1173 1506 1173 1489 1156 1490 1157 1506 1173 1490 1157 1507 1174 1507 1174 1490 1157 1491 1158 1507 1174 1491 1158 1508 1175 1508 1175 1491 1158 1492 1159 1508 1175 1492 1159 1509 1176 1509 1176 1492 1159 1493 1160 1509 1176 1493 1160 1510 1177 1510 1177 1493 1160 1494 1161 1510 1177 1494 1161 1511 1178 1511 1178 1494 1161 1495 1162 1511 1178 1495 1162 1512 1179 1512 1179 1495 1162 1496 1163 1512 1179 1496 1163 1513 1180 1513 1180 1496 1163 1497 1164 1513 1180 1497 1164 1514 1181 1514 1181 1497 1164 1498 1165 1514 1181 1498 1165 1515 1182 1515 1182 1498 1165 1499 1166 1515 1182 1499 1166 1516 1183 1516 1183 1499 1166 1500 1167 1516 1183 1500 1167 1517 1184 1517 1184 1500 1167 1501 1168 1517 1184 1501 1168 1518 1185 1518 1185 1501 1168 1329 993 1518 1185 1329 993 1328 991 1384 1032 1387 1035 1385 1033 1385 1033 1387 1035 1502 1169 1385 1033 1502 1169 1519 1186 1519 1186 1502 1169 1503 1170 1519 1186 1503 1170 1520 1187 1520 1187 1503 1170 1504 1171 1520 1187 1504 1171 1521 1188 1521 1188 1504 1171 1505 1172 1521 1188 1505 1172 1522 1189 1522 1189 1505 1172 1506 1173 1522 1189 1506 1173 1523 1190 1523 1190 1506 1173 1507 1174 1523 1190 1507 1174 1524 1191 1524 1191 1507 1174 1508 1175 1524 1191 1508 1175 1525 1192 1525 1192 1508 1175 1509 1176 1525 1192 1509 1176 1526 1193 1526 1193 1509 1176 1510 1177 1526 1193 1510 1177 1527 1194 1527 1194 1510 1177 1511 1178 1527 1194 1511 1178 1528 1195 1528 1195 1511 1178 1512 1179 1528 1195 1512 1179 1529 1196 1529 1196 1512 1179 1513 1180 1529 1196 1513 1180 1530 1197 1530 1197 1513 1180 1514 1181 1530 1197 1514 1181 1531 1198 1531 1198 1514 1181 1515 1182 1531 1198 1515 1182 1532 1199 1532 1199 1515 1182 1516 1183 1532 1199 1516 1183 1533 1200 1533 1200 1516 1183 1517 1184 1533 1200 1517 1184 1534 1201 1534 1201 1517 1184 1518 1185 1534 1201 1518 1185 1535 1202 1535 1202 1518 1185 1328 991 1535 1202 1328 991 1327 989 1382 1030 1385 1033 1383 1031 1383 1031 1385 1033 1519 1186 1383 1031 1519 1186 1536 1203 1536 1203 1519 1186 1520 1187 1536 1203 1520 1187 1537 1204 1537 1204 1520 1187 1521 1188 1537 1204 1521 1188 1538 1205 1538 1205 1521 1188 1522 1189 1538 1205 1522 1189 1539 1206 1539 1206 1522 1189 1523 1190 1539 1206 1523 1190 1540 1207 1540 1207 1523 1190 1524 1191 1540 1207 1524 1191 1541 1208 1541 1208 1524 1191 1525 1192 1541 1208 1525 1192 1542 1209 1542 1209 1525 1192 1526 1193 1542 1209 1526 1193 1543 1210 1543 1210 1526 1193 1527 1194 1543 1210 1527 1194 1544 1211 1544 1211 1527 1194 1528 1195 1544 1211 1528 1195 1545 1212 1545 1212 1528 1195 1529 1196 1545 1212 1529 1196 1546 1213 1546 1213 1529 1196 1530 1197 1546 1213 1530 1197 1547 1214 1547 1214 1530 1197 1531 1198 1547 1214 1531 1198 1548 1215 1548 1215 1531 1198 1532 1199 1548 1215 1532 1199 1549 1216 1549 1216 1532 1199 1533 1200 1549 1216 1533 1200 1550 1217 1550 1217 1533 1200 1534 1201 1550 1217 1534 1201 1551 1218 1551 1218 1534 1201 1535 1202 1551 1218 1535 1202 1552 1219 1552 1219 1535 1202 1327 989 1552 1219 1327 989 1326 987 1345 1029 1383 1031 1347 1220 1347 1220 1383 1031 1536 1203 1347 1220 1536 1203 1349 1221 1349 1221 1536 1203 1537 1204 1349 1221 1537 1204 1351 1222 1351 1222 1537 1204 1538 1205 1351 1222 1538 1205 1353 1223 1353 1223 1538 1205 1539 1206 1353 1223 1539 1206 1355 1224 1355 1224 1539 1206 1540 1207 1355 1224 1540 1207 1357 1225 1357 1225 1540 1207 1541 1208 1357 1225 1541 1208 1359 1226 1359 1226 1541 1208 1542 1209 1359 1226 1542 1209 1361 1227 1361 1227 1542 1209 1543 1210 1361 1227 1543 1210 1363 1228 1363 1228 1543 1210 1544 1211 1363 1228 1544 1211 1365 1229 1365 1229 1544 1211 1545 1212 1365 1229 1545 1212 1367 1230 1367 1230 1545 1212 1546 1213 1367 1230 1546 1213 1369 1231 1369 1231 1546 1213 1547 1214 1369 1231 1547 1214 1371 1232 1371 1232 1547 1214 1548 1215 1371 1232 1548 1215 1373 1233 1373 1233 1548 1215 1549 1216 1373 1233 1549 1216 1375 1234 1375 1234 1549 1216 1550 1217 1375 1234 1550 1217 1377 1235 1377 1235 1550 1217 1551 1218 1377 1235 1551 1218 1379 1236 1379 1236 1551 1218 1552 1219 1379 1236 1552 1219 1381 1237 1381 1237 1552 1219 1326 987 1381 1237 1326 987 1325 986 1149 1238 1553 1239 1554 1240 1553 1239 1555 1241 1556 1242 1555 1241 1557 1243 1558 1244 1557 1243 1559 1245 1560 1246 1559 1245 1561 1247 1562 1248 1561 1247 1563 1249 1564 1250 1563 1249 1565 1251 1566 1252 1565 1251 1567 1253 1568 1254 1567 1253 1569 1255 1570 1256 1569 1255 1344 1257 1346 1258 1569 1255 1346 1258 1570 1256 1570 1256 1346 1258 1348 1259 1570 1256 1348 1259 1571 1260 1571 1260 1348 1259 1350 1261 1571 1260 1350 1261 1572 1262 1572 1262 1350 1261 1352 1263 1572 1262 1352 1263 1573 1264 1573 1264 1352 1263 1354 1265 1573 1264 1354 1265 1574 1266 1574 1266 1354 1265 1356 1267 1574 1266 1356 1267 1575 1268 1575 1268 1356 1267 1358 1269 1575 1268 1358 1269 1576 1270 1576 1270 1358 1269 1360 1271 1576 1270 1360 1271 1577 1272 1577 1272 1360 1271 1362 1273 1577 1272 1362 1273 1578 1274 1578 1274 1362 1273 1364 1275 1578 1274 1364 1275 1579 1276 1579 1276 1364 1275 1366 1277 1579 1276 1366 1277 1580 1278 1580 1278 1366 1277 1368 1279 1580 1278 1368 1279 1581 1280 1581 1280 1368 1279 1370 1281 1581 1280 1370 1281 1582 1282 1582 1282 1370 1281 1372 1283 1582 1282 1372 1283 1583 1284 1583 1284 1372 1283 1374 1285 1583 1284 1374 1285 1584 1286 1584 1286 1374 1285 1376 1287 1584 1286 1376 1287 1585 1288 1585 1288 1376 1287 1378 1289 1585 1288 1378 1289 1586 1290 1586 1290 1378 1289 1380 1291 1586 1290 1380 1291 1587 1292 1587 1292 1380 1291 1324 1027 1587 1292 1324 1027 1343 1025 1567 1253 1570 1256 1568 1254 1568 1254 1570 1256 1571 1260 1568 1254 1571 1260 1588 1293 1588 1293 1571 1260 1572 1262 1588 1293 1572 1262 1589 1294 1589 1294 1572 1262 1573 1264 1589 1294 1573 1264 1590 1295 1590 1295 1573 1264 1574 1266 1590 1295 1574 1266 1591 1296 1591 1296 1574 1266 1575 1268 1591 1296 1575 1268 1592 1297 1592 1297 1575 1268 1576 1270 1592 1297 1576 1270 1593 1298 1593 1298 1576 1270 1577 1272 1593 1298 1577 1272 1594 1299 1594 1299 1577 1272 1578 1274 1594 1299 1578 1274 1595 1300 1595 1300 1578 1274 1579 1276 1595 1300 1579 1276 1596 1301 1596 1301 1579 1276 1580 1278 1596 1301 1580 1278 1597 1302 1597 1302 1580 1278 1581 1280 1597 1302 1581 1280 1598 1303 1598 1303 1581 1280 1582 1282 1598 1303 1582 1282 1599 1304 1599 1304 1582 1282 1583 1284 1599 1304 1583 1284 1600 1305 1600 1305 1583 1284 1584 1286 1600 1305 1584 1286 1601 1306 1601 1306 1584 1286 1585 1288 1601 1306 1585 1288 1602 1307 1602 1307 1585 1288 1586 1290 1602 1307 1586 1290 1603 1308 1603 1308 1586 1290 1587 1292 1603 1308 1587 1292 1604 1309 1604 1309 1587 1292 1343 1025 1604 1309 1343 1025 1342 1023 1565 1251 1568 1254 1566 1252 1566 1252 1568 1254 1588 1293 1566 1252 1588 1293 1605 1310 1605 1310 1588 1293 1589 1294 1605 1310 1589 1294 1606 1311 1606 1311 1589 1294 1590 1295 1606 1311 1590 1295 1607 1312 1607 1312 1590 1295 1591 1296 1607 1312 1591 1296 1608 1313 1608 1313 1591 1296 1592 1297 1608 1313 1592 1297 1609 1314 1609 1314 1592 1297 1593 1298 1609 1314 1593 1298 1610 1315 1610 1315 1593 1298 1594 1299 1610 1315 1594 1299 1611 1316 1611 1316 1594 1299 1595 1300 1611 1316 1595 1300 1612 1317 1612 1317 1595 1300 1596 1301 1612 1317 1596 1301 1613 1318 1613 1318 1596 1301 1597 1302 1613 1318 1597 1302 1614 1319 1614 1319 1597 1302 1598 1303 1614 1319 1598 1303 1615 1320 1615 1320 1598 1303 1599 1304 1615 1320 1599 1304 1616 1321 1616 1321 1599 1304 1600 1305 1616 1321 1600 1305 1617 1322 1617 1322 1600 1305 1601 1306 1617 1322 1601 1306 1618 1323 1618 1323 1601 1306 1602 1307 1618 1323 1602 1307 1619 1324 1619 1324 1602 1307 1603 1308 1619 1324 1603 1308 1620 1325 1620 1325 1603 1308 1604 1309 1620 1325 1604 1309 1621 1326 1621 1326 1604 1309 1342 1023 1621 1326 1342 1023 1341 1021 1563 1249 1566 1252 1564 1250 1564 1250 1566 1252 1605 1310 1564 1250 1605 1310 1622 1327 1622 1327 1605 1310 1606 1311 1622 1327 1606 1311 1623 1328 1623 1328 1606 1311 1607 1312 1623 1328 1607 1312 1624 1329 1624 1329 1607 1312 1608 1313 1624 1329 1608 1313 1625 1330 1625 1330 1608 1313 1609 1314 1625 1330 1609 1314 1626 1331 1626 1331 1609 1314 1610 1315 1626 1331 1610 1315 1627 1332 1627 1332 1610 1315 1611 1316 1627 1332 1611 1316 1628 1333 1628 1333 1611 1316 1612 1317 1628 1333 1612 1317 1629 1334 1629 1334 1612 1317 1613 1318 1629 1334 1613 1318 1630 1335 1630 1335 1613 1318 1614 1319 1630 1335 1614 1319 1631 1336 1631 1336 1614 1319 1615 1320 1631 1336 1615 1320 1632 1337 1632 1337 1615 1320 1616 1321 1632 1337 1616 1321 1633 1338 1633 1338 1616 1321 1617 1322 1633 1338 1617 1322 1634 1339 1634 1339 1617 1322 1618 1323 1634 1339 1618 1323 1635 1340 1635 1340 1618 1323 1619 1324 1635 1340 1619 1324 1636 1341 1636 1341 1619 1324 1620 1325 1636 1341 1620 1325 1637 1342 1637 1342 1620 1325 1621 1326 1637 1342 1621 1326 1638 1343 1638 1343 1621 1326 1341 1021 1638 1343 1341 1021 1340 1019 1561 1247 1564 1250 1562 1248 1562 1248 1564 1250 1622 1327 1562 1248 1622 1327 1639 1344 1639 1344 1622 1327 1623 1328 1639 1344 1623 1328 1640 1345 1640 1345 1623 1328 1624 1329 1640 1345 1624 1329 1641 1346 1641 1346 1624 1329 1625 1330 1641 1346 1625 1330 1642 1347 1642 1347 1625 1330 1626 1331 1642 1347 1626 1331 1643 1348 1643 1348 1626 1331 1627 1332 1643 1348 1627 1332 1644 1349 1644 1349 1627 1332 1628 1333 1644 1349 1628 1333 1645 1350 1645 1350 1628 1333 1629 1334 1645 1350 1629 1334 1646 1351 1646 1351 1629 1334 1630 1335 1646 1351 1630 1335 1647 1352 1647 1352 1630 1335 1631 1336 1647 1352 1631 1336 1648 1353 1648 1353 1631 1336 1632 1337 1648 1353 1632 1337 1649 1354 1649 1354 1632 1337 1633 1338 1649 1354 1633 1338 1650 1355 1650 1355 1633 1338 1634 1339 1650 1355 1634 1339 1651 1356 1651 1356 1634 1339 1635 1340 1651 1356 1635 1340 1652 1357 1652 1357 1635 1340 1636 1341 1652 1357 1636 1341 1653 1358 1653 1358 1636 1341 1637 1342 1653 1358 1637 1342 1654 1359 1654 1359 1637 1342 1638 1343 1654 1359 1638 1343 1655 1360 1655 1360 1638 1343 1340 1019 1655 1360 1340 1019 1339 1017 1559 1245 1562 1248 1560 1246 1560 1246 1562 1248 1639 1344 1560 1246 1639 1344 1656 1361 1656 1361 1639 1344 1640 1345 1656 1361 1640 1345 1657 1362 1657 1362 1640 1345 1641 1346 1657 1362 1641 1346 1658 1363 1658 1363 1641 1346 1642 1347 1658 1363 1642 1347 1659 1364 1659 1364 1642 1347 1643 1348 1659 1364 1643 1348 1660 1365 1660 1365 1643 1348 1644 1349 1660 1365 1644 1349 1661 1366 1661 1366 1644 1349 1645 1350 1661 1366 1645 1350 1662 1367 1662 1367 1645 1350 1646 1351 1662 1367 1646 1351 1663 1368 1663 1368 1646 1351 1647 1352 1663 1368 1647 1352 1664 1369 1664 1369 1647 1352 1648 1353 1664 1369 1648 1353 1665 1370 1665 1370 1648 1353 1649 1354 1665 1370 1649 1354 1666 1371 1666 1371 1649 1354 1650 1355 1666 1371 1650 1355 1667 1372 1667 1372 1650 1355 1651 1356 1667 1372 1651 1356 1668 1373 1668 1373 1651 1356 1652 1357 1668 1373 1652 1357 1669 1374 1669 1374 1652 1357 1653 1358 1669 1374 1653 1358 1670 1375 1670 1375 1653 1358 1654 1359 1670 1375 1654 1359 1671 1376 1671 1376 1654 1359 1655 1360 1671 1376 1655 1360 1672 1377 1672 1377 1655 1360 1339 1017 1672 1377 1339 1017 1338 1015 1557 1243 1560 1246 1558 1244 1558 1244 1560 1246 1656 1361 1558 1244 1656 1361 1673 1378 1673 1378 1656 1361 1657 1362 1673 1378 1657 1362 1674 1379 1674 1379 1657 1362 1658 1363 1674 1379 1658 1363 1675 1380 1675 1380 1658 1363 1659 1364 1675 1380 1659 1364 1676 1381 1676 1381 1659 1364 1660 1365 1676 1381 1660 1365 1677 1382 1677 1382 1660 1365 1661 1366 1677 1382 1661 1366 1678 1383 1678 1383 1661 1366 1662 1367 1678 1383 1662 1367 1679 1384 1679 1384 1662 1367 1663 1368 1679 1384 1663 1368 1680 1385 1680 1385 1663 1368 1664 1369 1680 1385 1664 1369 1681 1386 1681 1386 1664 1369 1665 1370 1681 1386 1665 1370 1682 1387 1682 1387 1665 1370 1666 1371 1682 1387 1666 1371 1683 1388 1683 1388 1666 1371 1667 1372 1683 1388 1667 1372 1684 1389 1684 1389 1667 1372 1668 1373 1684 1389 1668 1373 1685 1390 1685 1390 1668 1373 1669 1374 1685 1390 1669 1374 1686 1391 1686 1391 1669 1374 1670 1375 1686 1391 1670 1375 1687 1392 1687 1392 1670 1375 1671 1376 1687 1392 1671 1376 1688 1393 1688 1393 1671 1376 1672 1377 1688 1393 1672 1377 1689 1394 1689 1394 1672 1377 1338 1015 1689 1394 1338 1015 1337 1013 1555 1241 1558 1244 1556 1242 1556 1242 1558 1244 1673 1378 1556 1242 1673 1378 1690 1395 1690 1395 1673 1378 1674 1379 1690 1395 1674 1379 1691 1396 1691 1396 1674 1379 1675 1380 1691 1396 1675 1380 1692 1397 1692 1397 1675 1380 1676 1381 1692 1397 1676 1381 1693 1398 1693 1398 1676 1381 1677 1382 1693 1398 1677 1382 1694 1399 1694 1399 1677 1382 1678 1383 1694 1399 1678 1383 1695 1400 1695 1400 1678 1383 1679 1384 1695 1400 1679 1384 1696 1401 1696 1401 1679 1384 1680 1385 1696 1401 1680 1385 1697 1402 1697 1402 1680 1385 1681 1386 1697 1402 1681 1386 1698 1403 1698 1403 1681 1386 1682 1387 1698 1403 1682 1387 1699 1404 1699 1404 1682 1387 1683 1388 1699 1404 1683 1388 1700 1405 1700 1405 1683 1388 1684 1389 1700 1405 1684 1389 1701 1406 1701 1406 1684 1389 1685 1390 1701 1406 1685 1390 1702 1407 1702 1407 1685 1390 1686 1391 1702 1407 1686 1391 1703 1408 1703 1408 1686 1391 1687 1392 1703 1408 1687 1392 1704 1409 1704 1409 1687 1392 1688 1393 1704 1409 1688 1393 1705 1410 1705 1410 1688 1393 1689 1394 1705 1410 1689 1394 1706 1411 1706 1411 1689 1394 1337 1013 1706 1411 1337 1013 1336 1011 1553 1239 1556 1242 1554 1240 1554 1240 1556 1242 1690 1395 1554 1240 1690 1395 1707 1412 1707 1412 1690 1395 1691 1396 1707 1412 1691 1396 1708 1413 1708 1413 1691 1396 1692 1397 1708 1413 1692 1397 1709 1414 1709 1414 1692 1397 1693 1398 1709 1414 1693 1398 1710 1415 1710 1415 1693 1398 1694 1399 1710 1415 1694 1399 1711 1416 1711 1416 1694 1399 1695 1400 1711 1416 1695 1400 1712 1417 1712 1417 1695 1400 1696 1401 1712 1417 1696 1401 1713 1418 1713 1418 1696 1401 1697 1402 1713 1418 1697 1402 1714 1419 1714 1419 1697 1402 1698 1403 1714 1419 1698 1403 1715 1420 1715 1420 1698 1403 1699 1404 1715 1420 1699 1404 1716 1421 1716 1421 1699 1404 1700 1405 1716 1421 1700 1405 1717 1422 1717 1422 1700 1405 1701 1406 1717 1422 1701 1406 1718 1423 1718 1423 1701 1406 1702 1407 1718 1423 1702 1407 1719 1424 1719 1424 1702 1407 1703 1408 1719 1424 1703 1408 1720 1425 1720 1425 1703 1408 1704 1409 1720 1425 1704 1409 1721 1426 1721 1426 1704 1409 1705 1410 1721 1426 1705 1410 1722 1427 1722 1427 1705 1410 1706 1411 1722 1427 1706 1411 1723 1428 1723 1428 1706 1411 1336 1011 1723 1428 1336 1011 1335 1009 1149 1238 1554 1240 1226 1429 1226 1429 1554 1240 1707 1412 1226 1429 1707 1412 1228 1430 1228 1430 1707 1412 1708 1413 1228 1430 1708 1413 1230 1431 1230 1431 1708 1413 1709 1414 1230 1431 1709 1414 1195 1432 1195 1432 1709 1414 1710 1415 1195 1432 1710 1415 1197 1433 1197 1433 1710 1415 1711 1416 1197 1433 1711 1416 1201 1434 1201 1434 1711 1416 1712 1417 1201 1434 1712 1417 1232 1435 1232 1435 1712 1417 1713 1418 1232 1435 1713 1418 1234 1436 1234 1436 1713 1418 1714 1419 1234 1436 1714 1419 1236 1437 1236 1437 1714 1419 1715 1420 1236 1437 1715 1420 1240 1438 1240 1438 1715 1420 1716 1421 1240 1438 1716 1421 1242 1439 1242 1439 1716 1421 1717 1422 1242 1439 1717 1422 1244 1440 1244 1440 1717 1422 1718 1423 1244 1440 1718 1423 1199 1441 1199 1441 1718 1423 1719 1424 1199 1441 1719 1424 1238 1442 1238 1442 1719 1424 1720 1425 1238 1442 1720 1425 1191 1443 1191 1443 1720 1425 1721 1426 1191 1443 1721 1426 1193 1444 1193 1444 1721 1426 1722 1427 1193 1444 1722 1427 1203 1445 1203 1445 1722 1427 1723 1428 1203 1445 1723 1428 1205 1446 1205 1446 1723 1428 1335 1009 1205 1446 1335 1009 1147 1008 1345 1029 1725 1447 1726 1448 1345 1029 1726 1448 1382 1030 1382 1030 1726 1448 1727 1449 1382 1030 1727 1449 1384 1032 1384 1032 1727 1449 1728 1450 1384 1032 1728 1450 1386 1034 1386 1034 1728 1450 1729 1451 1386 1034 1729 1451 1388 1036 1388 1036 1729 1451 1730 1452 1388 1036 1730 1452 1390 1038 1390 1038 1730 1452 1731 1453 1390 1038 1731 1453 1392 1040 1392 1040 1731 1453 1732 1454 1392 1040 1732 1454 1394 1042 1394 1042 1732 1454 1733 1455 1394 1042 1733 1455 1396 1044 1396 1044 1733 1455 1734 1456 1396 1044 1734 1456 1398 1046 1398 1046 1734 1456 1086 1457 1398 1046 1086 1457 1084 1048 1149 1238 1145 1458 1735 1459 1149 1238 1735 1459 1553 1239 1553 1239 1735 1459 1736 1460 1553 1239 1736 1460 1555 1241 1555 1241 1736 1460 1737 1461 1555 1241 1737 1461 1557 1243 1557 1243 1737 1461 1738 1462 1557 1243 1738 1462 1559 1245 1559 1245 1738 1462 1739 1463 1559 1245 1739 1463 1561 1247 1561 1247 1739 1463 1740 1464 1561 1247 1740 1464 1563 1249 1563 1249 1740 1464 1741 1465 1563 1249 1741 1465 1565 1251 1565 1251 1741 1465 1742 1466 1565 1251 1742 1466 1567 1253 1567 1253 1742 1466 1743 1467 1567 1253 1743 1467 1569 1255 1569 1255 1743 1467 1724 1468 1569 1255 1724 1468 1344 1257 1780 1469 1782 1470 1783 1471 1782 1470 1784 1472 1785 1473 1784 1472 1786 1474 1787 1475 1786 1474 1788 1476 1789 1477 1788 1476 1790 1478 1791 1479 1790 1478 1792 1480 1793 1481 1792 1480 1794 1482 1795 1483 1794 1482 1796 1484 1797 1485 1796 1484 1798 1486 1799 1487 1799 1487 1165 1488 1163 1489 1799 1487 1163 1489 1800 1490 1800 1490 1163 1489 1161 1491 1800 1490 1161 1491 1801 1492 1801 1492 1161 1491 1185 1493 1801 1492 1185 1493 1802 1494 1802 1494 1185 1493 1183 1495 1802 1494 1183 1495 1803 1496 1803 1496 1183 1495 1159 1497 1803 1496 1159 1497 1804 1498 1804 1498 1159 1497 1157 1499 1804 1498 1157 1499 1805 1500 1805 1500 1157 1499 1094 1501 1805 1500 1094 1501 1806 1502 1806 1502 1094 1501 1092 1503 1806 1502 1092 1503 1807 1504 1807 1504 1092 1503 1090 1505 1807 1504 1090 1505 1808 1506 1808 1506 1090 1505 1088 1507 1808 1506 1088 1507 1809 1508 1809 1508 1088 1507 1181 1509 1809 1508 1181 1509 1810 1510 1810 1510 1181 1509 1179 1511 1810 1510 1179 1511 1811 1512 1811 1512 1179 1511 1155 1513 1811 1512 1155 1513 1812 1514 1812 1514 1155 1513 1153 1515 1812 1514 1153 1515 1813 1516 1813 1516 1153 1515 1151 1517 1813 1516 1151 1517 1814 1518 1814 1518 1151 1517 1060 1519 1814 1518 1060 1519 1815 1520 1815 1520 1060 1519 1058 1521 1815 1520 1058 1521 1816 1522 1816 1522 1058 1521 1086 1457 1816 1522 1086 1457 1734 1456 1796 1484 1799 1487 1797 1485 1797 1485 1799 1487 1800 1490 1797 1485 1800 1490 1817 1523 1817 1523 1800 1490 1801 1492 1817 1523 1801 1492 1818 1524 1818 1524 1801 1492 1802 1494 1818 1524 1802 1494 1819 1525 1819 1525 1802 1494 1803 1496 1819 1525 1803 1496 1820 1526 1820 1526 1803 1496 1804 1498 1820 1526 1804 1498 1821 1527 1821 1527 1804 1498 1805 1500 1821 1527 1805 1500 1822 1528 1822 1528 1805 1500 1806 1502 1822 1528 1806 1502 1823 1529 1823 1529 1806 1502 1807 1504 1823 1529 1807 1504 1824 1530 1824 1530 1807 1504 1808 1506 1824 1530 1808 1506 1825 1531 1825 1531 1808 1506 1809 1508 1825 1531 1809 1508 1826 1532 1826 1532 1809 1508 1810 1510 1826 1532 1810 1510 1827 1533 1827 1533 1810 1510 1811 1512 1827 1533 1811 1512 1828 1534 1828 1534 1811 1512 1812 1514 1828 1534 1812 1514 1829 1535 1829 1535 1812 1514 1813 1516 1829 1535 1813 1516 1830 1536 1830 1536 1813 1516 1814 1518 1830 1536 1814 1518 1831 1537 1831 1537 1814 1518 1815 1520 1831 1537 1815 1520 1832 1538 1832 1538 1815 1520 1816 1522 1832 1538 1816 1522 1833 1539 1833 1539 1816 1522 1734 1456 1833 1539 1734 1456 1733 1455 1794 1482 1797 1485 1795 1483 1795 1483 1797 1485 1817 1523 1795 1483 1817 1523 1834 1540 1834 1540 1817 1523 1818 1524 1834 1540 1818 1524 1835 1541 1835 1541 1818 1524 1819 1525 1835 1541 1819 1525 1836 1542 1836 1542 1819 1525 1820 1526 1836 1542 1820 1526 1837 1543 1837 1543 1820 1526 1821 1527 1837 1543 1821 1527 1838 1544 1838 1544 1821 1527 1822 1528 1838 1544 1822 1528 1839 1545 1839 1545 1822 1528 1823 1529 1839 1545 1823 1529 1840 1546 1840 1546 1823 1529 1824 1530 1840 1546 1824 1530 1841 1547 1841 1547 1824 1530 1825 1531 1841 1547 1825 1531 1842 1548 1842 1548 1825 1531 1826 1532 1842 1548 1826 1532 1843 1549 1843 1549 1826 1532 1827 1533 1843 1549 1827 1533 1844 1550 1844 1550 1827 1533 1828 1534 1844 1550 1828 1534 1845 1551 1845 1551 1828 1534 1829 1535 1845 1551 1829 1535 1846 1552 1846 1552 1829 1535 1830 1536 1846 1552 1830 1536 1847 1553 1847 1553 1830 1536 1831 1537 1847 1553 1831 1537 1848 1554 1848 1554 1831 1537 1832 1538 1848 1554 1832 1538 1849 1555 1849 1555 1832 1538 1833 1539 1849 1555 1833 1539 1850 1556 1850 1556 1833 1539 1733 1455 1850 1556 1733 1455 1732 1454 1792 1480 1795 1483 1793 1481 1793 1481 1795 1483 1834 1540 1793 1481 1834 1540 1851 1557 1851 1557 1834 1540 1835 1541 1851 1557 1835 1541 1852 1558 1852 1558 1835 1541 1836 1542 1852 1558 1836 1542 1853 1559 1853 1559 1836 1542 1837 1543 1853 1559 1837 1543 1854 1560 1854 1560 1837 1543 1838 1544 1854 1560 1838 1544 1855 1561 1855 1561 1838 1544 1839 1545 1855 1561 1839 1545 1856 1562 1856 1562 1839 1545 1840 1546 1856 1562 1840 1546 1857 1563 1857 1563 1840 1546 1841 1547 1857 1563 1841 1547 1858 1564 1858 1564 1841 1547 1842 1548 1858 1564 1842 1548 1859 1565 1859 1565 1842 1548 1843 1549 1859 1565 1843 1549 1860 1566 1860 1566 1843 1549 1844 1550 1860 1566 1844 1550 1861 1567 1861 1567 1844 1550 1845 1551 1861 1567 1845 1551 1862 1568 1862 1568 1845 1551 1846 1552 1862 1568 1846 1552 1863 1569 1863 1569 1846 1552 1847 1553 1863 1569 1847 1553 1864 1570 1864 1570 1847 1553 1848 1554 1864 1570 1848 1554 1865 1571 1865 1571 1848 1554 1849 1555 1865 1571 1849 1555 1866 1572 1866 1572 1849 1555 1850 1556 1866 1572 1850 1556 1867 1573 1867 1573 1850 1556 1732 1454 1867 1573 1732 1454 1731 1453 1790 1478 1793 1481 1791 1479 1791 1479 1793 1481 1851 1557 1791 1479 1851 1557 1868 1574 1868 1574 1851 1557 1852 1558 1868 1574 1852 1558 1869 1575 1869 1575 1852 1558 1853 1559 1869 1575 1853 1559 1870 1576 1870 1576 1853 1559 1854 1560 1870 1576 1854 1560 1871 1577 1871 1577 1854 1560 1855 1561 1871 1577 1855 1561 1872 1578 1872 1578 1855 1561 1856 1562 1872 1578 1856 1562 1873 1579 1873 1579 1856 1562 1857 1563 1873 1579 1857 1563 1874 1580 1874 1580 1857 1563 1858 1564 1874 1580 1858 1564 1875 1581 1875 1581 1858 1564 1859 1565 1875 1581 1859 1565 1876 1582 1876 1582 1859 1565 1860 1566 1876 1582 1860 1566 1877 1583 1877 1583 1860 1566 1861 1567 1877 1583 1861 1567 1878 1584 1878 1584 1861 1567 1862 1568 1878 1584 1862 1568 1879 1585 1879 1585 1862 1568 1863 1569 1879 1585 1863 1569 1880 1586 1880 1586 1863 1569 1864 1570 1880 1586 1864 1570 1881 1587 1881 1587 1864 1570 1865 1571 1881 1587 1865 1571 1882 1588 1882 1588 1865 1571 1866 1572 1882 1588 1866 1572 1883 1589 1883 1589 1866 1572 1867 1573 1883 1589 1867 1573 1884 1590 1884 1590 1867 1573 1731 1453 1884 1590 1731 1453 1730 1452 1788 1476 1791 1479 1789 1477 1789 1477 1791 1479 1868 1574 1789 1477 1868 1574 1885 1591 1885 1591 1868 1574 1869 1575 1885 1591 1869 1575 1886 1592 1886 1592 1869 1575 1870 1576 1886 1592 1870 1576 1887 1593 1887 1593 1870 1576 1871 1577 1887 1593 1871 1577 1888 1594 1888 1594 1871 1577 1872 1578 1888 1594 1872 1578 1889 1595 1889 1595 1872 1578 1873 1579 1889 1595 1873 1579 1890 1596 1890 1596 1873 1579 1874 1580 1890 1596 1874 1580 1891 1597 1891 1597 1874 1580 1875 1581 1891 1597 1875 1581 1892 1598 1892 1598 1875 1581 1876 1582 1892 1598 1876 1582 1893 1599 1893 1599 1876 1582 1877 1583 1893 1599 1877 1583 1894 1600 1894 1600 1877 1583 1878 1584 1894 1600 1878 1584 1895 1601 1895 1601 1878 1584 1879 1585 1895 1601 1879 1585 1896 1602 1896 1602 1879 1585 1880 1586 1896 1602 1880 1586 1897 1603 1897 1603 1880 1586 1881 1587 1897 1603 1881 1587 1898 1604 1898 1604 1881 1587 1882 1588 1898 1604 1882 1588 1899 1605 1899 1605 1882 1588 1883 1589 1899 1605 1883 1589 1900 1606 1900 1606 1883 1589 1884 1590 1900 1606 1884 1590 1901 1607 1901 1607 1884 1590 1730 1452 1901 1607 1730 1452 1729 1451 1786 1474 1789 1477 1787 1475 1787 1475 1789 1477 1885 1591 1787 1475 1885 1591 1902 1608 1902 1608 1885 1591 1886 1592 1902 1608 1886 1592 1903 1609 1903 1609 1886 1592 1887 1593 1903 1609 1887 1593 1904 1610 1904 1610 1887 1593 1888 1594 1904 1610 1888 1594 1905 1611 1905 1611 1888 1594 1889 1595 1905 1611 1889 1595 1906 1612 1906 1612 1889 1595 1890 1596 1906 1612 1890 1596 1907 1613 1907 1613 1890 1596 1891 1597 1907 1613 1891 1597 1908 1614 1908 1614 1891 1597 1892 1598 1908 1614 1892 1598 1909 1615 1909 1615 1892 1598 1893 1599 1909 1615 1893 1599 1910 1616 1910 1616 1893 1599 1894 1600 1910 1616 1894 1600 1911 1617 1911 1617 1894 1600 1895 1601 1911 1617 1895 1601 1912 1618 1912 1618 1895 1601 1896 1602 1912 1618 1896 1602 1913 1619 1913 1619 1896 1602 1897 1603 1913 1619 1897 1603 1914 1620 1914 1620 1897 1603 1898 1604 1914 1620 1898 1604 1915 1621 1915 1621 1898 1604 1899 1605 1915 1621 1899 1605 1916 1622 1916 1622 1899 1605 1900 1606 1916 1622 1900 1606 1917 1623 1917 1623 1900 1606 1901 1607 1917 1623 1901 1607 1918 1624 1918 1624 1901 1607 1729 1451 1918 1624 1729 1451 1728 1450 1784 1472 1787 1475 1785 1473 1785 1473 1787 1475 1902 1608 1785 1473 1902 1608 1919 1625 1919 1625 1902 1608 1903 1609 1919 1625 1903 1609 1920 1626 1920 1626 1903 1609 1904 1610 1920 1626 1904 1610 1921 1627 1921 1627 1904 1610 1905 1611 1921 1627 1905 1611 1922 1628 1922 1628 1905 1611 1906 1612 1922 1628 1906 1612 1923 1629 1923 1629 1906 1612 1907 1613 1923 1629 1907 1613 1924 1630 1924 1630 1907 1613 1908 1614 1924 1630 1908 1614 1925 1631 1925 1631 1908 1614 1909 1615 1925 1631 1909 1615 1926 1632 1926 1632 1909 1615 1910 1616 1926 1632 1910 1616 1927 1633 1927 1633 1910 1616 1911 1617 1927 1633 1911 1617 1928 1634 1928 1634 1911 1617 1912 1618 1928 1634 1912 1618 1929 1635 1929 1635 1912 1618 1913 1619 1929 1635 1913 1619 1930 1636 1930 1636 1913 1619 1914 1620 1930 1636 1914 1620 1931 1637 1931 1637 1914 1620 1915 1621 1931 1637 1915 1621 1932 1638 1932 1638 1915 1621 1916 1622 1932 1638 1916 1622 1933 1639 1933 1639 1916 1622 1917 1623 1933 1639 1917 1623 1934 1640 1934 1640 1917 1623 1918 1624 1934 1640 1918 1624 1935 1641 1935 1641 1918 1624 1728 1450 1935 1641 1728 1450 1727 1449 1782 1470 1785 1473 1783 1471 1783 1471 1785 1473 1919 1625 1783 1471 1919 1625 1936 1642 1936 1642 1919 1625 1920 1626 1936 1642 1920 1626 1937 1643 1937 1643 1920 1626 1921 1627 1937 1643 1921 1627 1938 1644 1938 1644 1921 1627 1922 1628 1938 1644 1922 1628 1939 1645 1939 1645 1922 1628 1923 1629 1939 1645 1923 1629 1940 1646 1940 1646 1923 1629 1924 1630 1940 1646 1924 1630 1941 1647 1941 1647 1924 1630 1925 1631 1941 1647 1925 1631 1942 1648 1942 1648 1925 1631 1926 1632 1942 1648 1926 1632 1943 1649 1943 1649 1926 1632 1927 1633 1943 1649 1927 1633 1944 1650 1944 1650 1927 1633 1928 1634 1944 1650 1928 1634 1945 1651 1945 1651 1928 1634 1929 1635 1945 1651 1929 1635 1946 1652 1946 1652 1929 1635 1930 1636 1946 1652 1930 1636 1947 1653 1947 1653 1930 1636 1931 1637 1947 1653 1931 1637 1948 1654 1948 1654 1931 1637 1932 1638 1948 1654 1932 1638 1949 1655 1949 1655 1932 1638 1933 1639 1949 1655 1933 1639 1950 1656 1950 1656 1933 1639 1934 1640 1950 1656 1934 1640 1951 1657 1951 1657 1934 1640 1935 1641 1951 1657 1935 1641 1952 1658 1952 1658 1935 1641 1727 1449 1952 1658 1727 1449 1726 1448 1780 1469 1783 1471 1778 1659 1778 1659 1783 1471 1936 1642 1778 1659 1936 1642 1776 1660 1776 1660 1936 1642 1937 1643 1776 1660 1937 1643 1774 1661 1774 1661 1937 1643 1938 1644 1774 1661 1938 1644 1772 1662 1772 1662 1938 1644 1939 1645 1772 1662 1939 1645 1770 1663 1770 1663 1939 1645 1940 1646 1770 1663 1940 1646 1768 1664 1768 1664 1940 1646 1941 1647 1768 1664 1941 1647 1766 1665 1766 1665 1941 1647 1942 1648 1766 1665 1942 1648 1764 1666 1764 1666 1942 1648 1943 1649 1764 1666 1943 1649 1762 1667 1762 1667 1943 1649 1944 1650 1762 1667 1944 1650 1760 1668 1760 1668 1944 1650 1945 1651 1760 1668 1945 1651 1758 1669 1758 1669 1945 1651 1946 1652 1758 1669 1946 1652 1756 1670 1756 1670 1946 1652 1947 1653 1756 1670 1947 1653 1754 1671 1754 1671 1947 1653 1948 1654 1754 1671 1948 1654 1752 1672 1752 1672 1948 1654 1949 1655 1752 1672 1949 1655 1750 1673 1750 1673 1949 1655 1950 1656 1750 1673 1950 1656 1748 1674 1748 1674 1950 1656 1951 1657 1748 1674 1951 1657 1746 1675 1746 1675 1951 1657 1952 1658 1746 1675 1952 1658 1744 1676 1744 1676 1952 1658 1726 1448 1744 1676 1726 1448 1725 1447 1218 1677 1953 1678 1954 1679 1953 1678 1955 1680 1956 1681 1955 1680 1957 1682 1958 1683 1957 1682 1959 1684 1960 1685 1959 1684 1961 1686 1962 1687 1961 1686 1963 1688 1964 1689 1963 1688 1965 1690 1966 1691 1965 1690 1967 1692 1968 1693 1967 1692 1969 1694 1970 1695 1969 1694 1781 1696 1779 1697 1969 1694 1779 1697 1970 1695 1970 1695 1779 1697 1777 1698 1970 1695 1777 1698 1971 1699 1971 1699 1777 1698 1775 1700 1971 1699 1775 1700 1972 1701 1972 1701 1775 1700 1773 1702 1972 1701 1773 1702 1973 1703 1973 1703 1773 1702 1771 1704 1973 1703 1771 1704 1974 1705 1974 1705 1771 1704 1769 1706 1974 1705 1769 1706 1975 1707 1975 1707 1769 1706 1767 1708 1975 1707 1767 1708 1976 1709 1976 1709 1767 1708 1765 1710 1976 1709 1765 1710 1977 1711 1977 1711 1765 1710 1763 1712 1977 1711 1763 1712 1978 1713 1978 1713 1761 1714 1979 1715 1979 1715 1761 1714 1759 1716 1979 1715 1759 1716 1980 1717 1980 1717 1759 1716 1757 1718 1980 1717 1757 1718 1981 1719 1981 1719 1757 1718 1755 1720 1981 1719 1755 1720 1982 1721 1982 1721 1755 1720 1753 1722 1982 1721 1753 1722 1983 1723 1983 1723 1753 1722 1751 1724 1983 1723 1751 1724 1984 1725 1984 1725 1751 1724 1749 1726 1984 1725 1749 1726 1985 1727 1985 1727 1749 1726 1747 1728 1985 1727 1747 1728 1986 1729 1986 1729 1747 1728 1745 1730 1986 1729 1745 1730 1987 1731 1987 1731 1745 1730 1724 1468 1987 1731 1724 1468 1743 1467 1967 1692 1970 1695 1968 1693 1968 1693 1970 1695 1971 1699 1968 1693 1971 1699 1988 1732 1988 1732 1971 1699 1972 1701 1988 1732 1972 1701 1989 1733 1989 1733 1972 1701 1973 1703 1989 1733 1973 1703 1990 1734 1990 1734 1973 1703 1974 1705 1990 1734 1974 1705 1991 1735 1991 1735 1974 1705 1975 1707 1991 1735 1975 1707 1992 1736 1992 1736 1975 1707 1976 1709 1992 1736 1976 1709 1993 1737 1993 1737 1976 1709 1977 1711 1993 1737 1977 1711 1994 1738 1994 1738 1977 1711 1978 1713 1994 1738 1978 1713 1995 1739 1995 1739 1978 1713 1979 1715 1995 1739 1979 1715 1996 1740 1996 1740 1979 1715 1980 1717 1996 1740 1980 1717 1997 1741 1997 1741 1980 1717 1981 1719 1997 1741 1981 1719 1998 1742 1998 1742 1981 1719 1982 1721 1998 1742 1982 1721 1999 1743 1999 1743 1982 1721 1983 1723 1999 1743 1983 1723 2000 1744 2000 1744 1983 1723 1984 1725 2000 1744 1984 1725 2001 1745 2001 1745 1984 1725 1985 1727 2001 1745 1985 1727 2002 1746 2002 1746 1985 1727 1986 1729 2002 1746 1986 1729 2003 1747 2003 1747 1986 1729 1987 1731 2003 1747 1987 1731 2004 1748 2004 1748 1987 1731 1743 1467 2004 1748 1743 1467 1742 1466 1965 1690 1968 1693 1966 1691 1966 1691 1968 1693 1988 1732 1966 1691 1988 1732 2005 1749 2005 1749 1988 1732 1989 1733 2005 1749 1989 1733 2006 1750 2006 1750 1989 1733 1990 1734 2006 1750 1990 1734 2007 1751 2007 1751 1990 1734 1991 1735 2007 1751 1991 1735 2008 1752 2008 1752 1991 1735 1992 1736 2008 1752 1992 1736 2009 1753 2009 1753 1992 1736 1993 1737 2009 1753 1993 1737 2010 1754 2010 1754 1993 1737 1994 1738 2010 1754 1994 1738 2011 1755 2011 1755 1994 1738 1995 1739 2011 1755 1995 1739 2012 1756 2012 1756 1995 1739 1996 1740 2012 1756 1996 1740 2013 1757 2013 1757 1996 1740 1997 1741 2013 1757 1997 1741 2014 1758 2014 1758 1997 1741 1998 1742 2014 1758 1998 1742 2015 1759 2015 1759 1998 1742 1999 1743 2015 1759 1999 1743 2016 1760 2016 1760 1999 1743 2000 1744 2016 1760 2000 1744 2017 1761 2017 1761 2000 1744 2001 1745 2017 1761 2001 1745 2018 1762 2018 1762 2001 1745 2002 1746 2018 1762 2002 1746 2019 1763 2019 1763 2002 1746 2003 1747 2019 1763 2003 1747 2020 1764 2020 1764 2003 1747 2004 1748 2020 1764 2004 1748 2021 1765 2021 1765 2004 1748 1742 1466 2021 1765 1742 1466 1741 1465 1963 1688 1966 1691 1964 1689 1964 1689 1966 1691 2005 1749 1964 1689 2005 1749 2022 1766 2022 1766 2005 1749 2006 1750 2022 1766 2006 1750 2023 1767 2023 1767 2006 1750 2007 1751 2023 1767 2007 1751 2024 1768 2024 1768 2007 1751 2008 1752 2024 1768 2008 1752 2025 1769 2025 1769 2008 1752 2009 1753 2025 1769 2009 1753 2026 1770 2026 1770 2009 1753 2010 1754 2026 1770 2010 1754 2027 1771 2027 1771 2010 1754 2011 1755 2027 1771 2011 1755 2028 1772 2028 1772 2011 1755 2012 1756 2028 1772 2012 1756 2029 1773 2029 1773 2012 1756 2013 1757 2029 1773 2013 1757 2030 1774 2030 1774 2013 1757 2014 1758 2030 1774 2014 1758 2031 1775 2031 1775 2014 1758 2015 1759 2031 1775 2015 1759 2032 1776 2032 1776 2015 1759 2016 1760 2032 1776 2016 1760 2033 1777 2033 1777 2016 1760 2017 1761 2033 1777 2017 1761 2034 1778 2034 1778 2017 1761 2018 1762 2034 1778 2018 1762 2035 1779 2035 1779 2018 1762 2019 1763 2035 1779 2019 1763 2036 1780 2036 1780 2019 1763 2020 1764 2036 1780 2020 1764 2037 1781 2037 1781 2020 1764 2021 1765 2037 1781 2021 1765 2038 1782 2038 1782 2021 1765 1741 1465 2038 1782 1741 1465 1740 1464 1961 1686 1964 1689 1962 1687 1962 1687 1964 1689 2022 1766 1962 1687 2022 1766 2039 1783 2039 1783 2022 1766 2023 1767 2039 1783 2023 1767 2040 1784 2040 1784 2023 1767 2024 1768 2040 1784 2024 1768 2041 1785 2041 1785 2024 1768 2025 1769 2041 1785 2025 1769 2042 1786 2042 1786 2025 1769 2026 1770 2042 1786 2026 1770 2043 1787 2043 1787 2026 1770 2027 1771 2043 1787 2027 1771 2044 1788 2044 1788 2027 1771 2028 1772 2044 1788 2028 1772 2045 1789 2045 1789 2028 1772 2029 1773 2045 1789 2029 1773 2046 1790 2046 1790 2029 1773 2030 1774 2046 1790 2030 1774 2047 1791 2047 1791 2030 1774 2031 1775 2047 1791 2031 1775 2048 1792 2048 1792 2031 1775 2032 1776 2048 1792 2032 1776 2049 1793 2049 1793 2032 1776 2033 1777 2049 1793 2033 1777 2050 1794 2050 1794 2033 1777 2034 1778 2050 1794 2034 1778 2051 1795 2051 1795 2034 1778 2035 1779 2051 1795 2035 1779 2052 1796 2052 1796 2035 1779 2036 1780 2052 1796 2036 1780 2053 1797 2053 1797 2036 1780 2037 1781 2053 1797 2037 1781 2054 1798 2054 1798 2037 1781 2038 1782 2054 1798 2038 1782 2055 1799 2055 1799 2038 1782 1740 1464 2055 1799 1740 1464 1739 1463 1959 1684 1962 1687 1960 1685 1960 1685 1962 1687 2039 1783 1960 1685 2039 1783 2056 1800 2056 1800 2039 1783 2040 1784 2056 1800 2040 1784 2057 1801 2057 1801 2040 1784 2041 1785 2057 1801 2041 1785 2058 1802 2058 1802 2041 1785 2042 1786 2058 1802 2042 1786 2059 1803 2059 1803 2042 1786 2043 1787 2059 1803 2043 1787 2060 1804 2060 1804 2043 1787 2044 1788 2060 1804 2044 1788 2061 1805 2061 1805 2044 1788 2045 1789 2061 1805 2045 1789 2062 1806 2062 1806 2045 1789 2046 1790 2062 1806 2046 1790 2063 1807 2063 1807 2046 1790 2047 1791 2063 1807 2047 1791 2064 1808 2064 1808 2047 1791 2048 1792 2064 1808 2048 1792 2065 1809 2065 1809 2048 1792 2049 1793 2065 1809 2049 1793 2066 1810 2066 1810 2049 1793 2050 1794 2066 1810 2050 1794 2067 1811 2067 1811 2050 1794 2051 1795 2067 1811 2051 1795 2068 1812 2068 1812 2051 1795 2052 1796 2068 1812 2052 1796 2069 1813 2069 1813 2052 1796 2053 1797 2069 1813 2053 1797 2070 1814 2070 1814 2053 1797 2054 1798 2070 1814 2054 1798 2071 1815 2071 1815 2054 1798 2055 1799 2071 1815 2055 1799 2072 1816 2072 1816 2055 1799 1739 1463 2072 1816 1739 1463 1738 1462 1957 1682 1960 1685 1958 1683 1958 1683 1960 1685 2056 1800 1958 1683 2056 1800 2073 1817 2073 1817 2056 1800 2057 1801 2073 1817 2057 1801 2074 1818 2074 1818 2057 1801 2058 1802 2074 1818 2058 1802 2075 1819 2075 1819 2058 1802 2059 1803 2075 1819 2059 1803 2076 1820 2076 1820 2059 1803 2060 1804 2076 1820 2060 1804 2077 1821 2077 1821 2060 1804 2061 1805 2077 1821 2061 1805 2078 1822 2078 1822 2061 1805 2062 1806 2078 1822 2062 1806 2079 1823 2079 1823 2062 1806 2063 1807 2079 1823 2063 1807 2080 1824 2080 1824 2063 1807 2064 1808 2080 1824 2064 1808 2081 1825 2081 1825 2064 1808 2065 1809 2081 1825 2065 1809 2082 1826 2082 1826 2065 1809 2066 1810 2082 1826 2066 1810 2083 1827 2083 1827 2066 1810 2067 1811 2083 1827 2067 1811 2084 1828 2084 1828 2067 1811 2068 1812 2084 1828 2068 1812 2085 1829 2085 1829 2068 1812 2069 1813 2085 1829 2069 1813 2086 1830 2086 1830 2069 1813 2070 1814 2086 1830 2070 1814 2087 1831 2087 1831 2070 1814 2071 1815 2087 1831 2071 1815 2088 1832 2088 1832 2071 1815 2072 1816 2088 1832 2072 1816 2089 1833 2089 1833 2072 1816 1738 1462 2089 1833 1738 1462 1737 1461 1955 1680 1958 1683 1956 1681 1956 1681 1958 1683 2073 1817 1956 1681 2073 1817 2090 1834 2090 1834 2073 1817 2074 1818 2090 1834 2074 1818 2091 1835 2091 1835 2074 1818 2075 1819 2091 1835 2075 1819 2092 1836 2092 1836 2075 1819 2076 1820 2092 1836 2076 1820 2093 1837 2093 1837 2076 1820 2077 1821 2093 1837 2077 1821 2094 1838 2094 1838 2077 1821 2078 1822 2094 1838 2078 1822 2095 1839 2095 1839 2078 1822 2079 1823 2095 1839 2079 1823 2096 1840 2096 1840 2079 1823 2080 1824 2096 1840 2080 1824 2097 1841 2097 1841 2080 1824 2081 1825 2097 1841 2081 1825 2098 1842 2098 1842 2081 1825 2082 1826 2098 1842 2082 1826 2099 1843 2099 1843 2082 1826 2083 1827 2099 1843 2083 1827 2100 1844 2100 1844 2083 1827 2084 1828 2100 1844 2084 1828 2101 1845 2101 1845 2084 1828 2085 1829 2101 1845 2085 1829 2102 1846 2102 1846 2085 1829 2086 1830 2102 1846 2086 1830 2103 1847 2103 1847 2086 1830 2087 1831 2103 1847 2087 1831 2104 1848 2104 1848 2087 1831 2088 1832 2104 1848 2088 1832 2105 1849 2105 1849 2088 1832 2089 1833 2105 1849 2089 1833 2106 1850 2106 1850 2089 1833 1737 1461 2106 1850 1737 1461 1736 1460 1953 1678 1956 1681 1954 1679 1954 1679 1956 1681 2090 1834 1954 1679 2090 1834 2107 1851 2107 1851 2090 1834 2091 1835 2107 1851 2091 1835 2108 1852 2108 1852 2091 1835 2092 1836 2108 1852 2092 1836 2109 1853 2109 1853 2092 1836 2093 1837 2109 1853 2093 1837 2110 1854 2110 1854 2093 1837 2094 1838 2110 1854 2094 1838 2111 1855 2111 1855 2094 1838 2095 1839 2111 1855 2095 1839 2112 1856 2112 1856 2095 1839 2096 1840 2112 1856 2096 1840 2113 1857 2113 1857 2096 1840 2097 1841 2113 1857 2097 1841 2114 1858 2114 1858 2097 1841 2098 1842 2114 1858 2098 1842 2115 1859 2115 1859 2098 1842 2099 1843 2115 1859 2099 1843 2116 1860 2116 1860 2099 1843 2100 1844 2116 1860 2100 1844 2117 1861 2117 1861 2100 1844 2101 1845 2117 1861 2101 1845 2118 1862 2118 1862 2101 1845 2102 1846 2118 1862 2102 1846 2119 1863 2119 1863 2102 1846 2103 1847 2119 1863 2103 1847 2120 1864 2120 1864 2103 1847 2104 1848 2120 1864 2104 1848 2121 1865 2121 1865 2104 1848 2105 1849 2121 1865 2105 1849 2122 1866 2122 1866 2105 1849 2106 1850 2122 1866 2106 1850 2123 1867 2123 1867 2106 1850 1736 1460 2123 1867 1736 1460 1735 1459 1218 1677 1954 1679 1222 1868 1222 1868 1954 1679 2107 1851 1222 1868 2107 1851 1224 1869 1224 1869 2107 1851 2108 1852 1224 1869 2108 1852 1115 1870 1115 1870 2108 1852 2109 1853 1115 1870 2109 1853 1119 1871 1119 1871 2109 1853 2110 1854 1119 1871 2110 1854 1121 1872 1121 1872 2110 1854 2111 1855 1121 1872 2111 1855 1139 1873 1139 1873 2111 1855 2112 1856 1139 1873 2112 1856 1141 1874 1141 1874 2112 1856 2113 1857 1141 1874 2113 1857 1137 1875 1137 1875 2113 1857 2114 1858 1137 1875 2114 1858 1050 1876 1050 1876 2114 1858 2115 1859 1052 1877 2115 1859 2116 1860 1052 1877 2116 1860 1054 1878 1054 1878 2116 1860 2117 1861 1054 1878 2117 1861 1056 1879 1056 1879 2117 1861 2118 1862 1056 1879 2118 1862 1123 1880 1123 1880 2118 1862 2119 1863 1123 1880 2119 1863 1125 1881 1125 1881 2119 1863 2120 1864 1125 1881 2120 1864 1127 1882 1127 1882 2120 1864 2121 1865 1127 1882 2121 1865 1015 1883 1015 1883 2121 1865 2122 1866 1015 1883 2122 1866 1017 1884 1017 1884 2122 1866 2123 1867 1017 1884 2123 1867 1143 1885 1143 1885 2123 1867 1735 1459 1143 1885 1735 1459 1145 1458 1780 1469 2125 1886 2126 1887 1780 1469 2126 1887 1782 1470 1782 1470 2126 1887 2127 1888 1782 1470 2127 1888 1784 1472 1784 1472 2127 1888 2128 1889 1784 1472 2128 1889 1786 1474 1786 1474 2128 1889 2129 1890 1786 1474 2129 1890 1788 1476 1788 1476 2129 1890 2130 1891 1788 1476 2130 1891 1790 1478 1790 1478 2130 1891 2131 1892 1790 1478 2131 1892 1792 1480 1792 1480 2131 1892 2132 1893 1792 1480 2132 1893 1794 1482 1794 1482 2132 1893 2133 1894 1794 1482 2133 1894 1796 1484 1796 1484 2133 1894 2134 1895 1796 1484 2134 1895 1798 1486 1798 1486 2134 1895 1082 1896 1798 1486 1082 1896 1062 1897 1218 1677 1214 1898 2135 1899 1218 1677 2135 1899 1953 1678 1953 1678 2135 1899 2136 1900 1953 1678 2136 1900 1955 1680 1955 1680 2136 1900 2137 1901 1955 1680 2137 1901 1957 1682 1957 1682 2137 1901 2138 1902 1957 1682 2138 1902 1959 1684 1959 1684 2138 1902 2139 1903 1959 1684 2139 1903 1961 1686 1961 1686 2139 1903 2140 1904 1961 1686 2140 1904 1963 1688 1963 1688 2140 1904 2141 1905 1963 1688 2141 1905 1965 1690 1965 1690 2141 1905 2142 1906 1965 1690 2142 1906 1967 1692 1967 1692 2142 1906 2143 1907 1967 1692 2143 1907 1969 1694 1969 1694 2143 1907 2124 1908 1969 1694 2124 1908 1781 1696 2145 1909 2182 1910 2183 1911 2182 1910 2184 1912 2185 1913 2184 1912 2186 1914 2187 1915 2186 1914 2188 1916 2189 1917 2188 1916 2190 1918 2191 1919 2190 1918 2192 1920 2193 1921 2192 1920 2194 1922 2195 1923 2194 1922 2196 1924 2197 1925 2196 1924 2198 1926 2199 1927 2198 1926 1037 1928 1035 1929 2198 1926 1035 1929 2199 1927 2199 1927 1035 1929 934 1930 2199 1927 934 1930 2200 1931 2200 1931 934 1930 932 1932 2200 1931 932 1932 2201 1933 2201 1933 932 1932 1033 1934 2201 1933 1033 1934 2202 1935 2202 1935 1033 1934 1031 1936 2202 1935 1031 1936 2203 1937 2203 1937 1031 1936 1029 1938 2203 1937 1029 1938 2204 1939 2204 1939 1029 1938 1009 1940 2204 1939 1009 1940 2205 1941 2205 1941 1009 1940 1007 1942 2205 1941 1007 1942 2206 1943 2206 1943 1007 1942 1027 1944 2206 1943 1027 1944 2207 1945 2207 1945 1027 1944 1025 1946 2207 1945 1025 1946 2208 1947 2208 1947 1025 1946 944 1948 2208 1947 944 1948 2209 1949 2209 1949 944 1948 942 1950 2209 1949 942 1950 2210 1951 2210 1951 942 1950 1023 1952 2210 1951 1023 1952 2211 1953 2211 1953 1023 1952 1021 1954 2211 1953 1021 1954 2212 1955 2212 1955 1021 1954 1019 1956 2212 1955 1019 1956 2213 1957 2213 1957 1019 1956 988 1958 2213 1957 988 1958 2214 1959 2214 1959 988 1958 926 1960 2214 1959 926 1960 2215 1961 2215 1961 926 1960 930 1962 2215 1961 930 1962 2216 1963 2216 1963 1082 1896 2134 1895 2196 1924 2199 1927 2197 1925 2197 1925 2199 1927 2200 1931 2197 1925 2200 1931 2217 1964 2217 1964 2200 1931 2201 1933 2217 1964 2201 1933 2218 1965 2218 1965 2201 1933 2202 1935 2218 1965 2202 1935 2219 1966 2219 1966 2202 1935 2203 1937 2219 1966 2203 1937 2220 1967 2220 1967 2203 1937 2204 1939 2220 1967 2204 1939 2221 1968 2221 1968 2204 1939 2205 1941 2221 1968 2205 1941 2222 1969 2222 1969 2205 1941 2206 1943 2222 1969 2206 1943 2223 1970 2223 1970 2206 1943 2207 1945 2223 1970 2207 1945 2224 1971 2224 1971 2207 1945 2208 1947 2224 1971 2208 1947 2225 1972 2225 1972 2208 1947 2209 1949 2225 1972 2209 1949 2226 1973 2226 1973 2209 1949 2210 1951 2226 1973 2210 1951 2227 1974 2227 1974 2210 1951 2211 1953 2227 1974 2211 1953 2228 1975 2228 1975 2211 1953 2212 1955 2228 1975 2212 1955 2229 1976 2229 1976 2212 1955 2213 1957 2229 1976 2213 1957 2230 1977 2230 1977 2213 1957 2214 1959 2230 1977 2214 1959 2231 1978 2231 1978 2214 1959 2215 1961 2231 1978 2215 1961 2232 1979 2232 1979 2215 1961 2216 1963 2232 1979 2216 1963 2233 1980 2233 1980 2216 1963 2134 1895 2233 1980 2134 1895 2133 1894 2194 1922 2197 1925 2195 1923 2195 1923 2197 1925 2217 1964 2195 1923 2217 1964 2234 1981 2234 1981 2217 1964 2218 1965 2234 1981 2218 1965 2235 1982 2235 1982 2218 1965 2219 1966 2235 1982 2219 1966 2236 1983 2236 1983 2219 1966 2220 1967 2236 1983 2220 1967 2237 1984 2237 1984 2220 1967 2221 1968 2237 1984 2221 1968 2238 1985 2238 1985 2221 1968 2222 1969 2238 1985 2222 1969 2239 1986 2239 1986 2222 1969 2223 1970 2239 1986 2223 1970 2240 1987 2240 1987 2223 1970 2224 1971 2240 1987 2224 1971 2241 1988 2241 1988 2224 1971 2225 1972 2241 1988 2225 1972 2242 1989 2242 1989 2225 1972 2226 1973 2242 1989 2226 1973 2243 1990 2243 1990 2226 1973 2227 1974 2243 1990 2227 1974 2244 1991 2244 1991 2227 1974 2228 1975 2244 1991 2228 1975 2245 1992 2245 1992 2228 1975 2229 1976 2245 1992 2229 1976 2246 1993 2246 1993 2229 1976 2230 1977 2246 1993 2230 1977 2247 1994 2247 1994 2230 1977 2231 1978 2247 1994 2231 1978 2248 1995 2248 1995 2231 1978 2232 1979 2248 1995 2232 1979 2249 1996 2249 1996 2232 1979 2233 1980 2249 1996 2233 1980 2250 1997 2250 1997 2233 1980 2133 1894 2250 1997 2133 1894 2132 1893 2192 1920 2195 1923 2193 1921 2193 1921 2195 1923 2234 1981 2193 1921 2234 1981 2251 1998 2251 1998 2234 1981 2235 1982 2251 1998 2235 1982 2252 1999 2252 1999 2235 1982 2236 1983 2252 1999 2236 1983 2253 2000 2253 2000 2236 1983 2237 1984 2253 2000 2237 1984 2254 2001 2254 2001 2237 1984 2238 1985 2254 2001 2238 1985 2255 2002 2255 2002 2238 1985 2239 1986 2255 2002 2239 1986 2256 2003 2256 2003 2239 1986 2240 1987 2256 2003 2240 1987 2257 2004 2257 2004 2240 1987 2241 1988 2257 2004 2241 1988 2258 2005 2258 2005 2241 1988 2242 1989 2258 2005 2242 1989 2259 2006 2259 2006 2242 1989 2243 1990 2259 2006 2243 1990 2260 2007 2260 2007 2243 1990 2244 1991 2260 2007 2244 1991 2261 2008 2261 2008 2244 1991 2245 1992 2261 2008 2245 1992 2262 2009 2262 2009 2245 1992 2246 1993 2262 2009 2246 1993 2263 2010 2263 2010 2246 1993 2247 1994 2263 2010 2247 1994 2264 2011 2264 2011 2247 1994 2248 1995 2264 2011 2248 1995 2265 2012 2265 2012 2248 1995 2249 1996 2265 2012 2249 1996 2266 2013 2266 2013 2249 1996 2250 1997 2266 2013 2250 1997 2267 2014 2267 2014 2250 1997 2132 1893 2267 2014 2132 1893 2131 1892 2190 1918 2193 1921 2191 1919 2191 1919 2193 1921 2251 1998 2191 1919 2251 1998 2268 2015 2268 2015 2251 1998 2252 1999 2268 2015 2252 1999 2269 2016 2269 2016 2252 1999 2253 2000 2269 2016 2253 2000 2270 2017 2270 2017 2253 2000 2254 2001 2270 2017 2254 2001 2271 2018 2271 2018 2254 2001 2255 2002 2271 2018 2255 2002 2272 2019 2272 2019 2255 2002 2256 2003 2272 2019 2256 2003 2273 2020 2273 2020 2256 2003 2257 2004 2273 2020 2257 2004 2274 2021 2274 2021 2257 2004 2258 2005 2274 2021 2258 2005 2275 2022 2275 2022 2258 2005 2259 2006 2275 2022 2259 2006 2276 2023 2276 2023 2259 2006 2260 2007 2276 2023 2260 2007 2277 2024 2277 2024 2260 2007 2261 2008 2277 2024 2261 2008 2278 2025 2278 2025 2261 2008 2262 2009 2278 2025 2262 2009 2279 2026 2279 2026 2262 2009 2263 2010 2279 2026 2263 2010 2280 2027 2280 2027 2263 2010 2264 2011 2280 2027 2264 2011 2281 2028 2281 2028 2264 2011 2265 2012 2281 2028 2265 2012 2282 2029 2282 2029 2265 2012 2266 2013 2282 2029 2266 2013 2283 2030 2283 2030 2266 2013 2267 2014 2283 2030 2267 2014 2284 2031 2284 2031 2267 2014 2131 1892 2284 2031 2131 1892 2130 1891 2188 1916 2191 1919 2189 1917 2189 1917 2191 1919 2268 2015 2189 1917 2268 2015 2285 2032 2285 2032 2268 2015 2269 2016 2285 2032 2269 2016 2286 2033 2286 2033 2269 2016 2270 2017 2286 2033 2270 2017 2287 2034 2287 2034 2270 2017 2271 2018 2287 2034 2271 2018 2288 2035 2288 2035 2271 2018 2272 2019 2288 2035 2272 2019 2289 2036 2289 2036 2272 2019 2273 2020 2289 2036 2273 2020 2290 2037 2290 2037 2273 2020 2274 2021 2290 2037 2274 2021 2291 2038 2291 2038 2274 2021 2275 2022 2291 2038 2275 2022 2292 2039 2292 2039 2275 2022 2276 2023 2292 2039 2276 2023 2293 2040 2293 2040 2276 2023 2277 2024 2293 2040 2277 2024 2294 2041 2294 2041 2277 2024 2278 2025 2294 2041 2278 2025 2295 2042 2295 2042 2278 2025 2279 2026 2295 2042 2279 2026 2296 2043 2296 2043 2279 2026 2280 2027 2296 2043 2280 2027 2297 2044 2297 2044 2280 2027 2281 2028 2297 2044 2281 2028 2298 2045 2298 2045 2281 2028 2282 2029 2298 2045 2282 2029 2299 2046 2299 2046 2282 2029 2283 2030 2299 2046 2283 2030 2300 2047 2300 2047 2283 2030 2284 2031 2300 2047 2284 2031 2301 2048 2301 2048 2284 2031 2130 1891 2301 2048 2130 1891 2129 1890 2186 1914 2189 1917 2187 1915 2187 1915 2189 1917 2285 2032 2187 1915 2285 2032 2302 2049 2302 2049 2285 2032 2286 2033 2302 2049 2286 2033 2303 2050 2303 2050 2286 2033 2287 2034 2303 2050 2287 2034 2304 2051 2304 2051 2287 2034 2288 2035 2304 2051 2288 2035 2305 2052 2305 2052 2288 2035 2289 2036 2305 2052 2289 2036 2306 2053 2306 2053 2289 2036 2290 2037 2306 2053 2290 2037 2307 2054 2307 2054 2290 2037 2291 2038 2307 2054 2291 2038 2308 2055 2308 2055 2291 2038 2292 2039 2308 2055 2292 2039 2309 2056 2309 2056 2292 2039 2293 2040 2309 2056 2293 2040 2310 2057 2310 2057 2293 2040 2294 2041 2310 2057 2294 2041 2311 2058 2311 2058 2294 2041 2295 2042 2311 2058 2295 2042 2312 2059 2312 2059 2295 2042 2296 2043 2312 2059 2296 2043 2313 2060 2313 2060 2296 2043 2297 2044 2313 2060 2297 2044 2314 2061 2314 2061 2297 2044 2298 2045 2314 2061 2298 2045 2315 2062 2315 2062 2298 2045 2299 2046 2315 2062 2299 2046 2316 2063 2316 2063 2299 2046 2300 2047 2316 2063 2300 2047 2317 2064 2317 2064 2300 2047 2301 2048 2317 2064 2301 2048 2318 2065 2318 2065 2301 2048 2129 1890 2318 2065 2129 1890 2128 1889 2184 1912 2187 1915 2185 1913 2185 1913 2187 1915 2302 2049 2185 1913 2302 2049 2319 2066 2319 2066 2302 2049 2303 2050 2319 2066 2303 2050 2320 2067 2320 2067 2303 2050 2304 2051 2320 2067 2304 2051 2321 2068 2321 2068 2304 2051 2305 2052 2321 2068 2305 2052 2322 2069 2322 2069 2305 2052 2306 2053 2322 2069 2306 2053 2323 2070 2323 2070 2306 2053 2307 2054 2323 2070 2307 2054 2324 2071 2324 2071 2307 2054 2308 2055 2324 2071 2308 2055 2325 2072 2325 2072 2308 2055 2309 2056 2325 2072 2309 2056 2326 2073 2326 2073 2309 2056 2310 2057 2326 2073 2310 2057 2327 2074 2327 2074 2310 2057 2311 2058 2327 2074 2311 2058 2328 2075 2328 2075 2311 2058 2312 2059 2328 2075 2312 2059 2329 2076 2329 2076 2312 2059 2313 2060 2329 2076 2313 2060 2330 2077 2330 2077 2313 2060 2314 2061 2330 2077 2314 2061 2331 2078 2331 2078 2314 2061 2315 2062 2331 2078 2315 2062 2332 2079 2332 2079 2315 2062 2316 2063 2332 2079 2316 2063 2333 2080 2333 2080 2316 2063 2317 2064 2333 2080 2317 2064 2334 2081 2334 2081 2317 2064 2318 2065 2334 2081 2318 2065 2335 2082 2335 2082 2318 2065 2128 1889 2335 2082 2128 1889 2127 1888 2182 1910 2185 1913 2183 1911 2183 1911 2185 1913 2319 2066 2183 1911 2319 2066 2336 2083 2336 2083 2319 2066 2320 2067 2336 2083 2320 2067 2337 2084 2337 2084 2320 2067 2321 2068 2337 2084 2321 2068 2338 2085 2338 2085 2321 2068 2322 2069 2338 2085 2322 2069 2339 2086 2339 2086 2322 2069 2323 2070 2339 2086 2323 2070 2340 2087 2340 2087 2323 2070 2324 2071 2340 2087 2324 2071 2341 2088 2341 2088 2324 2071 2325 2072 2341 2088 2325 2072 2342 2089 2342 2089 2325 2072 2326 2073 2342 2089 2326 2073 2343 2090 2343 2090 2326 2073 2327 2074 2343 2090 2327 2074 2344 2091 2344 2091 2327 2074 2328 2075 2344 2091 2328 2075 2345 2092 2345 2092 2328 2075 2329 2076 2345 2092 2329 2076 2346 2093 2346 2093 2329 2076 2330 2077 2346 2093 2330 2077 2347 2094 2347 2094 2330 2077 2331 2078 2347 2094 2331 2078 2348 2095 2348 2095 2331 2078 2332 2079 2348 2095 2332 2079 2349 2096 2349 2096 2332 2079 2333 2080 2349 2096 2333 2080 2350 2097 2350 2097 2333 2080 2334 2081 2350 2097 2334 2081 2351 2098 2351 2098 2334 2081 2335 2082 2351 2098 2335 2082 2352 2099 2352 2099 2335 2082 2127 1888 2352 2099 2127 1888 2126 1887 2145 1909 2183 1911 2147 2100 2147 2100 2183 1911 2336 2083 2147 2100 2336 2083 2149 2101 2149 2101 2336 2083 2337 2084 2149 2101 2337 2084 2151 2102 2151 2102 2337 2084 2338 2085 2151 2102 2338 2085 2153 2103 2153 2103 2338 2085 2339 2086 2153 2103 2339 2086 2155 2104 2155 2104 2339 2086 2340 2087 2155 2104 2340 2087 2157 2105 2157 2105 2340 2087 2341 2088 2157 2105 2341 2088 2159 2106 2159 2106 2341 2088 2342 2089 2159 2106 2342 2089 2161 2107 2161 2107 2342 2089 2343 2090 2161 2107 2343 2090 2163 2108 2163 2108 2343 2090 2344 2091 2163 2108 2344 2091 2165 2109 2165 2109 2344 2091 2345 2092 2165 2109 2345 2092 2167 2110 2167 2110 2345 2092 2346 2093 2167 2110 2346 2093 2169 2111 2169 2111 2346 2093 2347 2094 2169 2111 2347 2094 2171 2112 2171 2112 2347 2094 2348 2095 2171 2112 2348 2095 2173 2113 2173 2113 2348 2095 2349 2096 2173 2113 2349 2096 2175 2114 2175 2114 2349 2096 2350 2097 2175 2114 2350 2097 2177 2115 2177 2115 2350 2097 2351 2098 2177 2115 2351 2098 2179 2116 2179 2116 2351 2098 2352 2099 2179 2116 2352 2099 2181 2117 2181 2117 2352 2099 2126 1887 2181 2117 2126 1887 2125 1886 2355 2118 2357 2119 2358 2120 2357 2119 2359 2121 2360 2122 2359 2121 2361 2123 2362 2124 2361 2123 2363 2125 2364 2126 2363 2125 2365 2127 2366 2128 2365 2127 2367 2129 2368 2130 2367 2129 2369 2131 2370 2132 2369 2131 2144 2133 2146 2134 2369 2131 2146 2134 2370 2132 2370 2132 2146 2134 2148 2135 2370 2132 2148 2135 2371 2136 2371 2136 2148 2135 2150 2137 2371 2136 2150 2137 2372 2138 2372 2138 2150 2137 2152 2139 2372 2138 2152 2139 2373 2140 2373 2140 2152 2139 2154 2141 2373 2140 2154 2141 2374 2142 2374 2142 2154 2141 2156 2143 2374 2142 2156 2143 2375 2144 2375 2144 2156 2143 2158 2145 2375 2144 2158 2145 2376 2146 2376 2146 2158 2145 2160 2147 2376 2146 2160 2147 2377 2148 2377 2148 2160 2147 2162 2149 2377 2148 2162 2149 2378 2150 2378 2150 2162 2149 2164 2151 2378 2150 2164 2151 2379 2152 2379 2152 2164 2151 2166 2153 2379 2152 2166 2153 2380 2154 2380 2154 2166 2153 2168 2155 2380 2154 2168 2155 2381 2156 2381 2156 2168 2155 2170 2157 2381 2156 2170 2157 2382 2158 2382 2158 2170 2157 2172 2159 2382 2158 2172 2159 2383 2160 2383 2160 2172 2159 2174 2161 2383 2160 2174 2161 2384 2162 2384 2162 2174 2161 2176 2163 2384 2162 2176 2163 2385 2164 2385 2164 2176 2163 2178 2165 2385 2164 2178 2165 2386 2166 2386 2166 2178 2165 2180 2167 2386 2166 2180 2167 2387 2168 2387 2168 2180 2167 2124 1908 2387 2168 2124 1908 2143 1907 2367 2129 2370 2132 2368 2130 2368 2130 2370 2132 2371 2136 2368 2130 2371 2136 2388 2169 2388 2169 2371 2136 2372 2138 2388 2169 2372 2138 2389 2170 2389 2170 2372 2138 2373 2140 2389 2170 2373 2140 2390 2171 2390 2171 2373 2140 2374 2142 2390 2171 2374 2142 2391 2172 2391 2172 2374 2142 2375 2144 2391 2172 2375 2144 2392 2173 2392 2173 2375 2144 2376 2146 2392 2173 2376 2146 2393 2174 2393 2174 2376 2146 2377 2148 2393 2174 2377 2148 2394 2175 2394 2175 2377 2148 2378 2150 2394 2175 2378 2150 2395 2176 2395 2176 2378 2150 2379 2152 2395 2176 2379 2152 2396 2177 2396 2177 2379 2152 2380 2154 2396 2177 2380 2154 2397 2178 2397 2178 2380 2154 2381 2156 2397 2178 2381 2156 2398 2179 2398 2179 2381 2156 2382 2158 2398 2179 2382 2158 2399 2180 2399 2180 2382 2158 2383 2160 2399 2180 2383 2160 2400 2181 2400 2181 2383 2160 2384 2162 2400 2181 2384 2162 2401 2182 2401 2182 2384 2162 2385 2164 2401 2182 2385 2164 2402 2183 2402 2183 2385 2164 2386 2166 2402 2183 2386 2166 2403 2184 2403 2184 2386 2166 2387 2168 2403 2184 2387 2168 2404 2185 2404 2185 2387 2168 2143 1907 2404 2185 2143 1907 2142 1906 2365 2127 2368 2130 2366 2128 2366 2128 2368 2130 2388 2169 2366 2128 2388 2169 2405 2186 2405 2186 2388 2169 2389 2170 2405 2186 2389 2170 2406 2187 2406 2187 2389 2170 2390 2171 2406 2187 2390 2171 2407 2188 2407 2188 2390 2171 2391 2172 2407 2188 2391 2172 2408 2189 2408 2189 2391 2172 2392 2173 2408 2189 2392 2173 2409 2190 2409 2190 2392 2173 2393 2174 2409 2190 2393 2174 2410 2191 2410 2191 2393 2174 2394 2175 2410 2191 2394 2175 2411 2192 2411 2192 2394 2175 2395 2176 2411 2192 2395 2176 2412 2193 2412 2193 2395 2176 2396 2177 2412 2193 2396 2177 2413 2194 2413 2194 2396 2177 2397 2178 2413 2194 2397 2178 2414 2195 2414 2195 2397 2178 2398 2179 2414 2195 2398 2179 2415 2196 2415 2196 2398 2179 2399 2180 2415 2196 2399 2180 2416 2197 2416 2197 2399 2180 2400 2181 2416 2197 2400 2181 2417 2198 2417 2198 2400 2181 2401 2182 2417 2198 2401 2182 2418 2199 2418 2199 2401 2182 2402 2183 2418 2199 2402 2183 2419 2200 2419 2200 2402 2183 2403 2184 2419 2200 2403 2184 2420 2201 2420 2201 2403 2184 2404 2185 2420 2201 2404 2185 2421 2202 2421 2202 2404 2185 2142 1906 2421 2202 2142 1906 2141 1905 2363 2125 2366 2128 2364 2126 2364 2126 2366 2128 2405 2186 2364 2126 2405 2186 2422 2203 2422 2203 2405 2186 2406 2187 2422 2203 2406 2187 2423 2204 2423 2204 2406 2187 2407 2188 2423 2204 2407 2188 2424 2205 2424 2205 2407 2188 2408 2189 2424 2205 2408 2189 2425 2206 2425 2206 2408 2189 2409 2190 2425 2206 2409 2190 2426 2207 2426 2207 2409 2190 2410 2191 2426 2207 2410 2191 2427 2208 2427 2208 2410 2191 2411 2192 2427 2208 2411 2192 2428 2209 2428 2209 2411 2192 2412 2193 2428 2209 2412 2193 2429 2210 2429 2210 2412 2193 2413 2194 2429 2210 2413 2194 2430 2211 2430 2211 2413 2194 2414 2195 2430 2211 2414 2195 2431 2212 2431 2212 2414 2195 2415 2196 2431 2212 2415 2196 2432 2213 2432 2213 2415 2196 2416 2197 2432 2213 2416 2197 2433 2214 2433 2214 2416 2197 2417 2198 2433 2214 2417 2198 2434 2215 2434 2215 2417 2198 2418 2199 2434 2215 2418 2199 2435 2216 2435 2216 2418 2199 2419 2200 2435 2216 2419 2200 2436 2217 2436 2217 2419 2200 2420 2201 2436 2217 2420 2201 2437 2218 2437 2218 2420 2201 2421 2202 2437 2218 2421 2202 2438 2219 2438 2219 2421 2202 2141 1905 2438 2219 2141 1905 2140 1904 2361 2123 2364 2126 2362 2124 2362 2124 2364 2126 2422 2203 2362 2124 2422 2203 2439 2220 2439 2220 2422 2203 2423 2204 2439 2220 2423 2204 2440 2221 2440 2221 2423 2204 2424 2205 2440 2221 2424 2205 2441 2222 2441 2222 2424 2205 2425 2206 2441 2222 2425 2206 2442 2223 2442 2223 2425 2206 2426 2207 2442 2223 2426 2207 2443 2224 2443 2224 2426 2207 2427 2208 2443 2224 2427 2208 2444 2225 2444 2225 2427 2208 2428 2209 2444 2225 2428 2209 2445 2226 2445 2226 2428 2209 2429 2210 2445 2226 2429 2210 2446 2227 2446 2227 2430 2211 2447 2228 2447 2228 2430 2211 2431 2212 2447 2228 2431 2212 2448 2229 2448 2229 2431 2212 2432 2213 2448 2229 2432 2213 2449 2230 2449 2230 2432 2213 2433 2214 2449 2230 2433 2214 2450 2231 2450 2231 2433 2214 2434 2215 2450 2231 2434 2215 2451 2232 2451 2232 2434 2215 2435 2216 2451 2232 2435 2216 2452 2233 2452 2233 2435 2216 2436 2217 2452 2233 2436 2217 2453 2234 2453 2234 2436 2217 2437 2218 2453 2234 2437 2218 2454 2235 2454 2235 2437 2218 2438 2219 2454 2235 2438 2219 2455 2236 2455 2236 2438 2219 2140 1904 2455 2236 2140 1904 2139 1903 2359 2121 2362 2124 2360 2122 2360 2122 2362 2124 2439 2220 2360 2122 2439 2220 2456 2237 2456 2237 2439 2220 2440 2221 2456 2237 2440 2221 2457 2238 2457 2238 2440 2221 2441 2222 2457 2238 2441 2222 2458 2239 2458 2239 2441 2222 2442 2223 2458 2239 2442 2223 2459 2240 2459 2240 2442 2223 2443 2224 2459 2240 2443 2224 2460 2241 2460 2241 2443 2224 2444 2225 2460 2241 2444 2225 2461 2242 2461 2242 2444 2225 2445 2226 2461 2242 2445 2226 2462 2243 2462 2243 2445 2226 2446 2227 2462 2243 2446 2227 2463 2244 2463 2244 2446 2227 2447 2228 2463 2244 2447 2228 2464 2245 2464 2245 2447 2228 2448 2229 2464 2245 2448 2229 2465 2246 2465 2246 2448 2229 2449 2230 2465 2246 2449 2230 2466 2247 2466 2247 2449 2230 2450 2231 2466 2247 2450 2231 2467 2248 2467 2248 2450 2231 2451 2232 2467 2248 2451 2232 2468 2249 2468 2249 2451 2232 2452 2233 2468 2249 2452 2233 2469 2250 2469 2250 2452 2233 2453 2234 2469 2250 2453 2234 2470 2251 2470 2251 2453 2234 2454 2235 2470 2251 2454 2235 2471 2252 2471 2252 2454 2235 2455 2236 2471 2252 2455 2236 2472 2253 2472 2253 2455 2236 2139 1903 2472 2253 2139 1903 2138 1902 2357 2119 2360 2122 2358 2120 2358 2120 2360 2122 2456 2237 2358 2120 2456 2237 2473 2254 2473 2254 2456 2237 2457 2238 2473 2254 2457 2238 2474 2255 2474 2255 2457 2238 2458 2239 2474 2255 2458 2239 2475 2256 2475 2256 2458 2239 2459 2240 2475 2256 2459 2240 2476 2257 2476 2257 2459 2240 2460 2241 2476 2257 2460 2241 2477 2258 2477 2258 2460 2241 2461 2242 2477 2258 2461 2242 2478 2259 2478 2259 2461 2242 2462 2243 2478 2259 2462 2243 2479 2260 2479 2260 2462 2243 2463 2244 2479 2260 2463 2244 2480 2261 2480 2261 2463 2244 2464 2245 2480 2261 2464 2245 2481 2262 2481 2262 2464 2245 2465 2246 2481 2262 2465 2246 2482 2263 2482 2263 2465 2246 2466 2247 2482 2263 2466 2247 2483 2264 2483 2264 2466 2247 2467 2248 2483 2264 2467 2248 2484 2265 2484 2265 2467 2248 2468 2249 2484 2265 2468 2249 2485 2266 2485 2266 2468 2249 2469 2250 2485 2266 2469 2250 2486 2267 2486 2267 2469 2250 2470 2251 2486 2267 2470 2251 2487 2268 2487 2268 2470 2251 2471 2252 2487 2268 2471 2252 2488 2269 2488 2269 2471 2252 2472 2253 2488 2269 2472 2253 2489 2270 2489 2270 2472 2253 2138 1902 2489 2270 2138 1902 2137 1901 2355 2118 2358 2120 2356 2271 2356 2271 2358 2120 2473 2254 2356 2271 2473 2254 2490 2272 2490 2272 2473 2254 2474 2255 2490 2272 2474 2255 2491 2273 2491 2273 2474 2255 2475 2256 2491 2273 2475 2256 2492 2274 2492 2274 2475 2256 2476 2257 2492 2274 2476 2257 2493 2275 2493 2275 2476 2257 2477 2258 2493 2275 2477 2258 2494 2276 2494 2276 2477 2258 2478 2259 2494 2276 2478 2259 2495 2277 2495 2277 2478 2259 2479 2260 2495 2277 2479 2260 2496 2278 2496 2278 2479 2260 2480 2261 2496 2278 2480 2261 2497 2279 2497 2279 2480 2261 2481 2262 2497 2279 2481 2262 2498 2280 2498 2280 2481 2262 2482 2263 2498 2280 2482 2263 2499 2281 2499 2281 2482 2263 2483 2264 2499 2281 2483 2264 2500 2282 2500 2282 2483 2264 2484 2265 2500 2282 2484 2265 2501 2283 2501 2283 2484 2265 2485 2266 2501 2283 2485 2266 2502 2284 2502 2284 2485 2266 2486 2267 2502 2284 2486 2267 2503 2285 2503 2285 2486 2267 2487 2268 2503 2285 2487 2268 2504 2286 2504 2286 2487 2268 2488 2269 2504 2286 2488 2269 2505 2287 2505 2287 2488 2269 2489 2270 2505 2287 2489 2270 2506 2288 2506 2288 2489 2270 2137 1901 2506 2288 2137 1901 2136 1900 2354 2289 2356 2271 2490 2272 2354 2289 2490 2272 2507 2290 2507 2290 2490 2272 2491 2273 2509 2291 2491 2273 2492 2274 2509 2291 2492 2274 2510 2292 2510 2292 2492 2274 2493 2275 2510 2292 2493 2275 2511 2293 2511 2293 2493 2275 2494 2276 2511 2293 2494 2276 2512 2294 2512 2294 2494 2276 2495 2277 2512 2294 2495 2277 2513 2295 2513 2295 2495 2277 2496 2278 2513 2295 2496 2278 2514 2296 2514 2296 2496 2278 2497 2279 2514 2296 2497 2279 2515 2297 2515 2297 2497 2279 2498 2280 2515 2297 2498 2280 2516 2298 2516 2298 2498 2280 2499 2281 2516 2298 2499 2281 2517 2299 2517 2299 2499 2281 2500 2282 2517 2299 2500 2282 2518 2300 2518 2300 2500 2282 2501 2283 2518 2300 2501 2283 2519 2301 2519 2301 2501 2283 2502 2284 2519 2301 2502 2284 2520 2302 2520 2302 2502 2284 2503 2285 2520 2302 2503 2285 2521 2303 2521 2303 2503 2285 2504 2286 2521 2303 2504 2286 2522 2304 2522 2304 2504 2286 2505 2287 2522 2304 2505 2287 2523 2305 2523 2305 2505 2287 2506 2288 2523 2305 2506 2288 2524 2306 2524 2306 2506 2288 2136 1900 2524 2306 2136 1900 2135 1899 1258 2307 2508 2308 1264 2309 1265 2310 2509 2291 1246 2311 1246 2311 2509 2291 2510 2292 1246 2311 2510 2292 1248 2312 1248 2312 2510 2292 2511 2293 1248 2312 2511 2293 1250 2313 1250 2313 2511 2293 2512 2294 1250 2313 2512 2294 1267 2314 1267 2314 2512 2294 2513 2295 1267 2314 2513 2295 1260 2315 1260 2315 2513 2295 2514 2296 1260 2315 2514 2296 1262 2316 1262 2316 2514 2296 2515 2297 1262 2316 2515 2297 1207 2317 1208 2318 2516 2298 1210 2319 1210 2319 2516 2298 2517 2299 1210 2319 2517 2299 1252 2320 1252 2320 2517 2299 2518 2300 1252 2320 2518 2300 1254 2321 1254 2321 2518 2300 2519 2301 1254 2321 2519 2301 1256 2322 1256 2322 2519 2301 2520 2302 1256 2322 2520 2302 1269 2323 1269 2323 2520 2302 2521 2303 1269 2323 2521 2303 1271 2324 1271 2324 2521 2303 2522 2304 1271 2324 2522 2304 1273 2325 1273 2325 2522 2304 2523 2305 1273 2325 2523 2305 1275 2326 1275 2326 2523 2305 2524 2306 1275 2326 2524 2306 1277 2327 1277 2327 2524 2306 2135 1899 1277 2327 2135 1899 1214 1898 2145 1909 2526 2328 2527 2329 2145 1909 2527 2329 2182 1910 2182 1910 2527 2329 2528 2330 2182 1910 2528 2330 2184 1912 2184 1912 2528 2330 2529 2331 2184 1912 2529 2331 2186 1914 2186 1914 2529 2331 2530 2332 2186 1914 2530 2332 2188 1916 2188 1916 2530 2332 2531 2333 2188 1916 2531 2333 2190 1918 2190 1918 2531 2333 2532 2334 2190 1918 2532 2334 2192 1920 2192 1920 2532 2334 2533 2335 2192 1920 2533 2335 2194 1922 2194 1922 2533 2335 2534 2336 2194 1922 2534 2336 2196 1924 2196 1924 2534 2336 2535 2337 2196 1924 2535 2337 2198 1926 2198 1926 2535 2337 1041 2338 2198 1926 1041 2338 1037 1928 1212 2339 1216 2340 2536 2341 1212 2339 2536 2341 2353 2342 2353 2342 2536 2341 2537 2343 2353 2342 2537 2343 2355 2118 2355 2118 2537 2343 2538 2344 2355 2118 2538 2344 2357 2119 2357 2119 2538 2344 2539 2345 2357 2119 2539 2345 2359 2121 2359 2121 2539 2345 2540 2346 2359 2121 2540 2346 2361 2123 2361 2123 2540 2346 2541 2347 2361 2123 2541 2347 2363 2125 2363 2125 2541 2347 2542 2348 2363 2125 2542 2348 2365 2127 2365 2127 2542 2348 2543 2349 2365 2127 2543 2349 2367 2129 2367 2129 2543 2349 2544 2350 2367 2129 2544 2350 2369 2131 2369 2131 2544 2350 2525 2351 2369 2131 2525 2351 2144 2133 2581 2352 2583 2353 2584 2354 2583 2353 2585 2355 2586 2356 2585 2355 2587 2357 2588 2358 2587 2357 2589 2359 2590 2360 2589 2359 2591 2361 2592 2362 2591 2361 2593 2363 2594 2364 2595 2365 2599 2366 2600 2367 2599 2366 2601 2368 2602 2369 2601 2368 1039 2370 1043 2371 2601 2368 1043 2371 2602 2369 2602 2369 1043 2371 1189 2372 2602 2369 1189 2372 2603 2373 2603 2373 1189 2372 1187 2374 2603 2373 1187 2374 2604 2375 2604 2375 1187 2374 1177 2376 2604 2375 1177 2376 2605 2377 2605 2377 1177 2376 1175 2378 2605 2377 1175 2378 2606 2379 2606 2379 1175 2378 1173 2380 2606 2379 1173 2380 2607 2381 2607 2381 1173 2380 1066 2382 2607 2381 1066 2382 2608 2383 2608 2383 1066 2382 1064 2384 2608 2383 1064 2384 2609 2385 2609 2385 1064 2384 1135 2386 2609 2385 1135 2386 2610 2387 2610 2387 1135 2386 1133 2388 2610 2387 1133 2388 2611 2389 2611 2389 1133 2388 1131 2390 2611 2389 1131 2390 2612 2391 2612 2391 1131 2390 1129 2392 2612 2391 1129 2392 2613 2393 2613 2393 1129 2392 1100 2394 2613 2393 1100 2394 2614 2395 2614 2395 1100 2394 1171 2396 2614 2395 1171 2396 2615 2397 2615 2397 1171 2396 1169 2398 2615 2397 1169 2398 2616 2399 2616 2399 1169 2398 1167 2400 2616 2399 1167 2400 2617 2401 2617 2401 1167 2400 1098 2402 2617 2401 1098 2402 2618 2403 2618 2403 1098 2402 1096 2404 2618 2403 1096 2404 2619 2405 2619 2405 1096 2404 1041 2338 2619 2405 1041 2338 2535 2337 2599 2366 2602 2369 2600 2367 2600 2367 2602 2369 2603 2373 2600 2367 2603 2373 2620 2406 2620 2406 2603 2373 2604 2375 2620 2406 2604 2375 2621 2407 2621 2407 2604 2375 2605 2377 2621 2407 2605 2377 2622 2408 2622 2408 2605 2377 2606 2379 2622 2408 2606 2379 2623 2409 2623 2409 2606 2379 2607 2381 2623 2409 2607 2381 2624 2410 2624 2410 2607 2381 2608 2383 2624 2410 2608 2383 2625 2411 2625 2411 2608 2383 2609 2385 2625 2411 2609 2385 2626 2412 2626 2412 2609 2385 2610 2387 2626 2412 2610 2387 2627 2413 2627 2413 2610 2387 2611 2389 2627 2413 2611 2389 2628 2414 2628 2414 2611 2389 2612 2391 2628 2414 2612 2391 2629 2415 2629 2415 2612 2391 2613 2393 2629 2415 2613 2393 2630 2416 2630 2416 2613 2393 2614 2395 2630 2416 2614 2395 2631 2417 2631 2417 2614 2395 2615 2397 2631 2417 2615 2397 2632 2418 2632 2418 2615 2397 2616 2399 2632 2418 2616 2399 2633 2419 2633 2419 2616 2399 2617 2401 2633 2419 2617 2401 2634 2420 2634 2420 2617 2401 2618 2403 2634 2420 2618 2403 2635 2421 2635 2421 2618 2403 2619 2405 2635 2421 2619 2405 2636 2422 2636 2422 2619 2405 2535 2337 2636 2422 2535 2337 2534 2336 2595 2365 2600 2367 2597 2423 2597 2423 2600 2367 2620 2406 2637 2424 2620 2406 2621 2407 2637 2424 2621 2407 2638 2425 2638 2425 2621 2407 2622 2408 2638 2425 2622 2408 2639 2426 2639 2426 2622 2408 2623 2409 2639 2426 2623 2409 2640 2427 2640 2427 2623 2409 2624 2410 2640 2427 2624 2410 2641 2428 2641 2428 2624 2410 2625 2411 2641 2428 2625 2411 2642 2429 2642 2429 2625 2411 2626 2412 2642 2429 2626 2412 2643 2430 2643 2430 2626 2412 2627 2413 2643 2430 2627 2413 2644 2431 2644 2431 2627 2413 2628 2414 2644 2431 2628 2414 2645 2432 2645 2432 2628 2414 2629 2415 2645 2432 2629 2415 2646 2433 2646 2433 2629 2415 2630 2416 2646 2433 2630 2416 2647 2434 2647 2434 2630 2416 2631 2417 2647 2434 2631 2417 2648 2435 2648 2435 2631 2417 2632 2418 2648 2435 2632 2418 2649 2436 2649 2436 2632 2418 2633 2419 2649 2436 2633 2419 2650 2437 2650 2437 2633 2419 2634 2420 2650 2437 2634 2420 2651 2438 2651 2438 2634 2420 2635 2421 2651 2438 2635 2421 2652 2439 2652 2439 2635 2421 2636 2422 2652 2439 2636 2422 2653 2440 2653 2440 2636 2422 2534 2336 2653 2440 2534 2336 2533 2335 2593 2363 2598 2441 2594 2364 2594 2364 2598 2441 2637 2424 2594 2364 2637 2424 2654 2442 2654 2442 2637 2424 2638 2425 2654 2442 2638 2425 2655 2443 2655 2443 2638 2425 2639 2426 2655 2443 2639 2426 2656 2444 2656 2444 2639 2426 2640 2427 2656 2444 2640 2427 2657 2445 2657 2445 2640 2427 2641 2428 2657 2445 2641 2428 2658 2446 2658 2446 2641 2428 2642 2429 2658 2446 2642 2429 2659 2447 2659 2447 2642 2429 2643 2430 2659 2447 2643 2430 2660 2448 2660 2448 2643 2430 2644 2431 2660 2448 2644 2431 2661 2449 2661 2449 2644 2431 2645 2432 2661 2449 2645 2432 2662 2450 2662 2450 2645 2432 2646 2433 2662 2450 2646 2433 2663 2451 2663 2451 2646 2433 2647 2434 2663 2451 2647 2434 2664 2452 2664 2452 2647 2434 2648 2435 2664 2452 2648 2435 2665 2453 2665 2453 2648 2435 2649 2436 2665 2453 2649 2436 2666 2454 2666 2454 2649 2436 2650 2437 2666 2454 2650 2437 2667 2455 2667 2455 2650 2437 2651 2438 2667 2455 2651 2438 2668 2456 2668 2456 2651 2438 2652 2439 2668 2456 2652 2439 2669 2457 2669 2457 2652 2439 2653 2440 2669 2457 2653 2440 2670 2458 2670 2458 2653 2440 2533 2335 2670 2458 2533 2335 2532 2334 2591 2361 2594 2364 2592 2362 2592 2362 2594 2364 2654 2442 2671 2459 2654 2442 2655 2443 2671 2459 2655 2443 2672 2460 2672 2460 2655 2443 2656 2444 2672 2460 2656 2444 2673 2461 2673 2461 2656 2444 2657 2445 2673 2461 2657 2445 2674 2462 2674 2462 2657 2445 2658 2446 2674 2462 2658 2446 2675 2463 2675 2463 2658 2446 2659 2447 2675 2463 2659 2447 2676 2464 2676 2464 2659 2447 2660 2448 2676 2464 2660 2448 2677 2465 2677 2465 2660 2448 2661 2449 2677 2465 2661 2449 2678 2466 2678 2466 2661 2449 2662 2450 2678 2466 2662 2450 2679 2467 2679 2467 2662 2450 2663 2451 2679 2467 2663 2451 2680 2468 2680 2468 2663 2451 2664 2452 2680 2468 2664 2452 2681 2469 2681 2469 2664 2452 2665 2453 2681 2469 2665 2453 2682 2470 2682 2470 2665 2453 2666 2454 2682 2470 2666 2454 2683 2471 2683 2471 2666 2454 2667 2455 2683 2471 2667 2455 2684 2472 2684 2472 2667 2455 2668 2456 2684 2472 2668 2456 2685 2473 2685 2473 2668 2456 2669 2457 2685 2473 2669 2457 2686 2474 2686 2474 2669 2457 2670 2458 2686 2474 2670 2458 2687 2475 2687 2475 2670 2458 2532 2334 2687 2475 2532 2334 2531 2333 2589 2359 2592 2362 2590 2360 2590 2360 2592 2362 2671 2459 2590 2360 2671 2459 2688 2476 2688 2476 2671 2459 2672 2460 2688 2476 2672 2460 2689 2477 2689 2477 2672 2460 2673 2461 2689 2477 2673 2461 2690 2478 2690 2478 2673 2461 2674 2462 2690 2478 2674 2462 2691 2479 2691 2479 2674 2462 2675 2463 2691 2479 2675 2463 2692 2480 2692 2480 2675 2463 2676 2464 2692 2480 2676 2464 2693 2481 2693 2481 2676 2464 2677 2465 2693 2481 2677 2465 2694 2482 2694 2482 2677 2465 2678 2466 2694 2482 2678 2466 2695 2483 2695 2483 2678 2466 2679 2467 2695 2483 2679 2467 2696 2484 2696 2484 2679 2467 2680 2468 2696 2484 2680 2468 2697 2485 2697 2485 2680 2468 2681 2469 2697 2485 2681 2469 2698 2486 2698 2486 2681 2469 2682 2470 2698 2486 2682 2470 2699 2487 2699 2487 2682 2470 2683 2471 2699 2487 2683 2471 2700 2488 2700 2488 2683 2471 2684 2472 2700 2488 2684 2472 2701 2489 2701 2489 2684 2472 2685 2473 2701 2489 2685 2473 2702 2490 2702 2490 2685 2473 2686 2474 2702 2490 2686 2474 2703 2491 2703 2491 2686 2474 2687 2475 2703 2491 2687 2475 2704 2492 2704 2492 2687 2475 2531 2333 2704 2492 2531 2333 2530 2332 2587 2357 2590 2360 2588 2358 2588 2358 2590 2360 2688 2476 2588 2358 2688 2476 2705 2493 2705 2493 2688 2476 2689 2477 2705 2493 2689 2477 2706 2494 2706 2494 2689 2477 2690 2478 2706 2494 2690 2478 2707 2495 2707 2495 2690 2478 2691 2479 2707 2495 2691 2479 2708 2496 2708 2496 2691 2479 2692 2480 2708 2496 2692 2480 2709 2497 2709 2497 2692 2480 2693 2481 2709 2497 2693 2481 2710 2498 2710 2498 2693 2481 2694 2482 2710 2498 2694 2482 2711 2499 2711 2499 2694 2482 2695 2483 2711 2499 2695 2483 2712 2500 2712 2500 2695 2483 2696 2484 2712 2500 2696 2484 2713 2501 2713 2501 2696 2484 2697 2485 2713 2501 2697 2485 2714 2502 2714 2502 2697 2485 2698 2486 2714 2502 2698 2486 2715 2503 2715 2503 2698 2486 2699 2487 2715 2503 2699 2487 2716 2504 2716 2504 2699 2487 2700 2488 2716 2504 2700 2488 2717 2505 2717 2505 2700 2488 2701 2489 2717 2505 2701 2489 2718 2506 2718 2506 2701 2489 2702 2490 2718 2506 2702 2490 2719 2507 2719 2507 2702 2490 2703 2491 2719 2507 2703 2491 2720 2508 2720 2508 2703 2491 2704 2492 2720 2508 2704 2492 2721 2509 2721 2509 2704 2492 2530 2332 2721 2509 2530 2332 2529 2331 2585 2355 2588 2358 2586 2356 2586 2356 2588 2358 2705 2493 2586 2356 2705 2493 2722 2510 2722 2510 2705 2493 2706 2494 2722 2510 2706 2494 2723 2511 2723 2511 2706 2494 2707 2495 2723 2511 2707 2495 2724 2512 2724 2512 2707 2495 2708 2496 2724 2512 2708 2496 2725 2513 2725 2513 2708 2496 2709 2497 2725 2513 2709 2497 2726 2514 2726 2514 2709 2497 2710 2498 2726 2514 2710 2498 2727 2515 2727 2515 2710 2498 2711 2499 2727 2515 2711 2499 2728 2516 2728 2516 2711 2499 2712 2500 2728 2516 2712 2500 2729 2517 2729 2517 2712 2500 2713 2501 2729 2517 2713 2501 2730 2518 2730 2518 2713 2501 2714 2502 2730 2518 2714 2502 2731 2519 2731 2519 2714 2502 2715 2503 2731 2519 2715 2503 2732 2520 2732 2520 2715 2503 2716 2504 2732 2520 2716 2504 2733 2521 2733 2521 2716 2504 2717 2505 2733 2521 2717 2505 2734 2522 2734 2522 2717 2505 2718 2506 2734 2522 2718 2506 2735 2523 2735 2523 2718 2506 2719 2507 2735 2523 2719 2507 2736 2524 2736 2524 2719 2507 2720 2508 2736 2524 2720 2508 2737 2525 2737 2525 2720 2508 2721 2509 2737 2525 2721 2509 2738 2526 2738 2526 2721 2509 2529 2331 2738 2526 2529 2331 2528 2330 2583 2353 2586 2356 2584 2354 2584 2354 2586 2356 2722 2510 2584 2354 2722 2510 2739 2527 2739 2527 2722 2510 2723 2511 2739 2527 2723 2511 2740 2528 2740 2528 2723 2511 2724 2512 2740 2528 2724 2512 2741 2529 2741 2529 2724 2512 2725 2513 2741 2529 2725 2513 2742 2530 2742 2530 2725 2513 2726 2514 2742 2530 2726 2514 2743 2531 2743 2531 2726 2514 2727 2515 2743 2531 2727 2515 2744 2532 2744 2532 2727 2515 2728 2516 2744 2532 2728 2516 2745 2533 2745 2533 2728 2516 2729 2517 2745 2533 2729 2517 2746 2534 2746 2534 2729 2517 2730 2518 2746 2534 2730 2518 2747 2535 2747 2535 2730 2518 2731 2519 2747 2535 2731 2519 2748 2536 2748 2536 2731 2519 2732 2520 2748 2536 2732 2520 2749 2537 2749 2537 2732 2520 2733 2521 2749 2537 2733 2521 2750 2538 2750 2538 2733 2521 2734 2522 2750 2538 2734 2522 2751 2539 2751 2539 2734 2522 2735 2523 2751 2539 2735 2523 2752 2540 2752 2540 2735 2523 2736 2524 2752 2540 2736 2524 2753 2541 2753 2541 2736 2524 2737 2525 2753 2541 2737 2525 2754 2542 2754 2542 2737 2525 2738 2526 2754 2542 2738 2526 2755 2543 2755 2543 2738 2526 2528 2330 2755 2543 2528 2330 2527 2329 2581 2352 2584 2354 2579 2544 2579 2544 2584 2354 2739 2527 2579 2544 2739 2527 2577 2545 2577 2545 2739 2527 2740 2528 2577 2545 2740 2528 2575 2546 2575 2546 2740 2528 2741 2529 2575 2546 2741 2529 2573 2547 2573 2547 2741 2529 2742 2530 2573 2547 2742 2530 2571 2548 2571 2548 2742 2530 2743 2531 2571 2548 2743 2531 2569 2549 2569 2549 2743 2531 2744 2532 2569 2549 2744 2532 2567 2550 2567 2550 2744 2532 2745 2533 2567 2550 2745 2533 2565 2551 2565 2551 2745 2533 2746 2534 2565 2551 2746 2534 2563 2552 2563 2552 2746 2534 2747 2535 2563 2552 2747 2535 2561 2553 2561 2553 2747 2535 2748 2536 2561 2553 2748 2536 2559 2554 2559 2554 2748 2536 2749 2537 2559 2554 2749 2537 2557 2555 2557 2555 2749 2537 2750 2538 2557 2555 2750 2538 2555 2556 2555 2556 2750 2538 2751 2539 2555 2556 2751 2539 2553 2557 2553 2557 2751 2539 2752 2540 2553 2557 2752 2540 2551 2558 2551 2558 2752 2540 2753 2541 2551 2558 2753 2541 2549 2559 2549 2559 2753 2541 2754 2542 2549 2559 2754 2542 2547 2560 2547 2560 2754 2542 2755 2543 2547 2560 2755 2543 2545 2561 2545 2561 2755 2543 2527 2329 2545 2561 2527 2329 2526 2328 953 2562 2756 2563 2757 2564 2756 2563 2758 2565 2759 2566 2758 2565 2760 2567 2761 2568 2760 2567 2762 2569 2763 2570 2762 2569 2764 2571 2765 2572 2764 2571 2766 2573 2767 2574 2766 2573 2768 2575 2769 2576 2768 2575 2770 2577 2771 2578 2770 2577 2772 2579 2773 2580 2772 2579 2582 2581 2580 2582 2772 2579 2580 2582 2773 2580 2773 2580 2580 2582 2578 2583 2773 2580 2578 2583 2774 2584 2774 2584 2578 2583 2576 2585 2774 2584 2576 2585 2775 2586 2775 2586 2576 2585 2574 2587 2775 2586 2574 2587 2776 2588 2776 2588 2574 2587 2572 2589 2776 2588 2572 2589 2777 2590 2777 2590 2572 2589 2570 2591 2777 2590 2570 2591 2778 2592 2778 2592 2570 2591 2568 2593 2778 2592 2568 2593 2779 2594 2779 2594 2568 2593 2566 2595 2779 2594 2566 2595 2780 2596 2780 2596 2566 2595 2564 2597 2780 2596 2564 2597 2781 2598 2781 2598 2564 2597 2562 2599 2781 2598 2562 2599 2782 2600 2782 2600 2562 2599 2560 2601 2782 2600 2560 2601 2783 2602 2783 2602 2560 2601 2558 2603 2783 2602 2558 2603 2784 2604 2784 2604 2558 2603 2556 2605 2784 2604 2556 2605 2785 2606 2785 2606 2556 2605 2554 2607 2785 2606 2554 2607 2786 2608 2786 2608 2554 2607 2552 2609 2786 2608 2552 2609 2787 2610 2787 2610 2552 2609 2550 2611 2787 2610 2550 2611 2788 2612 2788 2612 2550 2611 2548 2613 2788 2612 2548 2613 2789 2614 2789 2614 2548 2613 2546 2615 2789 2614 2546 2615 2790 2616 2790 2616 2546 2615 2525 2351 2790 2616 2525 2351 2544 2350 2770 2577 2773 2580 2771 2578 2771 2578 2773 2580 2774 2584 2771 2578 2774 2584 2791 2617 2791 2617 2774 2584 2775 2586 2791 2617 2775 2586 2792 2618 2792 2618 2775 2586 2776 2588 2792 2618 2776 2588 2793 2619 2793 2619 2776 2588 2777 2590 2793 2619 2777 2590 2794 2620 2794 2620 2777 2590 2778 2592 2794 2620 2778 2592 2795 2621 2795 2621 2778 2592 2779 2594 2795 2621 2779 2594 2796 2622 2796 2622 2779 2594 2780 2596 2796 2622 2780 2596 2797 2623 2797 2623 2780 2596 2781 2598 2797 2623 2781 2598 2798 2624 2798 2624 2781 2598 2782 2600 2798 2624 2782 2600 2799 2625 2799 2625 2782 2600 2783 2602 2799 2625 2783 2602 2800 2626 2800 2626 2783 2602 2784 2604 2800 2626 2784 2604 2801 2627 2801 2627 2784 2604 2785 2606 2801 2627 2785 2606 2802 2628 2802 2628 2785 2606 2786 2608 2802 2628 2786 2608 2803 2629 2803 2629 2786 2608 2787 2610 2803 2629 2787 2610 2804 2630 2804 2630 2787 2610 2788 2612 2804 2630 2788 2612 2805 2631 2805 2631 2788 2612 2789 2614 2805 2631 2789 2614 2806 2632 2806 2632 2789 2614 2790 2616 2806 2632 2790 2616 2807 2633 2807 2633 2790 2616 2544 2350 2807 2633 2544 2350 2543 2349 2768 2575 2771 2578 2769 2576 2769 2576 2771 2578 2791 2617 2769 2576 2791 2617 2808 2634 2808 2634 2791 2617 2792 2618 2808 2634 2792 2618 2809 2635 2809 2635 2792 2618 2793 2619 2809 2635 2793 2619 2810 2636 2810 2636 2793 2619 2794 2620 2810 2636 2794 2620 2811 2637 2811 2637 2794 2620 2795 2621 2811 2637 2795 2621 2812 2638 2812 2638 2795 2621 2796 2622 2812 2638 2796 2622 2813 2639 2813 2639 2796 2622 2797 2623 2813 2639 2797 2623 2814 2640 2814 2640 2797 2623 2798 2624 2814 2640 2798 2624 2815 2641 2815 2641 2798 2624 2799 2625 2815 2641 2799 2625 2816 2642 2816 2642 2799 2625 2800 2626 2816 2642 2800 2626 2817 2643 2817 2643 2800 2626 2801 2627 2817 2643 2801 2627 2818 2644 2818 2644 2801 2627 2802 2628 2818 2644 2802 2628 2819 2645 2819 2645 2802 2628 2803 2629 2819 2645 2803 2629 2820 2646 2820 2646 2803 2629 2804 2630 2820 2646 2804 2630 2821 2647 2821 2647 2804 2630 2805 2631 2821 2647 2805 2631 2822 2648 2822 2648 2805 2631 2806 2632 2822 2648 2806 2632 2823 2649 2823 2649 2806 2632 2807 2633 2823 2649 2807 2633 2824 2650 2824 2650 2807 2633 2543 2349 2824 2650 2543 2349 2542 2348 2766 2573 2769 2576 2767 2574 2767 2574 2769 2576 2808 2634 2767 2574 2808 2634 2825 2651 2825 2651 2808 2634 2809 2635 2825 2651 2809 2635 2826 2652 2826 2652 2809 2635 2810 2636 2826 2652 2810 2636 2827 2653 2827 2653 2810 2636 2811 2637 2827 2653 2811 2637 2828 2654 2828 2654 2811 2637 2812 2638 2828 2654 2812 2638 2829 2655 2829 2655 2812 2638 2813 2639 2829 2655 2813 2639 2830 2656 2830 2656 2813 2639 2814 2640 2830 2656 2814 2640 2831 2657 2831 2657 2814 2640 2815 2641 2831 2657 2815 2641 2832 2658 2832 2658 2815 2641 2816 2642 2832 2658 2816 2642 2833 2659 2833 2659 2816 2642 2817 2643 2833 2659 2817 2643 2834 2660 2834 2660 2817 2643 2818 2644 2834 2660 2818 2644 2835 2661 2835 2661 2818 2644 2819 2645 2835 2661 2819 2645 2836 2662 2836 2662 2819 2645 2820 2646 2836 2662 2820 2646 2837 2663 2837 2663 2820 2646 2821 2647 2837 2663 2821 2647 2838 2664 2838 2664 2821 2647 2822 2648 2838 2664 2822 2648 2839 2665 2839 2665 2822 2648 2823 2649 2839 2665 2823 2649 2840 2666 2840 2666 2823 2649 2824 2650 2840 2666 2824 2650 2841 2667 2841 2667 2824 2650 2542 2348 2841 2667 2542 2348 2541 2347 2764 2571 2767 2574 2765 2572 2765 2572 2767 2574 2825 2651 2765 2572 2825 2651 2842 2668 2842 2668 2825 2651 2826 2652 2842 2668 2826 2652 2843 2669 2843 2669 2826 2652 2827 2653 2843 2669 2827 2653 2844 2670 2844 2670 2827 2653 2828 2654 2844 2670 2828 2654 2845 2671 2845 2671 2828 2654 2829 2655 2845 2671 2829 2655 2846 2672 2846 2672 2829 2655 2830 2656 2846 2672 2830 2656 2847 2673 2847 2673 2830 2656 2831 2657 2847 2673 2831 2657 2848 2674 2848 2674 2831 2657 2832 2658 2848 2674 2832 2658 2849 2675 2849 2675 2832 2658 2833 2659 2849 2675 2833 2659 2850 2676 2850 2676 2833 2659 2834 2660 2850 2676 2834 2660 2851 2677 2851 2677 2834 2660 2835 2661 2851 2677 2835 2661 2852 2678 2852 2678 2835 2661 2836 2662 2852 2678 2836 2662 2853 2679 2853 2679 2836 2662 2837 2663 2853 2679 2837 2663 2854 2680 2854 2680 2837 2663 2838 2664 2854 2680 2838 2664 2855 2681 2855 2681 2838 2664 2839 2665 2855 2681 2839 2665 2856 2682 2856 2682 2839 2665 2840 2666 2856 2682 2840 2666 2857 2683 2857 2683 2840 2666 2841 2667 2857 2683 2841 2667 2858 2684 2858 2684 2841 2667 2541 2347 2858 2684 2541 2347 2540 2346 2762 2569 2765 2572 2763 2570 2763 2570 2765 2572 2842 2668 2763 2570 2842 2668 2859 2685 2859 2685 2842 2668 2843 2669 2859 2685 2843 2669 2860 2686 2860 2686 2843 2669 2844 2670 2860 2686 2844 2670 2861 2687 2861 2687 2844 2670 2845 2671 2861 2687 2845 2671 2862 2688 2862 2688 2845 2671 2846 2672 2862 2688 2846 2672 2863 2689 2863 2689 2846 2672 2847 2673 2863 2689 2847 2673 2864 2690 2864 2690 2847 2673 2848 2674 2864 2690 2848 2674 2865 2691 2865 2691 2848 2674 2849 2675 2865 2691 2849 2675 2866 2692 2866 2692 2849 2675 2850 2676 2866 2692 2850 2676 2867 2693 2867 2693 2850 2676 2851 2677 2867 2693 2851 2677 2868 2694 2868 2694 2851 2677 2852 2678 2868 2694 2852 2678 2869 2695 2869 2695 2852 2678 2853 2679 2869 2695 2853 2679 2870 2696 2870 2696 2853 2679 2854 2680 2870 2696 2854 2680 2871 2697 2871 2697 2854 2680 2855 2681 2871 2697 2855 2681 2872 2698 2872 2698 2855 2681 2856 2682 2872 2698 2856 2682 2873 2699 2873 2699 2856 2682 2857 2683 2873 2699 2857 2683 2874 2700 2874 2700 2857 2683 2858 2684 2874 2700 2858 2684 2875 2701 2875 2701 2858 2684 2540 2346 2875 2701 2540 2346 2539 2345 2760 2567 2763 2570 2761 2568 2761 2568 2763 2570 2859 2685 2761 2568 2859 2685 2876 2702 2876 2702 2859 2685 2860 2686 2876 2702 2860 2686 2877 2703 2877 2703 2860 2686 2861 2687 2877 2703 2861 2687 2878 2704 2878 2704 2861 2687 2862 2688 2878 2704 2862 2688 2879 2705 2879 2705 2862 2688 2863 2689 2879 2705 2863 2689 2880 2706 2880 2706 2863 2689 2864 2690 2880 2706 2864 2690 2881 2707 2881 2707 2864 2690 2865 2691 2881 2707 2865 2691 2882 2708 2882 2708 2865 2691 2866 2692 2882 2708 2866 2692 2883 2709 2883 2709 2866 2692 2867 2693 2883 2709 2867 2693 2884 2710 2884 2710 2867 2693 2868 2694 2884 2710 2868 2694 2885 2711 2885 2711 2868 2694 2869 2695 2885 2711 2869 2695 2886 2712 2886 2712 2869 2695 2870 2696 2886 2712 2870 2696 2887 2713 2887 2713 2870 2696 2871 2697 2887 2713 2871 2697 2888 2714 2888 2714 2871 2697 2872 2698 2888 2714 2872 2698 2889 2715 2889 2715 2872 2698 2873 2699 2889 2715 2873 2699 2890 2716 2890 2716 2873 2699 2874 2700 2890 2716 2874 2700 2891 2717 2891 2717 2874 2700 2875 2701 2891 2717 2875 2701 2892 2718 2892 2718 2875 2701 2539 2345 2892 2718 2539 2345 2538 2344 2758 2565 2761 2568 2759 2566 2759 2566 2761 2568 2876 2702 2759 2566 2876 2702 2893 2719 2893 2719 2876 2702 2877 2703 2893 2719 2877 2703 2894 2720 2894 2720 2877 2703 2878 2704 2894 2720 2878 2704 2895 2721 2895 2721 2878 2704 2879 2705 2895 2721 2879 2705 2896 2722 2896 2722 2879 2705 2880 2706 2896 2722 2880 2706 2897 2723 2897 2723 2880 2706 2881 2707 2897 2723 2881 2707 2898 2724 2898 2724 2881 2707 2882 2708 2898 2724 2882 2708 2899 2725 2899 2725 2882 2708 2883 2709 2899 2725 2883 2709 2900 2726 2900 2726 2883 2709 2884 2710 2900 2726 2884 2710 2901 2727 2901 2727 2884 2710 2885 2711 2901 2727 2885 2711 2902 2728 2902 2728 2885 2711 2886 2712 2902 2728 2886 2712 2903 2729 2903 2729 2886 2712 2887 2713 2903 2729 2887 2713 2904 2730 2904 2730 2887 2713 2888 2714 2904 2730 2888 2714 2905 2731 2905 2731 2888 2714 2889 2715 2905 2731 2889 2715 2906 2732 2906 2732 2889 2715 2890 2716 2906 2732 2890 2716 2907 2733 2907 2733 2890 2716 2891 2717 2907 2733 2891 2717 2908 2734 2908 2734 2891 2717 2892 2718 2908 2734 2892 2718 2909 2735 2909 2735 2892 2718 2538 2344 2909 2735 2538 2344 2537 2343 2756 2563 2759 2566 2757 2564 2757 2564 2759 2566 2893 2719 2757 2564 2893 2719 2910 2736 2910 2736 2893 2719 2894 2720 2910 2736 2894 2720 2911 2737 2911 2737 2894 2720 2895 2721 2911 2737 2895 2721 2912 2738 2912 2738 2895 2721 2896 2722 2912 2738 2896 2722 2913 2739 2913 2739 2896 2722 2897 2723 2913 2739 2897 2723 2914 2740 2914 2740 2897 2723 2898 2724 2914 2740 2898 2724 2915 2741 2915 2741 2898 2724 2899 2725 2915 2741 2899 2725 2916 2742 2916 2742 2899 2725 2900 2726 2916 2742 2900 2726 2917 2743 2917 2743 2900 2726 2901 2727 2917 2743 2901 2727 2918 2744 2918 2744 2901 2727 2902 2728 2918 2744 2902 2728 2919 2745 2919 2745 2902 2728 2903 2729 2919 2745 2903 2729 2920 2746 2920 2746 2903 2729 2904 2730 2920 2746 2904 2730 2921 2747 2921 2747 2904 2730 2905 2731 2921 2747 2905 2731 2922 2748 2922 2748 2905 2731 2906 2732 2922 2748 2906 2732 2923 2749 2923 2749 2906 2732 2907 2733 2923 2749 2907 2733 2924 2750 2924 2750 2907 2733 2908 2734 2924 2750 2908 2734 2925 2751 2925 2751 2908 2734 2909 2735 2925 2751 2909 2735 2926 2752 2926 2752 2909 2735 2537 2343 2926 2752 2537 2343 2536 2341 953 2562 2757 2564 955 2753 955 2753 2757 2564 2910 2736 955 2753 2910 2736 1045 2754 1045 2754 2910 2736 2911 2737 1045 2754 2911 2737 1047 2755 1047 2755 2911 2737 2912 2738 1047 2755 2912 2738 1102 2756 1102 2756 2912 2738 2913 2739 1102 2756 2913 2739 1104 2757 1104 2757 2913 2739 2914 2740 1104 2757 2914 2740 1107 2758 1107 2758 2914 2740 2915 2741 1107 2758 2915 2741 1109 2759 1109 2759 2915 2741 2916 2742 1109 2759 2916 2742 1111 2760 1111 2760 2916 2742 2917 2743 1111 2760 2917 2743 1013 2761 1013 2761 2917 2743 2918 2744 1013 2761 2918 2744 1068 2762 1068 2762 2918 2744 2919 2745 1068 2762 2919 2745 1070 2763 1070 2763 2919 2745 2920 2746 1070 2763 2920 2746 1073 2764 1073 2764 2920 2746 2921 2747 1073 2764 2921 2747 1076 2765 1076 2765 2921 2747 2922 2748 1076 2765 2922 2748 1078 2766 1078 2766 2922 2748 2923 2749 1078 2766 2923 2749 1080 2767 1080 2767 2923 2749 2924 2750 1080 2767 2924 2750 1117 2768 1117 2768 2924 2750 2925 2751 1117 2768 2925 2751 1113 2769 1113 2769 2925 2751 2926 2752 1113 2769 2926 2752 1220 2770 1220 2770 2926 2752 2536 2341 1220 2770 2536 2341 1216 2340 2581 2352 1310 2771 1308 2772 2581 2352 1308 2772 2583 2353 2583 2353 1308 2772 1304 2773 2583 2353 1304 2773 2585 2355 2585 2355 1304 2773 1302 2774 2585 2355 1302 2774 2587 2357 2587 2357 1302 2774 1315 2775 2587 2357 1315 2775 2589 2359 2589 2359 1315 2775 1313 2776 2589 2359 1313 2776 2591 2361 2591 2361 1313 2776 1312 2777 2591 2361 1312 2777 2593 2363 2593 2363 1312 2777 1314 2778 2593 2363 1314 2778 2596 2779 2599 2366 1316 2780 2601 2368 2601 2368 1316 2780 937 2781 2601 2368 937 2781 1039 2370 953 2562 950 2782 1323 2783 953 2562 1323 2783 2756 2563 2756 2563 1323 2783 1317 2784 2756 2563 1317 2784 2758 2565 2758 2565 1317 2784 1319 2785 2758 2565 1319 2785 2760 2567 2760 2567 1319 2785 1321 2786 2760 2567 1321 2786 2762 2569 2762 2569 1321 2786 1320 2787 2762 2569 1320 2787 2764 2571 2764 2571 1320 2787 1318 2788 2764 2571 1318 2788 2766 2573 2766 2573 1318 2788 1322 2789 2766 2573 1322 2789 2768 2575 2768 2575 1322 2789 1306 2790 2768 2575 1306 2790 2770 2577 2770 2577 1306 2790 1305 2791 2770 2577 1305 2791 2772 2579 2772 2579 1305 2791 1311 2792 2772 2579 1311 2792 2582 2581 948 841 951 843 2927 2793 2927 2793 951 843 2928 2794 2927 2793 2928 2794 2929 2795 397 2796 3005 2796 398 2796 346 2797 2951 2797 362 2797 374 2798 2933 2799 375 2799 392 2800 3010 2800 393 2800 359 2801 2974 2801 346 2801 342 2802 2970 2802 349 2802 349 2803 2968 2803 350 2803 386 2804 3016 2804 387 2804 377 2805 2930 2805 378 2805 328 2806 3000 2806 329 2806 357 173 2957 2807 358 174 326 2808 3002 2808 327 2808 336 2809 2987 2809 337 2809 365 2810 2944 2810 366 2810 347 2811 2971 2811 348 2811 367 2812 2991 2812 334 2812 383 2813 3012 2813 391 2813 340 2814 2982 2814 341 2814 396 2815 2958 2815 357 2815 391 2816 3011 2816 392 2816 361 2817 2953 2817 360 2817 334 2818 2990 2818 335 2818 368 2819 2940 2819 369 2819 356 2820 2961 2820 355 2820 384 2821 3018 2821 385 2821 355 2822 2962 2822 354 2822 376 2823 3014 2823 389 2823 338 2824 2959 2824 356 2824 335 2825 2988 2825 336 2825 388 2826 2986 2826 338 2826 369 2827 3017 2827 386 2827 373 2828 2934 2828 374 2828 393 2829 3009 2829 394 2829 389 2830 3013 2830 390 2830 327 2831 3008 2831 395 2831 345 2826 2993 2826 332 2826 344 2832 3019 2832 384 2832 399 2833 2949 2833 363 2833 352 2834 2963 2834 353 2834 2980 2835 3012 2835 2953 2835 354 2836 2939 2836 370 2836 358 174 2935 2837 373 207 370 2838 2937 2838 371 2838 378 2839 3023 2839 380 2839 364 2840 3021 2840 382 2840 382 2841 3020 2841 383 2841 375 2842 2932 2842 376 2842 387 2843 3015 2843 388 2843 353 2844 2975 2844 345 2844 390 2845 2972 2845 347 2845 341 2832 2980 2832 342 2832 339 2846 2983 2846 340 2846 398 2847 3004 2847 399 2847 329 2848 2945 2848 365 2848 379 2849 2955 2849 359 2849 333 2850 2978 2850 343 2850 362 2851 2952 2851 361 2851 343 2852 2976 2852 344 2852 394 2853 3001 2853 328 2853 363 2854 2947 2854 364 2854 360 2855 3006 2855 397 2855 395 2856 3007 2856 396 2856 348 2857 2931 2857 377 2857 372 2858 3003 2858 326 2858 332 2859 3024 2859 379 2859 385 2860 2941 2860 368 2860 337 2861 2984 2861 339 2861 331 2862 2992 2862 333 2862 381 2863 2997 2863 330 2863 366 2864 2943 2864 367 2864 351 2865 2965 2865 352 2865 330 2866 2995 2866 331 2866 371 2867 2936 2867 372 2867 380 2818 3022 2818 381 2818 350 2868 2966 2868 351 2868 3007 159 2937 159 3017 159 397 2869 3006 2869 3005 2869 346 2870 2974 2870 2951 2870 374 2871 2934 2872 2933 2799 392 2873 3011 2873 3010 2873 359 2874 2955 2874 2974 2874 342 2875 2980 2875 2970 2875 349 2876 2970 2876 2968 2876 386 2877 3017 2877 3016 2877 377 2878 2931 2878 2930 2878 328 2879 3001 2879 3000 2879 357 173 2958 2840 2957 2807 326 2880 3003 2880 3002 2880 336 2809 2988 2809 2987 2809 365 2810 2945 2810 2944 2810 347 2811 2972 2811 2971 2811 367 2881 2943 2881 2991 2881 383 2882 3020 2882 3012 2882 340 2883 2983 2883 2982 2883 396 2884 3007 2884 2958 2884 391 2885 3012 2885 3011 2885 361 2886 2952 2886 2953 2886 334 2887 2991 2887 2990 2887 368 2819 2941 2819 2940 2819 356 2888 2959 2888 2961 2888 384 2802 3019 2802 3018 2802 355 2889 2961 2889 2962 2889 376 2890 2932 2890 3014 2890 338 2891 2986 2891 2959 2891 335 2892 2990 2892 2988 2892 388 2826 3015 2826 2986 2826 369 2893 2940 2893 3017 2893 373 2828 2935 2828 2934 2828 393 2829 3010 2829 3009 2829 389 2894 3014 2894 3013 2894 327 2895 3002 2895 3008 2895 345 2896 2975 2896 2993 2896 344 2832 2976 2832 3019 2832 399 2833 3004 2833 2949 2833 352 2877 2965 2877 2963 2877 2974 2897 2955 2897 3024 2897 3024 2898 2993 2898 2975 2898 2975 2899 2963 2899 3024 2899 2963 2900 2965 2900 3024 2900 2965 159 2966 159 2980 159 2966 2901 2968 2901 2980 2901 2968 2902 2970 2902 2980 2902 2980 159 2982 159 2983 159 2983 159 2984 159 2980 159 2984 159 2987 159 2980 159 2987 159 2988 159 2990 159 2990 159 2991 159 2987 159 2991 159 2943 159 2987 159 2943 159 2944 159 2945 159 2945 2903 3000 2903 3001 2903 3001 159 3009 159 3010 159 3010 159 3011 159 3012 159 3012 2904 3020 2904 3021 2904 3021 159 2947 159 2949 159 2949 2905 3004 2905 3005 2905 3005 2906 3006 2906 2953 2906 2953 159 2952 159 3024 159 2952 2907 2951 2907 3024 2907 2951 2908 2974 2908 3024 2908 2943 2909 2945 2909 3001 2909 3001 2910 3010 2910 3012 2910 3012 2911 3021 2911 2953 2911 3021 159 2949 159 2953 159 2949 2912 3005 2912 2953 2912 3024 2913 2965 2913 2980 2913 2980 2914 2987 2914 2943 2914 2943 2915 3001 2915 2980 2915 3001 2916 3012 2916 2980 2916 2953 2917 3024 2917 2980 2917 354 2918 2962 2918 2939 2918 358 174 2957 2807 2935 2837 370 2919 2939 2919 2937 2919 378 2920 2930 2920 3023 2920 364 2840 2947 2840 3021 2840 382 2921 3021 2921 3020 2921 375 2922 2933 2922 2932 2922 387 2923 3016 2923 3015 2923 353 2924 2963 2924 2975 2924 390 2925 3013 2925 2972 2925 341 2832 2982 2832 2980 2832 339 2926 2984 2926 2983 2926 398 2847 3005 2847 3004 2847 329 2927 3000 2927 2945 2927 379 2849 3024 2849 2955 2849 333 2928 2992 2928 2978 2928 362 2929 2951 2929 2952 2929 343 2930 2978 2930 2976 2930 394 2931 3009 2931 3001 2931 363 2854 2949 2854 2947 2854 360 2855 2953 2855 3006 2855 395 2932 3008 2932 3007 2932 348 2857 2971 2857 2931 2857 372 2933 2936 2933 3003 2933 332 2934 2993 2934 3024 2934 385 2935 3018 2935 2941 2935 337 2861 2987 2861 2984 2861 331 2862 2995 2862 2992 2862 381 2936 3022 2936 2997 2936 366 2937 2944 2937 2943 2937 351 2938 2966 2938 2965 2938 330 2939 2997 2939 2995 2939 371 2940 2937 2940 2936 2940 380 2941 3023 2941 3022 2941 350 2942 2968 2942 2966 2942 3003 159 2936 159 3002 159 2936 159 2937 159 3002 159 2937 2943 2939 2943 2962 2943 2962 159 2961 159 2959 159 2959 2944 2986 2944 3015 2944 3015 159 3016 159 3017 159 3017 2945 2940 2945 3019 2945 2940 2946 2941 2946 3019 2946 2941 2947 3018 2947 3019 2947 3019 159 2976 159 2995 159 2976 159 2978 159 2995 159 2978 2948 2992 2948 2995 2948 2995 159 2997 159 3022 159 3022 159 3023 159 2995 159 3023 159 2930 159 2995 159 2930 159 2931 159 3013 159 2931 2949 2971 2949 3013 2949 2971 2950 2972 2950 3013 2950 3013 2951 3014 2951 2934 2952 3014 159 2932 159 2934 2953 2932 159 2933 159 2934 2954 2934 2955 2935 2956 3007 2956 2935 159 2957 2957 3007 159 2957 2958 2958 159 3007 159 3007 159 3008 159 2937 159 3008 2959 3002 2959 2937 2959 2937 2960 2962 2960 2959 2960 2959 2961 3015 2961 2937 2961 3015 159 3017 159 2937 159 3017 159 3019 159 2995 159 2995 2962 2930 2962 3017 2962 2930 2963 3013 2963 3017 2963 3013 159 2934 2964 3017 159 2934 2965 3007 2966 3017 2966</p>
        </triangles>
      </mesh>
    </geometry>
  </library_geometries>
  <library_visual_scenes>
    <visual_scene id="Scene" name="Scene">
      <node id="marron-material" name="marron-material" type="NODE">
        <matrix sid="transform">1 0 0 0 0 1 0 0 0 0 1 0 0 0 0 1</matrix>
        <instance_geometry url="#marron-material-mesh" name="marron-material">
          <bind_material>
            <technique_common>
              <instance_material symbol="marron_001-material" target="#marron_001-material"/>
              <instance_material symbol="_BRANCO_004-material" target="#_BRANCO_004-material"/>
              <instance_material symbol="metal_002-material" target="#metal_002-material"/>
            </technique_common>
          </bind_material>
        </instance_geometry>
      </node>
    </visual_scene>
  </library_visual_scenes>
  <scene>
    <instance_visual_scene url="#Scene"/>
  </scene>
</COLLADA>